----------------
IN: 
0xfffffff0:  
OBJD-T: ea5be000f0

----------------
IN: 
0x000fe05b:  
OBJD-T: 2e66833e2862000f8545f0

----------------
IN: 
0x000fe066:  
OBJD-T: 31d28ed2

----------------
IN: 
0x000fe06a:  
OBJD-T: 66bc00700000

----------------
IN: 
0x000fe070:  
OBJD-T: 66ba9af30e00e9920b

----------------
IN: 
0x000fec0b:  
OBJD-T: fafc6689c166b88f000000e670

----------------
IN: 
0x000fec18:  
OBJD-T: e471

----------------
IN: 
0x000fec1a:  
OBJD-T: e492

----------------
IN: 
0x000fec1c:  
OBJD-T: 0c02e692

----------------
IN: 
0x000fec20:  
OBJD-T: 6689c82e0f011e18622e0f0116d8610f20c1

----------------
IN: 
0x000fec32:  
OBJD-T: 6681e1ffffff1f6683c9010f22c1

----------------
IN: 
0x000fec40:  
OBJD-T: 66ea48ec0f000800

----------------
IN: 
0x000fec48:  
OBJD-T: b9100000008ed9

----------------
IN: 
0x000fec4f:  
OBJD-T: 8ec1

----------------
IN: 
0x000fec51:  
OBJD-T: 8ed1

----------------
IN: 
0x000fec53:  
OBJD-T: 8ee1

----------------
IN: 
0x000fec55:  
OBJD-T: 8ee9ffe2

----------------
IN: 
0x000ef39a:  
OBJD-T: 5383ec20e80fc8ffff

----------------
IN: 
0x000ebbb2:  
OBJD-T: 68904a0f00681ffc0e00e8deffffff

----------------
IN: 
0x000ebb9f:  
OBJD-T: 8d4c24088b542404b8284a0f00e87ff7ffff

----------------
IN: 
0x000eb330:  
OBJD-T: 5557565383ec0c89042489d789cb0fbe1784d20f845a020000

----------------
IN: 
0x000eb349:  
OBJD-T: 80fa250f853b020000

----------------
IN: 
0x000eb58d:  
OBJD-T: 8b0424e806d9ffff

----------------
IN: 
0x000e8e9b:  
OBJD-T: 0fbed2ff20

----------------
IN: 
0x000ea4c5:  
OBJD-T: 88d0668b1594600f006685d27401

----------------
IN: 
0x000ea4d3:  
OBJD-T: ee

----------------
IN: 
0x000ea4d4:  
OBJD-T: c3

----------------
IN: 
0x000eb595:  
OBJD-T: 89feeb02

----------------
IN: 
0x000eb59b:  
OBJD-T: 8d7e01e99bfdffff

----------------
IN: 
0x000eb33e:  
OBJD-T: 0fbe1784d20f845a020000

----------------
IN: 
0x000eb352:  
OBJD-T: 8d7701c64424072031c90fb6068d50d080fa09771b

----------------
IN: 
0x000eb382:  
OBJD-T: 31d23c6c7512

----------------
IN: 
0x000eb39a:  
OBJD-T: 3c64746d

----------------
IN: 
0x000eb39e:  
OBJD-T: 7f47

----------------
IN: 
0x000eb3e7:  
OBJD-T: 3c730f8482010000

----------------
IN: 
0x000eb571:  
OBJD-T: 8d7b048b1b0fbe1384d2741c

----------------
IN: 
0x000eb57d:  
OBJD-T: 8b0424e816d9ffff

----------------
IN: 
0x000eb585:  
OBJD-T: 43ebee

----------------
IN: 
0x000eb576:  
OBJD-T: 0fbe1384d2741c

----------------
IN: 
0x000eb599:  
OBJD-T: 89fb8d7e01e99bfdffff

----------------
IN: 
0x000eb5a3:  
OBJD-T: 83c40c5b5e5f5dc3

----------------
IN: 
0x000ebbb1:  
OBJD-T: c3

----------------
IN: 
0x000ebbc1:  
OBJD-T: 68404a0f006835fc0e00e8cfffffff

----------------
IN: 
0x000ebbd0:  
OBJD-T: 83c410c3

----------------
IN: 
0x000ef3a3:  
OBJD-T: bb000000408d44240c508d44240c508d4c240c8d54240889d8e8349effff

----------------
IN: 
0x000e91f5:  
OBJD-T: 5557565389d789ce8b6c24149c5989ca81f200002000529d

----------------
IN: 
0x000e920d:  
OBJD-T: 9c5a519d

----------------
IN: 
0x000e9211:  
OBJD-T: 31ca0fbae2157211

----------------
IN: 
0x000e922a:  
OBJD-T: 0fa28907891e894d008b44241889105b5e5f5dc3

----------------
IN: 
0x000ef3c1:  
OBJD-T: 8b44240c8944241b8b4424108944241f8b44241489442423c644242700bad341
OBJD-T: 0f008d44241be8429cffff

----------------
IN: 
0x000e902e:  
OBJD-T: 5331c98a1c083a1c0a740c

----------------
IN: 
0x000e9039:  
OBJD-T: 0f9dc00fb6c08d4400ffeb07

----------------
IN: 
0x000e904c:  
OBJD-T: 5bc3

----------------
IN: 
0x000ef3ec:  
OBJD-T: 5a5985c07541

----------------
IN: 
0x000ef433:  
OBJD-T: 81c30001000081fb000001400f8563ffffff

----------------
IN: 
0x000ef3a8:  
OBJD-T: 8d44240c508d44240c508d4c240c8d54240889d8e8349effff

----------------
IN: 
0x000ef445:  
OBJD-T: 833dd84a0f00007507

----------------
IN: 
0x000ef44e:  
OBJD-T: 6839420f00eb1a

----------------
IN: 
0x000ef46f:  
OBJD-T: e82bc7ffff

----------------
IN: 
0x000ef474:  
OBJD-T: 58e8b1e2ffff

----------------
IN: 
0x000ed72b:  
OBJD-T: 53e829b7ffff

----------------
IN: 
0x000e8e5a:  
OBJD-T: a1e0550f00d1e883e001c3

----------------
IN: 
0x000ed731:  
OBJD-T: 85c07572

----------------
IN: 
0x000ed735:  
OBJD-T: 83c8ffe888daffff

----------------
IN: 
0x000eb1c5:  
OBJD-T: 565389c1a807752c

----------------
IN: 
0x000eb1f9:  
OBJD-T: 41ebf1

----------------
IN: 
0x000eb1ed:  
OBJD-T: bbf80c0000befc0c0000eb28

----------------
IN: 
0x000eb221:  
OBJD-T: 89c866c1e80874d3

----------------
IN: 
0x000eb1fc:  
OBJD-T: 89c8c1e0082500ffff000d0000008089daef

----------------
IN: 
0x000eb20e:  
OBJD-T: 89f266ed

----------------
IN: 
0x000eb212:  
OBJD-T: 486683f8fd7618

----------------
IN: 
0x000eb231:  
OBJD-T: 89c85b5ec3

----------------
IN: 
0x000ed73d:  
OBJD-T: 89c385c07859

----------------
IN: 
0x000ed743:  
OBJD-T: 89d8c1e0082500ffff000d00000080baf80c0000ef

----------------
IN: 
0x000ed758:  
OBJD-T: bafc0c0000ed

----------------
IN: 
0x000ed75e:  
OBJD-T: 663d86807534

----------------
IN: 
0x000ed764:  
OBJD-T: 0fb7cbc1e8103d371200007507

----------------
IN: 
0x000ed771:  
OBJD-T: ba59000000eb0c

----------------
IN: 
0x000ed784:  
OBJD-T: 89c8e866dbffff

----------------
IN: 
0x000eb2f1:  
OBJD-T: 5389d10fb7d889d8c1e00881e2fc00000009d00d00000080baf80c0000ef

----------------
IN: 
0x000eb30f:  
OBJD-T: 89ca83e2036681c2fc0cec

----------------
IN: 
0x000eb31a:  
OBJD-T: 89caa81089d87508

----------------
IN: 
0x000eb322:  
OBJD-T: b936b2feff5bffe1

----------------
IN: 
0xfffeb236:  
OBJD-T: 5557565383ec0889d30fb7c0c1e00889c789d681e6fc00000009c681ce000000
OBJD-T: 80bdf80c000089f089eaef

----------------
IN: 
0xfffeb261:  
OBJD-T: bafc0c0000ed

----------------
IN: 
0xfffeb267:  
OBJD-T: 89042489d983e1fc83c10481e1fc00000009f981c90000008089c889eaef

----------------
IN: 
0xfffeb285:  
OBJD-T: bafc0c0000ed

----------------
IN: 
0xfffeb28b:  
OBJD-T: 8944240483e3038d141c31c0c6440201334083f80675f5

----------------
IN: 
0xfffeb297:  
OBJD-T: c6440201334083f80675f5

----------------
IN: 
0xfffeb2a2:  
OBJD-T: 0fb63c1c83e710c6041c30bdf80c000089f089eaef

----------------
IN: 
0xfffeb2b7:  
OBJD-T: bbfc0c00008b042489daef

----------------
IN: 
0xfffeb2c2:  
OBJD-T: 89c889eaef

----------------
IN: 
0xfffeb2c7:  
OBJD-T: 8b44240489daef

----------------
IN: 
0xfffeb2ce:  
OBJD-T: 89f884c07515

----------------
IN: 
0xfffeb2d4:  
OBJD-T: b8e01d0d00b90000100029c1bee01dfdff89c7f3a4

----------------
IN: 
0xfffeb2e7:  
OBJD-T: f3a4

----------------
IN: 
0xfffeb2e9:  
OBJD-T: 83c4085b5e5f5dc3

----------------
IN: 
0x000ed78b:  
OBJD-T: e838c5ffff

----------------
IN: 
0x000e9cc8:  
OBJD-T: 833d28620f00007512

----------------
IN: 
0x000e9cd1:  
OBJD-T: b08fe670

----------------
IN: 
0x000e9cd5:  
OBJD-T: 31c0e671

----------------
IN: 
0x000e9cd9:  
OBJD-T: c70528620f0001000000c3

----------------
IN: 
0x000ed790:  
OBJD-T: 891d184a0f00eb0f

----------------
IN: 
0x000ed7a7:  
OBJD-T: 5bc3

----------------
IN: 
0x000ef47a:  
OBJD-T: e8fd7effff

----------------
IN: 
0x000e737c:  
OBJD-T: 5557565383ec70e840290000

----------------
IN: 
0x000e9ce3:  
OBJD-T: c3

----------------
IN: 
0x000e7388:  
OBJD-T: e8cd1a0000

----------------
IN: 
0x000e8e5a:  
OBJD-T: a1e0550f00d1e883e001c3

----------------
IN: 
0x000e738d:  
OBJD-T: 85c07515

----------------
IN: 
0x000e7391:  
OBJD-T: 668b1594600f00ec

----------------
IN: 
0x000e7399:  
OBJD-T: 3ce97409

----------------
IN: 
0x000e739d:  
OBJD-T: 66c70594600f00000031d231c0e89a1d0000

----------------
IN: 
0x000e9149:  
OBJD-T: 89d18b15b84d0f000fb7c085d2740b

----------------
IN: 
0x000e9163:  
OBJD-T: c1e00889ca81e2fc00000009d00d00000080baf80c0000ef

----------------
IN: 
0x000e917b:  
OBJD-T: 83e1028d91fc0c000066ed

----------------
IN: 
0x000e9186:  
OBJD-T: c3

----------------
IN: 
0x000e73af:  
OBJD-T: 0fb7f08d46ff6683f8fd0f8718020000

----------------
IN: 
0x000e73bf:  
OBJD-T: ba0200000031c0e87e1d0000

----------------
IN: 
0x000e73cb:  
OBJD-T: 0fb7d8ba2c00000031c0e86f1d0000

----------------
IN: 
0x000e73da:  
OBJD-T: 89c7ba2e00000031c0e8611d0000

----------------
IN: 
0x000e73e8:  
OBJD-T: 6681fff41a0f85e4010000

----------------
IN: 
0x000e73f3:  
OBJD-T: 663d00110f85da010000

----------------
IN: 
0x000e73fd:  
OBJD-T: 830de0550f00016681fb3712740e

----------------
IN: 
0x000e7419:  
OBJD-T: 68bf3f0f00e87c470000

----------------
IN: 
0x000ebb9f:  
OBJD-T: 8d4c24088b542404b8284a0f00e87ff7ffff

----------------
IN: 
0x000eb330:  
OBJD-T: 5557565383ec0c89042489d789cb0fbe1784d20f845a020000

----------------
IN: 
0x000eb349:  
OBJD-T: 80fa250f853b020000

----------------
IN: 
0x000eb58d:  
OBJD-T: 8b0424e806d9ffff

----------------
IN: 
0x000e8e9b:  
OBJD-T: 0fbed2ff20

----------------
IN: 
0x000ea4c5:  
OBJD-T: 88d0668b1594600f006685d27401

----------------
IN: 
0x000ea4d4:  
OBJD-T: c3

----------------
IN: 
0x000eb595:  
OBJD-T: 89feeb02

----------------
IN: 
0x000eb59b:  
OBJD-T: 8d7e01e99bfdffff

----------------
IN: 
0x000eb33e:  
OBJD-T: 0fbe1784d20f845a020000

----------------
IN: 
0x000eb5a3:  
OBJD-T: 83c40c5b5e5f5dc3

----------------
IN: 
0x000ebbb1:  
OBJD-T: c3

----------------
IN: 
0x000e7423:  
OBJD-T: 5deb0f

----------------
IN: 
0x000e7435:  
OBJD-T: 8d5c241c538d74241c568d4c241c8d54241831c0e8a71d0000

----------------
IN: 
0x000e91f5:  
OBJD-T: 5557565389d789ce8b6c24149c5989ca81f200002000529d

----------------
IN: 
0x000e920d:  
OBJD-T: 9c5a519d

----------------
IN: 
0x000e9211:  
OBJD-T: 31ca0fbae2157211

----------------
IN: 
0x000e922a:  
OBJD-T: 0fa28907891e894d008b44241889105b5e5f5dc3

----------------
IN: 
0x000e744e:  
OBJD-T: 8b44241c894424388b4424248944243c8b44242089442440c644244400595f31
OBJD-T: ff837c241000741d

----------------
IN: 
0x000e7476:  
OBJD-T: 53568d4c241c8d542418b801000000e86b1d0000

----------------
IN: 
0x000e748a:  
OBJD-T: 8b7c242483e740585a538d6c241c558d4c241c8d542418b800000080e84a1d00
OBJD-T: 00

----------------
IN: 
0x000e74ab:  
OBJD-T: 8b742418595881fe000000807625

----------------
IN: 
0x000e74b9:  
OBJD-T: 53558d4c241c8d542418b801000080e8281d0000

----------------
IN: 
0x000e74cd:  
OBJD-T: 8b442424c1e81d83e001a2e08d0e00585aa0e08d0e0085ff0f84a8000000

----------------
IN: 
0x000e74eb:  
OBJD-T: 84c07410

----------------
IN: 
0x000e74ff:  
OBJD-T: be01000000b8b83f0f00bb24000000babc3f0f00eb73

----------------
IN: 
0x000e7588:  
OBJD-T: b9b83f0f0085ff7521

----------------
IN: 
0x000e75b2:  
OBJD-T: 505352518d4424405068b4810e006833400f00e8d5450000

----------------
IN: 
0x000eb352:  
OBJD-T: 8d7701c64424072031c90fb6068d50d080fa09771b

----------------
IN: 
0x000eb382:  
OBJD-T: 31d23c6c7512

----------------
IN: 
0x000eb39a:  
OBJD-T: 3c64746d

----------------
IN: 
0x000eb39e:  
OBJD-T: 7f47

----------------
IN: 
0x000eb3e7:  
OBJD-T: 3c730f8482010000

----------------
IN: 
0x000eb571:  
OBJD-T: 8d7b048b1b0fbe1384d2741c

----------------
IN: 
0x000eb57d:  
OBJD-T: 8b0424e816d9ffff

----------------
IN: 
0x000eb585:  
OBJD-T: 43ebee

----------------
IN: 
0x000eb576:  
OBJD-T: 0fbe1384d2741c

----------------
IN: 
0x000eb599:  
OBJD-T: 89fb8d7e01e99bfdffff

----------------
IN: 
0x000eb40b:  
OBJD-T: 8b3b84d27505

----------------
IN: 
0x000eb411:  
OBJD-T: 83c304eb03

----------------
IN: 
0x000eb419:  
OBJD-T: 85ff790f

----------------
IN: 
0x000eb42c:  
OBJD-T: 89faeb10

----------------
IN: 
0x000eb440:  
OBJD-T: 8b0424e858daffff

----------------
IN: 
0x000e8ea0:  
OBJD-T: 57565383ec0c89c689d1c644240b008d5c240abf0a00000089c831d2f7f783c2
OBJD-T: 30881383f9097605

----------------
IN: 
0x000e8ec8:  
OBJD-T: 4b89c1ebeb

----------------
IN: 
0x000e8eb8:  
OBJD-T: 89c831d2f7f783c230881383f9097605

----------------
IN: 
0x000e8ecd:  
OBJD-T: 85db7505

----------------
IN: 
0x000e8ed6:  
OBJD-T: 0fbe1384d2740a

----------------
IN: 
0x000e8edd:  
OBJD-T: 89f0e8b7ffffff

----------------
IN: 
0x000e8ee4:  
OBJD-T: 43ebef

----------------
IN: 
0x000e8ee7:  
OBJD-T: 83c40c5b5e5fc3

----------------
IN: 
0x000eb448:  
OBJD-T: e94e010000

----------------
IN: 
0x000e75ca:  
OBJD-T: 83c41c85f67406

----------------
IN: 
0x000e75d1:  
OBJD-T: 881de18d0e0031edbe0000004031db895c24108d44241c508d7c241c578d4c24
OBJD-T: 1c8d54241889f0e8f81b0000

----------------
IN: 
0x000e75fd:  
OBJD-T: 8b4424185a5939f07253

----------------
IN: 
0x000e7607:  
OBJD-T: 8b542414895424308b542418895424348b54241c89542438c644243c008d5c24
OBJD-T: 30535056686e400f00e86a450000

----------------
IN: 
0x000eb3ef:  
OBJD-T: 7f09

----------------
IN: 
0x000eb3fa:  
OBJD-T: 3c757432

----------------
IN: 
0x000eb3fe:  
OBJD-T: 3c780f84e3000000

----------------
IN: 
0x000eb4e9:  
OBJD-T: 3c580f94c00fb6c089c58b03894424080fbe44240784d27430

----------------
IN: 
0x000eb532:  
OBJD-T: 8d7b0455508b5424108b442408e863daffff

----------------
IN: 
0x000e8fa7:  
OBJD-T: 5557565383ec0889d689cb8b6c24208a54241c89f1bf01000000c1e9047403

----------------
IN: 
0x000e8fc6:  
OBJD-T: 47ebf8

----------------
IN: 
0x000e8fc1:  
OBJD-T: c1e9047403

----------------
IN: 
0x000e8fc9:  
OBJD-T: 29fb0fbeca890c2485db7e13

----------------
IN: 
0x000e8fe8:  
OBJD-T: 896c241c89f989f283c4085b5e5f5de912ffffff

----------------
IN: 
0x000e8f0e:  
OBJD-T: 57565389c689d38b7c24104983f9067707

----------------
IN: 
0x000e8f26:  
OBJD-T: c1ea1c89f9e8beffffff

----------------
IN: 
0x000e8eee:  
OBJD-T: 5389c38d423083fa09760a

----------------
IN: 
0x000e8f03:  
OBJD-T: 0fbed089d85be98dffffff

----------------
IN: 
0x000e8f30:  
OBJD-T: 89dac1ea1883e20f89f989f0e8adffffff

----------------
IN: 
0x000e8f41:  
OBJD-T: 89dac1ea1483e20f89f989f0e89cffffff

----------------
IN: 
0x000e8f52:  
OBJD-T: 89dac1ea1083e20f89f989f0e88bffffff

----------------
IN: 
0x000e8f63:  
OBJD-T: 89dac1ea0c83e20f89f989f0e87affffff

----------------
IN: 
0x000e8f74:  
OBJD-T: 89dac1ea0883e20f89f989f0e869ffffff

----------------
IN: 
0x000e8f85:  
OBJD-T: 89dac1ea0483e20f89f989f0e858ffffff

----------------
IN: 
0x000e8f96:  
OBJD-T: 83e30f89da89f989f05b5e5fe947ffffff

----------------
IN: 
0x000eb544:  
OBJD-T: 585aeb51

----------------
IN: 
0x000e7635:  
OBJD-T: ba92400f0089d8e8ed190000

----------------
IN: 
0x000e902e:  
OBJD-T: 5331c98a1c083a1c0a740c

----------------
IN: 
0x000e9039:  
OBJD-T: 0f9dc00fb6c08d4400ffeb07

----------------
IN: 
0x000e904c:  
OBJD-T: 5bc3

----------------
IN: 
0x000e7641:  
OBJD-T: 83c41085c0750a

----------------
IN: 
0x000e7652:  
OBJD-T: 81c600010000eb84

----------------
IN: 
0x000e75de:  
OBJD-T: 31db895c24108d44241c508d7c241c578d4c241c8d54241889f0e8f81b0000

----------------
IN: 
0x000e765a:  
OBJD-T: 833ddc8d0e0000745a

----------------
IN: 
0x000e76bd:  
OBJD-T: e898170000

----------------
IN: 
0x000e76c2:  
OBJD-T: 85c0744c

----------------
IN: 
0x000e7712:  
OBJD-T: e85430ffff

----------------
IN: 
0x000da76b:  
OBJD-T: 5653568b1dc44c0f0085db7568

----------------
IN: 
0x000da778:  
OBJD-T: 31c0ba1005000066ef

----------------
IN: 
0x000da781:  
OBJD-T: 31c9ba11050000ec

----------------
IN: 
0x000da789:  
OBJD-T: 0fb6c00fbeb1ca090f0039f0754e

----------------
IN: 
0x000da797:  
OBJD-T: 4183f90475eb

----------------
IN: 
0x000da788:  
OBJD-T: ec

----------------
IN: 
0x000da79d:  
OBJD-T: 68cf090f00e8f8130100

----------------
IN: 
0x000da7a7:  
OBJD-T: c705c44c0f0001000000b904000000ba010000008d442404e888120100

----------------
IN: 
0x000eba4c:  
OBJD-T: 565389c389d089ce833dc04c0f00007413

----------------
IN: 
0x000eba70:  
OBJD-T: ba1005000066ef

----------------
IN: 
0x000eba77:  
OBJD-T: 89ca89d85b5ee9a4ffffff

----------------
IN: 
0x000eba26:  
OBJD-T: 85d27421

----------------
IN: 
0x000eba2a:  
OBJD-T: 833dc04c0f0000740a

----------------
IN: 
0x000eba3d:  
OBJD-T: 5789d189c7ba11050000f36c

----------------
IN: 
0x000eba47:  
OBJD-T: f36c

----------------
IN: 
0x000eba49:  
OBJD-T: 5fc3

----------------
IN: 
0x000da7c4:  
OBJD-T: 5bf60424027415

----------------
IN: 
0x000da7cb:  
OBJD-T: 68e2090f00e8ca130100

----------------
IN: 
0x000da7d5:  
OBJD-T: c705c04c0f000100000059bb0100000089d85a5b5ec3

----------------
IN: 
0x000e7717:  
OBJD-T: 85c00f84a3010000

----------------
IN: 
0x000e771f:  
OBJD-T: b904000000ba1900000089f8e81c430000

----------------
IN: 
0x000eba5d:  
OBJD-T: c1e01083c80a89c189f289d85b5ee962ffffff

----------------
IN: 
0x000eb9d2:  
OBJD-T: 565383ec1089d689cb31d2e822f0ffff

----------------
IN: 
0x000eaa04:  
OBJD-T: 89d10fc989c20fca89c8c3

----------------
IN: 
0x000eb9e2:  
OBJD-T: 894424088954240c89f0e832deffff

----------------
IN: 
0x000e9823:  
OBJD-T: 0fc8c3

----------------
IN: 
0x000eb9f1:  
OBJD-T: 8944240489d8e827deffff

----------------
IN: 
0x000eb9fc:  
OBJD-T: 89042489e0e81ddeffff

----------------
IN: 
0x000eba06:  
OBJD-T: ba18050000ef

----------------
IN: 
0x000eba0c:  
OBJD-T: 8b0424e80fdeffff

----------------
IN: 
0x000eba14:  
OBJD-T: 83f8017607

----------------
IN: 
0x000eba20:  
OBJD-T: 83c4105b5ec3

----------------
IN: 
0x000e7730:  
OBJD-T: 8b442418e8ea200000

----------------
IN: 
0x000e7739:  
OBJD-T: 8944241831f63b7424187342

----------------
IN: 
0x000e7745:  
OBJD-T: ba400000008d442430e8d3420000

----------------
IN: 
0x000eba33:  
OBJD-T: b902000000e995ffffff

----------------
IN: 
0x000e7753:  
OBJD-T: b909000000ba9e0e0f008d442438e8a7180000

----------------
IN: 
0x000e900d:  
OBJD-T: 01c139c17503

----------------
IN: 
0x000e9016:  
OBJD-T: 538a1a38187407

----------------
IN: 
0x000e901d:  
OBJD-T: 19c083c801eb08

----------------
IN: 
0x000e902c:  
OBJD-T: 5bc3

----------------
IN: 
0x000e7766:  
OBJD-T: 85c07403

----------------
IN: 
0x000e776a:  
OBJD-T: 46ebd2

----------------
IN: 
0x000e773f:  
OBJD-T: 3b7424187342

----------------
IN: 
0x000e9024:  
OBJD-T: 404239c175ed

----------------
IN: 
0x000e9017:  
OBJD-T: 8a1a38187407

----------------
IN: 
0x000e902a:  
OBJD-T: 31c05bc3

----------------
IN: 
0x000e776d:  
OBJD-T: 8b54243489d666c1c6088b442430e8a3200000

----------------
IN: 
0x000e7780:  
OBJD-T: 89c16685d27510

----------------
IN: 
0x000e7797:  
OBJD-T: ba1005000089f066ef

----------------
IN: 
0x000e77a0:  
OBJD-T: be1400000089c831d2f7f68944241831ed3b6c24180f836d010000

----------------
IN: 
0x000e77bb:  
OBJD-T: ba140000008d44241ce85d420000

----------------
IN: 
0x000e77c9:  
OBJD-T: 8b44242c83f8017442

----------------
IN: 
0x000e7814:  
OBJD-T: 6a01ff74242cff74242c8b4424288b54242ce8b3f2feff

----------------
IN: 
0x000d6ade:  
OBJD-T: 56538b5c240c8b4c24108b74241485c97504

----------------
IN: 
0x000d6af0:  
OBJD-T: 85db7413

----------------
IN: 
0x000d6af4:  
OBJD-T: 89742414895c240c894c24105b5ee903feffff

----------------
IN: 
0x000d690a:  
OBJD-T: 5557565383ec24894424088954240c8b4424388b54243c894424188954241c8b
OBJD-T: 6c2440034424081354240c89042489542404a104560f008944242031db8b4424
OBJD-T: 2039c30f8d54010000

----------------
IN: 
0x000d6aa7:  
OBJD-T: 83fdff742a

----------------
IN: 
0x000d6aac:  
OBJD-T: 896c24408b4424188b54241c894424388954243c8b5424088b4c240c89d883c4
OBJD-T: 245b5e5f5de998fdffff

----------------
IN: 
0x000d686e:  
OBJD-T: 5557565383ec10891424894c24048b7c24248b6c2428897c2408896c240c8b7c
OBJD-T: 242c8b1d04560f0083fb7f7e16

----------------
IN: 
0x000d68b1:  
OBJD-T: 6bf01489d929c16bc9148dae20560f008d8634560f0089eae89ef6ffff

----------------
IN: 
0x000d5f6c:  
OBJD-T: 575689d639c27206

----------------
IN: 
0x000d5f7a:  
OBJD-T: 83e9017208

----------------
IN: 
0x000d5f87:  
OBJD-T: 5e5fc3

----------------
IN: 
0x000d68ce:  
OBJD-T: 43891d04560f008b04248b542404898620560f00899624560f008b4424088b54
OBJD-T: 240c898628560f0089962c560f0089be30560f0083c4105b5e5f5dc3

----------------
IN: 
0x000e782b:  
OBJD-T: ff742434ff742434ff742434ff7424346844410f00e85a430000

----------------
IN: 
0x000eb367:  
OBJD-T: 85c97504

----------------
IN: 
0x000eb36b:  
OBJD-T: 3c307409

----------------
IN: 
0x000eb378:  
OBJD-T: c64424073031c946ebda

----------------
IN: 
0x000eb35c:  
OBJD-T: 0fb6068d50d080fa09771b

----------------
IN: 
0x000eb36f:  
OBJD-T: 6bc90a8d4c01d0eb07

----------------
IN: 
0x000eb37f:  
OBJD-T: 46ebda

----------------
IN: 
0x000eb388:  
OBJD-T: 8a46013c6c7403

----------------
IN: 
0x000eb392:  
OBJD-T: 8a460283c602b2013c64746d

----------------
IN: 
0x000eb502:  
OBJD-T: 8d7b088b530485d27429

----------------
IN: 
0x000eb535:  
OBJD-T: 55508b5424108b442408e863daffff

----------------
IN: 
0x000e8fd5:  
OBJD-T: 8b142489442404e8bafeffff

----------------
IN: 
0x000e8fe1:  
OBJD-T: 4b8b442404ebe9

----------------
IN: 
0x000e8fd1:  
OBJD-T: 85db7e13

----------------
IN: 
0x000e8f1f:  
OBJD-T: ff248d74430f00

----------------
IN: 
0x000e7845:  
OBJD-T: 8b74243c8b7c244083c42083ff008b4424248b542428773b

----------------
IN: 
0x000e785d:  
OBJD-T: 8b0df08d0e0031db894c2408895c240c89f189fb01c111d3890c24895c24048b
OBJD-T: 1c24391df08d0e008b5c240c1b5c2404732d

----------------
IN: 
0x000e788f:  
OBJD-T: 01f0a3f08d0e00eb24

----------------
IN: 
0x000e78bc:  
OBJD-T: 45e9effeffff

----------------
IN: 
0x000e77b1:  
OBJD-T: 3b6c24180f836d010000

----------------
IN: 
0x000e7928:  
OBJD-T: 6a026a006800000400b80000fcff31d2e8cdeffeff

----------------
IN: 
0x000d6953:  
OBJD-T: 6bc3148bb020560f008bb824560f0089f289f9039028560f0013882c560f0089
OBJD-T: 542410894c24148b4c2408394c24108b4c24141b4c240c7303

----------------
IN: 
0x000d698c:  
OBJD-T: 43ebb8

----------------
IN: 
0x000d6947:  
OBJD-T: 8b44242039c30f8d54010000

----------------
IN: 
0x000e793d:  
OBJD-T: 83c40c6aff6a006800000500b800000a0031d2e8b5effeff

----------------
IN: 
0x000d698f:  
OBJD-T: 8b4c240839ce89f91b4c240c737a

----------------
IN: 
0x000d699d:  
OBJD-T: 8d8820560f008b41108944242039e8751d

----------------
IN: 
0x000d69cb:  
OBJD-T: 8b4424088b54240c29f019fa89410889510c438b4424103904248b4424041b44
OBJD-T: 24147328

----------------
IN: 
0x000d69ef:  
OBJD-T: ff7424208b4424148b5424182b4424041b54240852508b54240c8b4c241089d8
OBJD-T: e85afeffff

----------------
IN: 
0x000d5f7f:  
OBJD-T: 8a140e881408ebf3

----------------
IN: 
0x000d6a14:  
OBJD-T: 83c40c6bf3143b1d04560f000f8d81000000

----------------
IN: 
0x000d6a26:  
OBJD-T: 8d8e20560f008b8620560f008b9624560f003904248b7c240419d77264

----------------
IN: 
0x000d6a43:  
OBJD-T: 03410813510c89442410895424148b4424103904248b4424041b4424147209

----------------
IN: 
0x000d6a6b:  
OBJD-T: 8b04248b542404898620560f00899624560f008b4424108b5424142b04241b54
OBJD-T: 240489410889510c3b6910750f

----------------
IN: 
0x000d6ad6:  
OBJD-T: 83c4245b5e5f5dc3

----------------
IN: 
0x000e7955:  
OBJD-T: 6a026a006800000100b800000f0031d2e8a0effeff

----------------
IN: 
0x000d6a17:  
OBJD-T: 6bf3143b1d04560f000f8d81000000

----------------
IN: 
0x000e796a:  
OBJD-T: a104560f00488944242083c41831f631db837c2408000f88a4000000

----------------
IN: 
0x000e7986:  
OBJD-T: 6b4c2408148b8120560f008b9124560f0089c789d503b928560f0013a92c560f
OBJD-T: 00893c24896c2404bdffff0f008b3c2439fdbd000000001b6c24047367

----------------
IN: 
0x000e79c3:  
OBJD-T: 83b930560f00017555

----------------
IN: 
0x000e7a21:  
OBJD-T: ff4c2408e951ffffff

----------------
IN: 
0x000e797b:  
OBJD-T: 837c2408000f88a4000000

----------------
IN: 
0x000e79cc:  
OBJD-T: 837c240400774e

----------------
IN: 
0x000e79d3:  
OBJD-T: 89c289f985db753c

----------------
IN: 
0x000e79db:  
OBJD-T: 8d87000000ff83e0f039c7720a

----------------
IN: 
0x000e79e8:  
OBJD-T: 8daa0000000139e8731c

----------------
IN: 
0x000e7a0e:  
OBJD-T: 89c389c1be00000001b8388d0e00e8d9f2feff

----------------
IN: 
0x000d6cfa:  
OBJD-T: 5383ec2c89d389c28b0085c07535

----------------
IN: 
0x000d6d08:  
OBJD-T: c7442428ffffffff895c241c894c242031c0894424248d442414e8e8d2ffff

----------------
IN: 
0x000d400f:  
OBJD-T: 8b0a895004890885c97403

----------------
IN: 
0x000d401d:  
OBJD-T: 8902c3

----------------
IN: 
0x000d6d27:  
OBJD-T: 89e0e8dcfdffff

----------------
IN: 
0x000d6b0a:  
OBJD-T: 57565389c350b910000000ba2c000000a1388d0e00e809f5ffff

----------------
IN: 
0x000d602d:  
OBJD-T: 5557565389ce8b4c2414f7de85c07433

----------------
IN: 
0x000d603d:  
OBJD-T: 8b780c89fb29d321f38b681003680839eb721c

----------------
IN: 
0x000d6050:  
OBJD-T: 39df7218

----------------
IN: 
0x000d6054:  
OBJD-T: 89590889790c89511089580c8b500489c8e8a5dfffff

----------------
IN: 
0x000d401a:  
OBJD-T: 8941048902c3

----------------
IN: 
0x000d606a:  
OBJD-T: eb06

----------------
IN: 
0x000d6072:  
OBJD-T: 89d85b5e5f5dc3

----------------
IN: 
0x000d6b24:  
OBJD-T: 5985c0752d

----------------
IN: 
0x000d6b56:  
OBJD-T: 89c2b90b00000089c789def3a5

----------------
IN: 
0x000d6b61:  
OBJD-T: f3a5

----------------
IN: 
0x000d6b63:  
OBJD-T: 8b0b890885c97403

----------------
IN: 
0x000d6b6b:  
OBJD-T: 8941048b4b0489480489018d70148b4b1489481485c97403

----------------
IN: 
0x000d6b86:  
OBJD-T: 8b4b18894818893189d05b5e5fc3

----------------
IN: 
0x000d6d2e:  
OBJD-T: 85c07512

----------------
IN: 
0x000d6d44:  
OBJD-T: 83c42c5bc3

----------------
IN: 
0x000e7a2a:  
OBJD-T: b900000900ba00700000b83c8d0e00e8bcf2feff

----------------
IN: 
0x000d606c:  
OBJD-T: 8b00ebc9

----------------
IN: 
0x000d6039:  
OBJD-T: 85c07433

----------------
IN: 
0x000e7a3e:  
OBJD-T: 85db7421

----------------
IN: 
0x000e7a42:  
OBJD-T: 8d0c3389dab8448d0e00e8a9f2feff

----------------
IN: 
0x000e7a51:  
OBJD-T: 89d831d26a0231ff5756e87ef0feff

----------------
IN: 
0x000e7a60:  
OBJD-T: 83c40cbd408e0e0081ed00400d0089eab820000000e8a267ffff

----------------
IN: 
0x000de21c:  
OBJD-T: 565189c689c1891424b8388d0e00e86589ffff

----------------
IN: 
0x000d6b94:  
OBJD-T: 565383ec2c85d2742d

----------------
IN: 
0x000d6b9d:  
OBJD-T: c7442428ffffffff8d742414568b00e87cf4ffff

----------------
IN: 
0x000d6bb1:  
OBJD-T: 89c35885db7412

----------------
IN: 
0x000d6bb8:  
OBJD-T: 89e0e84bffffff

----------------
IN: 
0x000d6b83:  
OBJD-T: 8971048b4b18894818893189d05b5e5fc3

----------------
IN: 
0x000d6bbf:  
OBJD-T: 85c07509

----------------
IN: 
0x000d6bcc:  
OBJD-T: 89d883c42c5b5ec3

----------------
IN: 
0x000de22f:  
OBJD-T: 85c08b1424750e

----------------
IN: 
0x000de244:  
OBJD-T: 5a5ec3

----------------
IN: 
0x000e7a7a:  
OBJD-T: 89c385c0750a

----------------
IN: 
0x000e7a8a:  
OBJD-T: 55506800400d0068aa410f00e804410000

----------------
IN: 
0x000eb3f1:  
OBJD-T: 3c707458

----------------
IN: 
0x000eb44d:  
OBJD-T: 8d7b048b1b807e0150755f

----------------
IN: 
0x000eb4b7:  
OBJD-T: ba300000008b0424e8d7d9ffff

----------------
IN: 
0x000eb4c4:  
OBJD-T: ba780000008b0424e8cad9ffff

----------------
IN: 
0x000eb4d1:  
OBJD-T: 6a00b90800000089da8b442404e82bdaffff

----------------
IN: 
0x000e8ef9:  
OBJD-T: 8d425785c97403

----------------
IN: 
0x000eb4e3:  
OBJD-T: 59e9b0000000

----------------
IN: 
0x000e7a9b:  
OBJD-T: be00400d0089df89e9f3a4

----------------
IN: 
0x000e7aa4:  
OBJD-T: f3a4

----------------
IN: 
0x000e7aa6:  
OBJD-T: 89da81ea00400d0083c410b8e01d0d003d98270d00730b

----------------
IN: 
0x000e7abd:  
OBJD-T: 8b0801d9011183c004ebee

----------------
IN: 
0x000e7ab6:  
OBJD-T: 3d98270d00730b

----------------
IN: 
0x000e7ac8:  
OBJD-T: b900400d0029d9b898270d003d28370d00730b

----------------
IN: 
0x000e7adb:  
OBJD-T: 8b3001de010e83c004ebee

----------------
IN: 
0x000e7ad4:  
OBJD-T: 3d28370d00730b

----------------
IN: 
0x000e7ae6:  
OBJD-T: b828370d003d34370d00730d

----------------
IN: 
0x000e7af2:  
OBJD-T: 8b080191e01d0d0083c004ebec

----------------
IN: 
0x000e7aeb:  
OBJD-T: 3d34370d00730d

----------------
IN: 
0x000e7aff:  
OBJD-T: b85d470e003d408e0e007309

----------------
IN: 
0x000e7b0b:  
OBJD-T: 01c23d00400d007305

----------------
IN: 
0x000e7b19:  
OBJD-T: 31c0ffd2

----------------
IN: 
0x06ffb87d:  
OBJD-T: 5557565381ec28010000e8a674ffff

----------------
IN: 
0x06ff2d32:  
OBJD-T: 57565381ec9400000031c08b0c8544feff068b1185d27403

----------------
IN: 
0x06ff2d4a:  
OBJD-T: 894a044083f80575ea

----------------
IN: 
0x06ff2d3d:  
OBJD-T: 8b0c8544feff068b1185d27403

----------------
IN: 
0x06ff2d4d:  
OBJD-T: 4083f80575ea

----------------
IN: 
0x06ff2d53:  
OBJD-T: b900400d0081e940370d00ba40370d00b880850e00e81fa3ffff

----------------
IN: 
0x06fed08c:  
OBJD-T: 575689d639c27206

----------------
IN: 
0x06fed09a:  
OBJD-T: 83e9017208

----------------
IN: 
0x06fed09f:  
OBJD-T: 8a140e881408ebf3

----------------
IN: 
0x06fed0a7:  
OBJD-T: 5e5fc3

----------------
IN: 
0x06ff2d6d:  
OBJD-T: 89c1ba10900d00b868feff06e89cb0ffff

----------------
IN: 
0x06fede1a:  
OBJD-T: 5383ec2c89d389c28b0085c07535

----------------
IN: 
0x06fede28:  
OBJD-T: c7442428ffffffff895c241c894c242031c0894424248d442414e8e8d2ffff

----------------
IN: 
0x06feb12f:  
OBJD-T: 8b0a895004890885c97403

----------------
IN: 
0x06feb13d:  
OBJD-T: 8902c3

----------------
IN: 
0x06fede47:  
OBJD-T: 89e0e8dcfdffff

----------------
IN: 
0x06fedc2a:  
OBJD-T: 57565389c350b910000000ba2c000000a158feff06e809f5ffff

----------------
IN: 
0x06fed14d:  
OBJD-T: 5557565389ce8b4c2414f7de85c07433

----------------
IN: 
0x06fed15d:  
OBJD-T: 8b780c89fb29d321f38b681003680839eb721c

----------------
IN: 
0x06fed18c:  
OBJD-T: 8b00ebc9

----------------
IN: 
0x06fed159:  
OBJD-T: 85c07433

----------------
IN: 
0x06fed170:  
OBJD-T: 39df7218

----------------
IN: 
0x06fed174:  
OBJD-T: 89590889790c89511089580c8b500489c8e8a5dfffff

----------------
IN: 
0x06feb13a:  
OBJD-T: 8941048902c3

----------------
IN: 
0x06fed18a:  
OBJD-T: eb06

----------------
IN: 
0x06fed192:  
OBJD-T: 89d85b5e5f5dc3

----------------
IN: 
0x06fedc44:  
OBJD-T: 5985c0752d

----------------
IN: 
0x06fedc76:  
OBJD-T: 89c2b90b00000089c789def3a5

----------------
IN: 
0x06fedc81:  
OBJD-T: f3a5

----------------
IN: 
0x06fedc83:  
OBJD-T: 8b0b890885c97403

----------------
IN: 
0x06fedc8b:  
OBJD-T: 8941048b4b0489480489018d70148b4b1489481485c97403

----------------
IN: 
0x06fedca6:  
OBJD-T: 8b4b18894818893189d05b5e5fc3

----------------
IN: 
0x06fede4e:  
OBJD-T: 85c07512

----------------
IN: 
0x06fede64:  
OBJD-T: 83c42c5bc3

----------------
IN: 
0x06ff2d7e:  
OBJD-T: a168feff0631d285c07406

----------------
IN: 
0x06ff2d89:  
OBJD-T: 89c28b00ebf6

----------------
IN: 
0x06ff2d85:  
OBJD-T: 85c07406

----------------
IN: 
0x06ff2d8f:  
OBJD-T: 8915b44d0f00b9e0550f0081e9e04d0f0031d2b8e04d0f00e8ee710ff9

----------------
IN: 
0x000e9f9a:  
OBJD-T: 85c97406

----------------
IN: 
0x000e9f9e:  
OBJD-T: 49881408ebf6

----------------
IN: 
0x000e9fa4:  
OBJD-T: c3

----------------
IN: 
0x06ff2dac:  
OBJD-T: b9e0550f0089c2b860feff06e85db0ffff

----------------
IN: 
0x06ff2dbd:  
OBJD-T: e8a787ffff

----------------
IN: 
0x06feb569:  
OBJD-T: 56538b0d04560f008d59ff6bc91481c120560f0085db7820

----------------
IN: 
0x06feb581:  
OBJD-T: 8b41f48b51f80341ec1351f083fa007709

----------------
IN: 
0x06feb59b:  
OBJD-T: 4b83e914ebdc

----------------
IN: 
0x06feb57d:  
OBJD-T: 85db7820

----------------
IN: 
0x06feb592:  
OBJD-T: 8b71fc83e6fd4e7408

----------------
IN: 
0x06feb5a3:  
OBJD-T: 3d000010007305

----------------
IN: 
0x06feb5af:  
OBJD-T: a300560f005b5ec3

----------------
IN: 
0x06ff2dc2:  
OBJD-T: e8c4eaffff

----------------
IN: 
0x06ff188b:  
OBJD-T: 5653568b1dc44c0f0085db7568

----------------
IN: 
0x06ff1900:  
OBJD-T: bb0100000089d85a5b5ec3

----------------
IN: 
0x06ff2dc7:  
OBJD-T: 85c0750c

----------------
IN: 
0x06ff2dd7:  
OBJD-T: 6a0231c9ba0e000000b82d0e0f00e80cb2ffff

----------------
IN: 
0x06fedff6:  
OBJD-T: 555756535389042489d7

----------------
IN: 
0x06fee000:  
OBJD-T: 89ce8b6c2418b894000000e88ffdffff

----------------
IN: 
0x06fedd9f:  
OBJD-T: 5389c3e8e7ffffff

----------------
IN: 
0x06fedd8e:  
OBJD-T: 89c2b910000000b858feff06e915ffffff

----------------
IN: 
0x06fedcb4:  
OBJD-T: 565383ec2c85d2742d

----------------
IN: 
0x06fedcbd:  
OBJD-T: c7442428ffffffff8d742414568b00e87cf4ffff

----------------
IN: 
0x06fedcd1:  
OBJD-T: 89c35885db7412

----------------
IN: 
0x06fedcd8:  
OBJD-T: 89e0e84bffffff

----------------
IN: 
0x06fedca3:  
OBJD-T: 8971048b4b18894818893189d05b5e5fc3

----------------
IN: 
0x06fedcdf:  
OBJD-T: 85c07509

----------------
IN: 
0x06fedcec:  
OBJD-T: 89d883c42c5b5ec3

----------------
IN: 
0x06fedda7:  
OBJD-T: 85c07512

----------------
IN: 
0x06feddbd:  
OBJD-T: 5bc3

----------------
IN: 
0x06fee010:  
OBJD-T: 85c07514

----------------
IN: 
0x06fee028:  
OBJD-T: 89c3b99400000031d2e864bf0ff9

----------------
IN: 
0x06fee036:  
OBJD-T: 8d4004b9800000008b1424e808d1ffff

----------------
IN: 
0x06feb14e:  
OBJD-T: 56538d5a018d340a89c18a53ff84d27409

----------------
IN: 
0x06feb15f:  
OBJD-T: 418851ff4339f375f0

----------------
IN: 
0x06feb158:  
OBJD-T: 8a53ff84d27409

----------------
IN: 
0x06feb168:  
OBJD-T: c601005b5ec3

----------------
IN: 
0x06fee046:  
OBJD-T: 89ab8400000089bb8c00000089b390000000c78388000000fdd3fe06a13cfeff
OBJD-T: 068903891d3cfeff06585b5e5f5dc3

----------------
IN: 
0x06ff2dea:  
OBJD-T: 6a0131c9ba02800000b8400e0f00e8f9b1ffff

----------------
IN: 
0x06ff2dfd:  
OBJD-T: 6a0231c9ba0f000000b8520e0f00e8e6b1ffff

----------------
IN: 
0x06ff2e10:  
OBJD-T: b908000000ba0d0000008d442418e8298c0ff9

----------------
IN: 
0x06ff2e23:  
OBJD-T: 31d231c9b8520e0f00e8cea4ffff

----------------
IN: 
0x06fed2ff:  
OBJD-T: 5589e5575683ec0889d689cfe8beffffff

----------------
IN: 
0x06fed2ce:  
OBJD-T: 57565389c6e824bd0ff9

----------------
IN: 
0x000e8ffc:  
OBJD-T: 89c189c2

----------------
IN: 
0x000e9000:  
OBJD-T: 803a007403

----------------
IN: 
0x000e9005:  
OBJD-T: 42ebf8

----------------
IN: 
0x000e9008:  
OBJD-T: 89d029c8c3

----------------
IN: 
0x06fed2d8:  
OBJD-T: 8d78018b1d3cfeff0685db7414

----------------
IN: 
0x06fed2e5:  
OBJD-T: 8d530489f989f0e81cbd0ff9

----------------
IN: 
0x06fed2f1:  
OBJD-T: 85c07404

----------------
IN: 
0x06fed2f9:  
OBJD-T: 89d85b5e5fc3

----------------
IN: 
0x06fed310:  
OBJD-T: 85c07506

----------------
IN: 
0x06fed31a:  
OBJD-T: 8b90840000008d4aff83f90777ec

----------------
IN: 
0x06fed328:  
OBJD-T: 85d175e8

----------------
IN: 
0x06fed32c:  
OBJD-T: 31d289142489542404b90800000089e2ff9088000000

----------------
IN: 
0x06fed3fd:  
OBJD-T: 565389d68b908400000039d17242

----------------
IN: 
0x06fed40b:  
OBJD-T: 89c38b88900000008b808c00000085c9750d

----------------
IN: 
0x06fed41d:  
OBJD-T: 89d189c289f0e824e60ff9

----------------
IN: 
0x06fed428:  
OBJD-T: eb1b

----------------
IN: 
0x06fed445:  
OBJD-T: 8b8384000000eb03

----------------
IN: 
0x06fed450:  
OBJD-T: 5b5ec3

----------------
IN: 
0x06fed342:  
OBJD-T: 85c078ce

----------------
IN: 
0x06fed346:  
OBJD-T: 8b04248b542404595e5e5f5dc3

----------------
IN: 
0x06ff2e31:  
OBJD-T: 8d1cc50000000053b908000000ba0d000000b85f0e0f00e8a9b1ffff

----------------
IN: 
0x06ff2e4d:  
OBJD-T: 8d4b088b44241cc1e00350ba0d000000b8700e0f00e88fb1ffff

----------------
IN: 
0x06ff2e67:  
OBJD-T: b902000000ba008000008d442416e8d28b0ff9

----------------
IN: 
0x06ff2e7a:  
OBJD-T: 83c414bb0200000031f60fb744240239c67d51

----------------
IN: 
0x06ff2ede:  
OBJD-T: b902000000ba018000008d442402e85b8b0ff9

----------------
IN: 
0x06ff2ef1:  
OBJD-T: be0200000031db0fb744240239c30f8d8d000000

----------------
IN: 
0x06ff2f92:  
OBJD-T: b904000000ba190000008d442404e8a78a0ff9

----------------
IN: 
0x06ff2fa5:  
OBJD-T: 8b442404e875680ff9

----------------
IN: 
0x06ff2fae:  
OBJD-T: 8944240431db3b5c24047330

----------------
IN: 
0x06ff2fba:  
OBJD-T: ba400000008d442414e85e8a0ff9

----------------
IN: 
0x06ff2fc8:  
OBJD-T: 8b442414e852680ff9

----------------
IN: 
0x06ff2fd1:  
OBJD-T: 8b54241886f20fb7d25031c98d442420e810b0ffff

----------------
IN: 
0x06ff2fe6:  
OBJD-T: 435eebca

----------------
IN: 
0x06ff2fb4:  
OBJD-T: 3b5c24047330

----------------
IN: 
0x06ff2fea:  
OBJD-T: b89e0e0f00e8daa2ffff

----------------
IN: 
0x06fed2f5:  
OBJD-T: 8b1bebe8

----------------
IN: 
0x06fed2e1:  
OBJD-T: 85db7414

----------------
IN: 
0x06ff2ff4:  
OBJD-T: 85c00f85c7000000

----------------
IN: 
0x06ff30c3:  
OBJD-T: b8c80e0f00e801a2ffff

----------------
IN: 
0x06ff30cd:  
OBJD-T: 85c0741a

----------------
IN: 
0x06ff30d1:  
OBJD-T: 66c7051c4a0f000006680006000068d90e0f00e8b68a0ff9

----------------
IN: 
0x06ff30e9:  
OBJD-T: 595b66c74424140000b902000000ba040000008d442414e847890ff9

----------------
IN: 
0x06ff3105:  
OBJD-T: 66837c2414000f84bafcffff

----------------
IN: 
0x06ff2dcb:  
OBJD-T: 31c0ba53ff0f00e9ee030000

----------------
IN: 
0x06ff31c5:  
OBJD-T: 66891066c7400200f083c0043d0004000075ed

----------------
IN: 
0x06ff31d8:  
OBJD-T: b820000000ba3dd40f0066891066c7400200f083c00483f84075ef

----------------
IN: 
0x06ff31e2:  
OBJD-T: 66891066c7400200f083c00483f84075ef

----------------
IN: 
0x06ff31f3:  
OBJD-T: b8c0010000ba46d40f0066891066c7400200f083c0043de001000075ed

----------------
IN: 
0x06ff31fd:  
OBJD-T: 66891066c7400200f083c0043de001000075ed

----------------
IN: 
0x06ff3210:  
OBJD-T: b8c3e20f0066a30800000066c7050a00000000f0b854ff0f0066a31400000066
OBJD-T: c7051600000000f0b865f00f0066a34000000066c7054200000000f0b84df80f
OBJD-T: 0066a34400000066c7054600000000f0b841f80f0066a34800000066c7054a00
OBJD-T: 000000f0b8fee30f0066a34c00000066c7054e00000000f0b839e70f0066a350
OBJD-T: 00000066c7055200000000f0b859f80f0066a35400000066c7055600000000f0
OBJD-T: b82ee80f0066a35800000066c7055a00000000f0b8d2ef0f0066a35c00000066
OBJD-T: c7055e00000000f0b862d40f0066a36000000066c7056200000000f0b8f2e60f
OBJD-T: 0066a36400000066c7056600000000f0b86efe0f0066a36800000066c7056a00
OBJD-T: 000000f0b859ec0f0066a30001000066c7050201000000f0b88001000031d289
OBJD-T: 1083c0043d9c01000075f2

----------------
IN: 
0x06ff332d:  
OBJD-T: 31d2891083c0043d9c01000075f2

----------------
IN: 
0x06ff333b:  
OBJD-T: 31ff893de4010000b90001000031d2b800040000e8466c0ff9

----------------
IN: 
0x06ff3354:  
OBJD-T: 66c7050e040000c09f66c705130400007f02b921010000b800fc0900e8256c0f
OBJD-T: f9

----------------
IN: 
0x06ff3375:  
OBJD-T: c60500fc0900016a026a006800040000b800fc090031d2e86da8ffff

----------------
IN: 
0x06fedbfe:  
OBJD-T: 56538b5c240c8b4c24108b74241485c97504

----------------
IN: 
0x06fedc10:  
OBJD-T: 85db7413

----------------
IN: 
0x06fedc14:  
OBJD-T: 89742414895c240c894c24105b5ee903feffff

----------------
IN: 
0x06feda2a:  
OBJD-T: 5557565383ec24894424088954240c8b4424388b54243c894424188954241c8b
OBJD-T: 6c2440034424081354240c89042489542404a104560f008944242031db8b4424
OBJD-T: 2039c30f8d54010000

----------------
IN: 
0x06feda73:  
OBJD-T: 6bc3148bb020560f008bb824560f0089f289f9039028560f0013882c560f0089
OBJD-T: 542410894c24148b4c2408394c24108b4c24141b4c240c7303

----------------
IN: 
0x06fedaaf:  
OBJD-T: 8b4c240839ce89f91b4c240c737a

----------------
IN: 
0x06fedabd:  
OBJD-T: 8d8820560f008b41108944242039e8751d

----------------
IN: 
0x06fedaeb:  
OBJD-T: 8b4424088b54240c29f019fa89410889510c438b4424103904248b4424041b44
OBJD-T: 24147328

----------------
IN: 
0x06fedb37:  
OBJD-T: 6bf3143b1d04560f000f8d81000000

----------------
IN: 
0x06fedb46:  
OBJD-T: 8d8e20560f008b8620560f008b9624560f003904248b7c240419d77264

----------------
IN: 
0x06fedbc7:  
OBJD-T: 83fdff742a

----------------
IN: 
0x06fedbcc:  
OBJD-T: 896c24408b4424188b54241c894424388954243c8b5424088b4c240c89d883c4
OBJD-T: 245b5e5f5de998fdffff

----------------
IN: 
0x06fed98e:  
OBJD-T: 5557565383ec10891424894c24048b7c24248b6c2428897c2408896c240c8b7c
OBJD-T: 242c8b1d04560f0083fb7f7e16

----------------
IN: 
0x06fed9d1:  
OBJD-T: 6bf01489d929c16bc9148dae20560f008d8634560f0089eae89ef6ffff

----------------
IN: 
0x06fed9ee:  
OBJD-T: 43891d04560f008b04248b542404898620560f00899624560f008b4424088b54
OBJD-T: 240c898628560f0089962c560f0089be30560f0083c4105b5e5f5dc3

----------------
IN: 
0x06ff3391:  
OBJD-T: b8188e0e002d00900d00a310860e00b0b8e670

----------------
IN: 
0x06ff33a4:  
OBJD-T: e471

----------------
IN: 
0x06ff33a6:  
OBJD-T: 83c40ca8017408

----------------
IN: 
0x06ff33b5:  
OBJD-T: b0bde670

----------------
IN: 
0x06ff33b9:  
OBJD-T: e471

----------------
IN: 
0x06ff33bb:  
OBJD-T: 0fb6d0b0b8e670

----------------
IN: 
0x06ff33c2:  
OBJD-T: e471

----------------
IN: 
0x06ff33c4:  
OBJD-T: c1e00425000f000009d0c70524feff060f270000c70528feff060f270000c705
OBJD-T: 2cfeff060f270000c70530feff060f270000ba6500000089c183e10f89c3c1e8
OBJD-T: 0483f903742c

----------------
IN: 
0x06ff340a:  
OBJD-T: 80e30c7512

----------------
IN: 
0x06ff340f:  
OBJD-T: 83f901741a

----------------
IN: 
0x06ff3414:  
OBJD-T: 83f9027523

----------------
IN: 
0x06ff3419:  
OBJD-T: 891528feff06eb1b

----------------
IN: 
0x06ff343c:  
OBJD-T: 4283fa6875b9

----------------
IN: 
0x06ff33fb:  
OBJD-T: 89c183e10f89c3c1e80483f903742c

----------------
IN: 
0x06ff342e:  
OBJD-T: 891530feff06eb06

----------------
IN: 
0x06ff3436:  
OBJD-T: 89152cfeff064283fa6875b9

----------------
IN: 
0x06ff3442:  
OBJD-T: ba60ea000031c9b8150f0f00e8ac9effff

----------------
IN: 
0x06ff3453:  
OBJD-T: a3a04d0f0031d2b8280f0f00e873aaffff

----------------
IN: 
0x06feded7:  
OBJD-T: 5557565389d7e8ecf3ffff

----------------
IN: 
0x06fedee2:  
OBJD-T: 85c07429

----------------
IN: 
0x06fedee6:  
OBJD-T: 89c68ba88400000085ed741d

----------------
IN: 
0x06fedf0f:  
OBJD-T: 31dbeb23

----------------
IN: 
0x06fedf36:  
OBJD-T: 89d85b5e5f5dc3

----------------
IN: 
0x06ff3464:  
OBJD-T: 89c385c00f84b3000000

----------------
IN: 
0x06ff3521:  
OBJD-T: 31d2b8470f0f00e8aaa9ffff

----------------
IN: 
0x06ff352d:  
OBJD-T: 89c385c00f84ec000000

----------------
IN: 
0x06ff3623:  
OBJD-T: c705a4600f007bd20f00ba10000000b8a0600f00e888680ff9

----------------
IN: 
0x000e9ec4:  
OBJD-T: 01c231c939d07405

----------------
IN: 
0x000e9ecc:  
OBJD-T: 020840ebf7

----------------
IN: 
0x000e9ec8:  
OBJD-T: 39d07405

----------------
IN: 
0x000e9ed1:  
OBJD-T: 88c8c3

----------------
IN: 
0x06ff363c:  
OBJD-T: 2805aa600f00b8c0d00f0066a3f7550f0066c705f9550f0000f0ba10000000b8
OBJD-T: f0550f00e85f680ff9

----------------
IN: 
0x06ff3665:  
OBJD-T: 2805f6550f00b822d10f0066a3cd600f00b81ed10f0066a3d1600f00ba210000
OBJD-T: 00b8c0600f00e834680ff9

----------------
IN: 
0x06ff3690:  
OBJD-T: 2805c8600f00c605960400001066c7051a0400001e0066c7051c0400001e0066
OBJD-T: c705800400001e0066c705820400003e0066830d100400000481c4940000005b
OBJD-T: 5e5fc3

----------------
IN: 
0x06ffb88c:  
OBJD-T: e8c5d8ffff

----------------
IN: 
0x06ff9156:  
OBJD-T: 5557565381eca800000031d288d0e60d

----------------
IN: 
0x06ff9166:  
OBJD-T: e6da

----------------
IN: 
0x06ff9168:  
OBJD-T: b0c0e6d6

----------------
IN: 
0x06ff916c:  
OBJD-T: 88d0e6d4

----------------
IN: 
0x06ff9170:  
OBJD-T: e8340c0ff9

----------------
IN: 
0x000e9da9:  
OBJD-T: b011e620

----------------
IN: 
0x000e9dad:  
OBJD-T: e6a0

----------------
IN: 
0x000e9daf:  
OBJD-T: b008e621

----------------
IN: 
0x000e9db3:  
OBJD-T: b070e6a1

----------------
IN: 
0x000e9db7:  
OBJD-T: b004e621

----------------
IN: 
0x000e9dbb:  
OBJD-T: b002e6a1

----------------
IN: 
0x000e9dbf:  
OBJD-T: b001e621

----------------
IN: 
0x000e9dc3:  
OBJD-T: e6a1

----------------
IN: 
0x000e9dc5:  
OBJD-T: b0fbe621

----------------
IN: 
0x000e9dc9:  
OBJD-T: b0ffe6a1

----------------
IN: 
0x000e9dcd:  
OBJD-T: c3

----------------
IN: 
0x06ff9175:  
OBJD-T: c605c14d0f0001b801000000e83b240ff9

----------------
IN: 
0x000eb5c1:  
OBJD-T: 5389c389e03d00700000760a

----------------
IN: 
0x000eb5d7:  
OBJD-T: b91800000031d2b81c8e0e00e8b2e9ffff

----------------
IN: 
0x000eb5e8:  
OBJD-T: 85db7407

----------------
IN: 
0x000eb5ec:  
OBJD-T: c6051c8e0e0001c6051e8e0e00015bc3

----------------
IN: 
0x06ff9186:  
OBJD-T: ba0100000031c9b8ed2e0f00e86841ffff

----------------
IN: 
0x06fed314:  
OBJD-T: 89f089faeb33

----------------
IN: 
0x06fed34d:  
OBJD-T: 595e5e5f5dc3

----------------
IN: 
0x06ff9197:  
OBJD-T: a2c04d0f0066830d1004000002ba34d40f000fb7d281ca000000f0b80d000000
OBJD-T: e83d36ffff

----------------
IN: 
0x06fec7f9:  
OBJD-T: 565389c189d3ba01000000d3e2e421

----------------
IN: 
0x06fec808:  
OBJD-T: 89d6f7d621f0e621

----------------
IN: 
0x06fec810:  
OBJD-T: e4a1

----------------
IN: 
0x06fec812:  
OBJD-T: 66c1ea08f7d221d0e6a1

----------------
IN: 
0x06fec81c:  
OBJD-T: 8d410883f9077e03

----------------
IN: 
0x06fec824:  
OBJD-T: 8d4168891c85000000005b5ec3

----------------
IN: 
0x06ff91bc:  
OBJD-T: e8a0c3ffff

----------------
IN: 
0x06ff5561:  
OBJD-T: 5557565381ecd0000000e8ea380ff9

----------------
IN: 
0x06ff5570:  
OBJD-T: 8944240c85c00f84c3010000

----------------
IN: 
0x06ff573f:  
OBJD-T: f605e0550f00048d5c245c0f84ce000000

----------------
IN: 
0x06ff581e:  
OBJD-T: e873a4ffff

----------------
IN: 
0x06fefc96:  
OBJD-T: 5557565383ec5c8a0d01ffff0684c9745e

----------------
IN: 
0x06fefca7:  
OBJD-T: 31c031d2f6c1200f94c00f95c2d3e0d3e2a3f0feff068915f4feff0680f92e76
OBJD-T: 13

----------------
IN: 
0x06fefcdb:  
OBJD-T: 80f9237625

----------------
IN: 
0x06fefce0:  
OBJD-T: 803d00ffff0600741c

----------------
IN: 
0x06fefd05:  
OBJD-T: 6872030f00e890be0ff9

----------------
IN: 
0x06fefd0f:  
OBJD-T: baf80c0000b800000080ef

----------------
IN: 
0x06fefd1a:  
OBJD-T: ed

----------------
IN: 
0x06fefd1b:  
OBJD-T: 5d3d00000080740a

----------------
IN: 
0x06fefd2d:  
OBJD-T: 31d231c9b832030f00e8c4d5ffff

----------------
IN: 
0x06fefd3b:  
OBJD-T: 89c3c6442450008d54245031c0e868f5ffff

----------------
IN: 
0x06fef2b5:  
OBJD-T: 5557565383ec0889c689d350685cf2ff066804000f00e8cfc80ff9

----------------
IN: 
0x06fef2d0:  
OBJD-T: 89f7c1e7080fb7ff8d47ff8944240c89f2e829bfffff

----------------
IN: 
0x06feb20f:  
OBJD-T: 565389c389d6a8077531

----------------
IN: 
0x06feb24a:  
OBJD-T: 43ebe0

----------------
IN: 
0x06feb22d:  
OBJD-T: 0fb6c739f07519

----------------
IN: 
0x06feb234:  
OBJD-T: 0fb7c331d2e80bdf0ff9

----------------
IN: 
0x06feb23e:  
OBJD-T: 486683f8fd760b

----------------
IN: 
0x06feb250:  
OBJD-T: 89d85b5ec3

----------------
IN: 
0x06fef2e6:  
OBJD-T: 89c783c40c85ff7841

----------------
IN: 
0x06fef2ef:  
OBJD-T: 0fb7efba0a00000089e8e84b9e0ff9

----------------
IN: 
0x06fef2fe:  
OBJD-T: 663d0406751f

----------------
IN: 
0x06fef323:  
OBJD-T: 89f289f8e8e3beffff

----------------
IN: 
0x06feb219:  
OBJD-T: 0fb7c0ba0e000000e861df0ff9

----------------
IN: 
0x000e9187:  
OBJD-T: 89d18b15b84d0f000fb7c085d2740a

----------------
IN: 
0x000e91a0:  
OBJD-T: c1e00889ca81e2fc00000009d00d00000080baf80c0000ef

----------------
IN: 
0x000e91b8:  
OBJD-T: 83e1038d91fc0c0000ec

----------------
IN: 
0x000e91c2:  
OBJD-T: c3

----------------
IN: 
0x06feb226:  
OBJD-T: 84c07820

----------------
IN: 
0x06feb22a:  
OBJD-T: 83c3080fb6c739f07519

----------------
IN: 
0x06fef32c:  
OBJD-T: 89c7ebbb

----------------
IN: 
0x06fef2eb:  
OBJD-T: 85ff7841

----------------
IN: 
0x06feb245:  
OBJD-T: f6c30774e0

----------------
IN: 
0x06feb24d:  
OBJD-T: 83cbff89d85b5ec3

----------------
IN: 
0x06fef330:  
OBJD-T: 89f28b0424e8d5beffff

----------------
IN: 
0x06fef33a:  
OBJD-T: 89c585c00f88bd010000

----------------
IN: 
0x06fef344:  
OBJD-T: 0fb7c5890424ba0a000000e8f59d0ff9

----------------
IN: 
0x06fef354:  
OBJD-T: 663d04060f859a010000

----------------
IN: 
0x06fef4f8:  
OBJD-T: 89f289e8e934feffff

----------------
IN: 
0x06fef335:  
OBJD-T: e8d5beffff

----------------
IN: 
0x06fef501:  
OBJD-T: 83c4085b5e5f5dc3

----------------
IN: 
0x06fefd4d:  
OBJD-T: 84db752c

----------------
IN: 
0x06fefd51:  
OBJD-T: 68aa030f00e844be0ff9

----------------
IN: 
0x06fefd5b:  
OBJD-T: e881fdffff

----------------
IN: 
0x06fefae1:  
OBJD-T: 5557565381ec14040000b90004000031d28d442414e89fa40ff9

----------------
IN: 
0x06fefafb:  
OBJD-T: 31d231c9b832030f00e8f6d7ffff

----------------
IN: 
0x06fefb09:  
OBJD-T: 8944240c31ed833dec550f00007908

----------------
IN: 
0x06fefb20:  
OBJD-T: 31c08904248944240883ceffc7442404c8fdff064689f0c1e0080fb7c04889f2
OBJD-T: e8cab6ffff

----------------
IN: 
0x06fefb45:  
OBJD-T: 89c785ff0f8809010000

----------------
IN: 
0x06fefb4f:  
OBJD-T: b820000000e846e2ffff

----------------
IN: 
0x06fefb59:  
OBJD-T: 89c385c07519

----------------
IN: 
0x06fefb78:  
OBJD-T: b92000000031d2e816a40ff9

----------------
IN: 
0x06fefb84:  
OBJD-T: 8d4004894424108b542404e89bb5ffff

----------------
IN: 
0x06fefb94:  
OBJD-T: 458b44b41485c07522

----------------
IN: 
0x06fefb9d:  
OBJD-T: 397424087403

----------------
IN: 
0x06fefba6:  
OBJD-T: 3935ec550f007c09

----------------
IN: 
0x06fefbae:  
OBJD-T: 8b142489742408eb0c

----------------
IN: 
0x06fefbc3:  
OBJD-T: 66893b89430c8853020fb7c78944240431d2e83b950ff9

----------------
IN: 
0x000e9115:  
OBJD-T: 8b0db84d0f000fb7c085c9740a

----------------
IN: 
0x000e912c:  
OBJD-T: c1e00881e2fc00000009d00d00000080baf80c0000ef

----------------
IN: 
0x000e9142:  
OBJD-T: bafc0c0000ed

----------------
IN: 
0x000e9148:  
OBJD-T: c3

----------------
IN: 
0x06fefbda:  
OBJD-T: 894310ba080000000fb7c7e82b950ff9

----------------
IN: 
0x06fefbea:  
OBJD-T: 89c2c1ea106689531486e066894316ba0e0000000fb7c7e881950ff9

----------------
IN: 
0x06fefc06:  
OBJD-T: 88431883e07f483c01772f

----------------
IN: 
0x06fefc40:  
OBJD-T: 89f289f8e8c6b5ffff

----------------
IN: 
0x06fefc49:  
OBJD-T: 89c78b44241089442404e9effeffff

----------------
IN: 
0x06fefb47:  
OBJD-T: 85ff0f8809010000

----------------
IN: 
0x06fefc58:  
OBJD-T: a1ec550f0081feff0000007415

----------------
IN: 
0x06fefc65:  
OBJD-T: 8b4c240c390c240f8cc2feffff

----------------
IN: 
0x06fefc72:  
OBJD-T: 39f00f8fbafeffff

----------------
IN: 
0x06fefc7a:  
OBJD-T: ff35ec550f00556846030f00e814bf0ff9

----------------
IN: 
0x06fefc8b:  
OBJD-T: 81c4200400005b5e5f5dc3

----------------
IN: 
0x06fefd60:  
OBJD-T: a110ffff06a3a0fdff0631f68935a4fdff06a1c8fdff068d58fc5feb1b

----------------
IN: 
0x06fefd98:  
OBJD-T: 83fbfc7416

----------------
IN: 
0x06fefd9d:  
OBJD-T: 31c989dab8e0f8ff06e83dbaffff

----------------
IN: 
0x06feb7e8:  
OBJD-T: 565389d38b1085d2743f

----------------
IN: 
0x06feb7f2:  
OBJD-T: 83faff7408

----------------
IN: 
0x06feb7f7:  
OBJD-T: 0fb7731039d6752d

----------------
IN: 
0x06feb7ff:  
OBJD-T: 8b500483faff7408

----------------
IN: 
0x06feb807:  
OBJD-T: 0fb7731239f2751d

----------------
IN: 
0x06feb80f:  
OBJD-T: 0fb7531433500823500c7511

----------------
IN: 
0x06feb81b:  
OBJD-T: 8b701085f67406

----------------
IN: 
0x06feb822:  
OBJD-T: 89ca89d8ffd6

----------------
IN: 
0x06feb9b6:  
OBJD-T: a110ffff063d00000080770c

----------------
IN: 
0x06feb9c2:  
OBJD-T: c705a0fdff0600000080eb11

----------------
IN: 
0x06feb9df:  
OBJD-T: 31c0a3a4fdff06c70584fdff0621b9fe06c3

----------------
IN: 
0x06feb828:  
OBJD-T: 31c0eb0e

----------------
IN: 
0x06feb83a:  
OBJD-T: 5b5ec3

----------------
IN: 
0x06fefdab:  
OBJD-T: 8b5b0483eb04ebe5

----------------
IN: 
0x06feb82c:  
OBJD-T: 83c014ebbb

----------------
IN: 
0x06feb7ec:  
OBJD-T: 8b1085d2743f

----------------
IN: 
0x06feb831:  
OBJD-T: 83780c0075c0

----------------
IN: 
0x06feb837:  
OBJD-T: 83c8ff5b5ec3

----------------
IN: 
0x06fefdb3:  
OBJD-T: 68c6030f00e8e2bd0ff9

----------------
IN: 
0x06fefdbd:  
OBJD-T: a1ec550f00406bc028e8d4dfffff

----------------
IN: 
0x06fefdcb:  
OBJD-T: 894424045b85c07516

----------------
IN: 
0x06fefdea:  
OBJD-T: a1ec550f008d48016bc92831d28b0424e89ba10ff9

----------------
IN: 
0x06fefdff:  
OBJD-T: 68ea030f00e896bd0ff9

----------------
IN: 
0x06fefe09:  
OBJD-T: a1c8fdff068d58fc5983fbfc0f840b020000

----------------
IN: 
0x06fefe1b:  
OBJD-T: 66817b140406750e

----------------
IN: 
0x06fefe31:  
OBJD-T: 8b030fb6c46bc0288b3c2401f88944242c837824007504

----------------
IN: 
0x06fefe48:  
OBJD-T: 897c242c31ed66817b140406750b

----------------
IN: 
0x06fefe61:  
OBJD-T: 83fd067409

----------------
IN: 
0x06fefe66:  
OBJD-T: 8d34ad10000000eb15

----------------
IN: 
0x06fefe84:  
OBJD-T: 0fb7038944240489f2e883920ff9

----------------
IN: 
0x06fefe92:  
OBJD-T: 89c783fd06752e

----------------
IN: 
0x06fefec7:  
OBJD-T: a8017533

----------------
IN: 
0x06fefecb:  
OBJD-T: 83e00883f80119c089442414834424140289f883e00683f8040f94c00fb6c089
OBJD-T: 44240cc7442424f0ffffff31c089442428eb16

----------------
IN: 
0x06feff14:  
OBJD-T: 83c9ff89f28b442404e82c910ff9

----------------
IN: 
0x000e904e:  
OBJD-T: 565389d38b35b84d0f000fb7d085f6740b

----------------
IN: 
0x000e906a:  
OBJD-T: 89d0c1e00881e3fc00000009d80d00000080baf80c0000ef

----------------
IN: 
0x000e9082:  
OBJD-T: bafc0c000089c8ef

----------------
IN: 
0x000e908a:  
OBJD-T: 5b5ec3

----------------
IN: 
0x06feff22:  
OBJD-T: 89f28b442404e8e8910ff9

----------------
IN: 
0x06feff2d:  
OBJD-T: 8944243431c08944243889f989f28b442404e80a910ff9

----------------
IN: 
0x06feff44:  
OBJD-T: 837c240c007468

----------------
IN: 
0x06feffb3:  
OBJD-T: 8b44243423442424f7d831d285d27504

----------------
IN: 
0x06feffc3:  
OBJD-T: 85c0744a

----------------
IN: 
0x06ff0011:  
OBJD-T: 4583fd060f8e33feffff

----------------
IN: 
0x06fefe4e:  
OBJD-T: 66817b140406750b

----------------
IN: 
0x06fefe6f:  
OBJD-T: 8a431883e07ffec80f94c00fb6c08d34c5300000000fb7038944240489f2e883
OBJD-T: 920ff9

----------------
IN: 
0x06fefe99:  
OBJD-T: b900f8ffff89f28b442404e8a5910ff9

----------------
IN: 
0x06fefea9:  
OBJD-T: c744242400f8ffff31c089442428c74424140100000031d28954240ceb5b

----------------
IN: 
0x06ff001b:  
OBJD-T: 8b5b0483eb04e9ecfdffff

----------------
IN: 
0x06fefe12:  
OBJD-T: 83fbfc0f840b020000

----------------
IN: 
0x06fefefe:  
OBJD-T: c7442424fcffffff31c089442428894424148944240c83c9ff89f28b442404e8
OBJD-T: 2c910ff9

----------------
IN: 
0x06feffc7:  
OBJD-T: b9ff0f000039c1b90000000019d1720e

----------------
IN: 
0x06feffd7:  
OBJD-T: 837c2414007407

----------------
IN: 
0x06feffe5:  
OBJD-T: ff74240cff7424185250525089e989da8b442444e877e0ffff

----------------
IN: 
0x06fee075:  
OBJD-T: 5557565383ec1089c6891424894c240c8b442424894424048b44242889442408
OBJD-T: 8b7c242c8b6c2430b828000000e8f8fcffff

----------------
IN: 
0x06fee0a7:  
OBJD-T: 89c385c07514

----------------
IN: 
0x06fee0c1:  
OBJD-T: b92800000031d2e8cdbe0ff9

----------------
IN: 
0x06fee0cd:  
OBJD-T: 8b042489038b44240c8943048b4424048943088b44240889430c897b10896b14
OBJD-T: 8b4424388943188b44243489431c6bc00c8d5406088914248b44060885c0742d

----------------
IN: 
0x06fee13a:  
OBJD-T: 8d43208b1424e8eacfffff

----------------
IN: 
0x06fee145:  
OBJD-T: 89d883c4105b5e5f5dc3

----------------
IN: 
0x06fefffe:  
OBJD-T: 83c418

----------------
IN: 
0x06ff0001:  
OBJD-T: 85c00f8406090000

----------------
IN: 
0x06ff0009:  
OBJD-T: 837c240c0183ddff4583fd060f8e33feffff

----------------
IN: 
0x06fee10d:  
OBJD-T: 8b70f08b48f439fe89ca19ea721f

----------------
IN: 
0x06ff0026:  
OBJD-T: a1ec550f008944242c6bc0288b3c248d2c07837c242c000f8ec9030000

----------------
IN: 
0x06ff040c:  
OBJD-T: 6894040f00e889b70ff9

----------------
IN: 
0x06ff0416:  
OBJD-T: 8b442404e8e8b5ffff

----------------
IN: 
0x06feba07:  
OBJD-T: 5589e5538b500883ea2031c931db83fae0740e

----------------
IN: 
0x06feba1a:  
OBJD-T: 034a08135a0c8b522083ea20ebed

----------------
IN: 
0x06feba15:  
OBJD-T: 83fae0740e

----------------
IN: 
0x06feba28:  
OBJD-T: 89c889da5b5dc3

----------------
IN: 
0x06ff041f:  
OBJD-T: 59b9ff3f000039c1b90000000019d17327

----------------
IN: 
0x06ff0457:  
OBJD-T: b900c0000031db8b3c24890f895f0489ce89df83c6ff83d7ff01c611d7575653
OBJD-T: 5168b8040f00e81db70ff9

----------------
IN: 
0x06ff0482:  
OBJD-T: 6a00680000c0feff35a4fdff06ff35a0fdff0668d0040f00e800b70ff9

----------------
IN: 
0x06ff049f:  
OBJD-T: 83c428833de8feff06007444

----------------
IN: 
0x06ff04ef:  
OBJD-T: 8b0424e87cb5ffff

----------------
IN: 
0x06feba73:  
OBJD-T: 55575653518d681883c00c890424e86bffffff

----------------
IN: 
0x06feb9f1:  
OBJD-T: 8b400885c07407

----------------
IN: 
0x06feb9f8:  
OBJD-T: 8b50f48b40f0c3

----------------
IN: 
0x06feba86:  
OBJD-T: 89c689d189e8e860ffffff

----------------
IN: 
0x06feba91:  
OBJD-T: 39c619d17208

----------------
IN: 
0x06feba9f:  
OBJD-T: 8b0424e860ffffff

----------------
IN: 
0x06febaa7:  
OBJD-T: 89c189d38b0424e83effffff

----------------
IN: 
0x06febab3:  
OBJD-T: 89c689d7b80000c0fe31d229c819daf7de83d700f7df21c621d78b0424893089
OBJD-T: 780489e8e82bffffff

----------------
IN: 
0x06febadc:  
OBJD-T: 89c189d389e8e80affffff

----------------
IN: 
0x06febae7:  
OBJD-T: 29ce19dff7d883d200f7da21c621d7897500897d043b35a0fdff0689f81b05a4
OBJD-T: fdff060f92c1bb0000c0fe31c039f319f80f92c009c80fb6c0f7d85a5b5e5f5d
OBJD-T: c3

----------------
IN: 
0x06ff04f7:  
OBJD-T: 85c075b0

----------------
IN: 
0x06ff04fb:  
OBJD-T: 31ff893d98fdff06893d9cfdff06e98d020000

----------------
IN: 
0x06ff079b:  
OBJD-T: 8b1c2431f63b35ec550f007f26

----------------
IN: 
0x06ff07a8:  
OBJD-T: 89da8b0424e868edffff

----------------
IN: 
0x06fef51a:  
OBJD-T: 5557565383ec1c89442418895424108b42088d58e083fbe00f84d7010000

----------------
IN: 
0x06fef538:  
OBJD-T: 8b4320894424148b4424108b50048b00890424895424048b73088b7b0c01f011
OBJD-T: fa894424088954240c8b4c241089018951048b4b048b531c8b0383f9ff7520

----------------
IN: 
0x06fef597:  
OBJD-T: 85c9783d

----------------
IN: 
0x06fef59b:  
OBJD-T: ff34953cfaff065756ff742410ff74241051506864010f00e8e7c50ff9

----------------
IN: 
0x000eb458:  
OBJD-T: 468b130fb6d66a00b9020000008b442404e8a0daffff

----------------
IN: 
0x000eb46e:  
OBJD-T: ba3a0000008b442404e81fdaffff

----------------
IN: 
0x000eb47c:  
OBJD-T: 8a13c0ea030fb6d26a00b9020000008b442408e87adaffff

----------------
IN: 
0x000eb494:  
OBJD-T: ba2e0000008b442408e8f9d9ffff

----------------
IN: 
0x000eb4a2:  
OBJD-T: 8b1383e20731c98b442408e83cdaffff

----------------
IN: 
0x000eb4b2:  
OBJD-T: e98d000000

----------------
IN: 
0x06fef5b8:  
OBJD-T: 83c4208b5304ff7318ff742408ff7424088b03e861d2ffff

----------------
IN: 
0x06fec831:  
OBJD-T: 5557565389c68b4c24148b7c24188b6c241c83fa067409

----------------
IN: 
0x06fec848:  
OBJD-T: 8d1c9510000000eb14

----------------
IN: 
0x06fec865:  
OBJD-T: 0fb70689dae8dfc70ff9

----------------
IN: 
0x06fec86f:  
OBJD-T: 85ed7411

----------------
IN: 
0x06fec884:  
OBJD-T: 5b5e5f5dc3

----------------
IN: 
0x06fef5d0:  
OBJD-T: 83c40ce91c010000

----------------
IN: 
0x06fef6f4:  
OBJD-T: 8d4320e824baffff

----------------
IN: 
0x06feb120:  
OBJD-T: 8b108b4004891085d27403

----------------
IN: 
0x06feb12b:  
OBJD-T: 894204c3

----------------
IN: 
0x06fef6fc:  
OBJD-T: 89d8e829dfffff

----------------
IN: 
0x06fed62c:  
OBJD-T: 85c07418

----------------
IN: 
0x06fed630:  
OBJD-T: e861deffff

----------------
IN: 
0x06feb496:  
OBJD-T: 565389c6e8d9ffffff

----------------
IN: 
0x06feb478:  
OBJD-T: 89c131d28b049544feff068b0085c07406

----------------
IN: 
0x06feb489:  
OBJD-T: 39480875f5

----------------
IN: 
0x06feb483:  
OBJD-T: 8b0085c07406

----------------
IN: 
0x06feb48f:  
OBJD-T: 4283fa0575e7

----------------
IN: 
0x06feb47c:  
OBJD-T: 8b049544feff068b0085c07406

----------------
IN: 
0x06feb48e:  
OBJD-T: c3

----------------
IN: 
0x06feb49f:  
OBJD-T: 85c07422

----------------
IN: 
0x06feb4a3:  
OBJD-T: 89c383c8ff39f3741c

----------------
IN: 
0x06feb4ac:  
OBJD-T: 837b10007416

----------------
IN: 
0x06feb4b2:  
OBJD-T: 89d8e8a6ffffff

----------------
IN: 
0x06feb45f:  
OBJD-T: 8b1085d2740e

----------------
IN: 
0x06feb465:  
OBJD-T: 8b4808394a0c7506

----------------
IN: 
0x06feb46d:  
OBJD-T: 8b480c894a0ce9a8fcffff

----------------
IN: 
0x06feb4b9:  
OBJD-T: 8d43ece89effffff

----------------
IN: 
0x06feb4c1:  
OBJD-T: 31c0eb03

----------------
IN: 
0x06feb4c8:  
OBJD-T: 5b5ec3

----------------
IN: 
0x06fed635:  
OBJD-T: 85c0740f

----------------
IN: 
0x06fed648:  
OBJD-T: c3

----------------
IN: 
0x06fef703:  
OBJD-T: 8b5c241483eb20e920feffff

----------------
IN: 
0x06fef52f:  
OBJD-T: 83fbe00f84d7010000

----------------
IN: 
0x06feb12e:  
OBJD-T: c3

----------------
IN: 
0x06fef70f:  
OBJD-T: 83c41c5b5e5f5dc3

----------------
IN: 
0x06ff07b2:  
OBJD-T: 8d530c8b0424e85dedffff

----------------
IN: 
0x06fec851:  
OBJD-T: 8a401883e07f31dbfec80f94c38d1cdd300000000fb70689dae8dfc70ff9

----------------
IN: 
0x06ff07bd:  
OBJD-T: 8d53188b0424e852edffff

----------------
IN: 
0x06ff07c8:  
OBJD-T: 4683c328ebd2

----------------
IN: 
0x06ff07a0:  
OBJD-T: 3b35ec550f007f26

----------------
IN: 
0x06ff07ce:  
OBJD-T: a1c8fdff068d58fc83fbfc0f8486000000

----------------
IN: 
0x06ff07df:  
OBJD-T: 0fb74312500fb7431050536860050f00e8abb30ff9

----------------
IN: 
0x06ff07f4:  
OBJD-T: 0fb733ba3d00000089f0e884890ff9

----------------
IN: 
0x06ff0803:  
OBJD-T: 0fb6d083c41085d27417

----------------
IN: 
0x06ff0824:  
OBJD-T: 31c989dab820f9ff06e8b6afffff

----------------
IN: 
0x06ff0832:  
OBJD-T: b903010000ba0400000089f0e8e4beffff

----------------
IN: 
0x06fec727:  
OBJD-T: 57535389cf0fb7d889142489d8e810ca0ff9

----------------
IN: 
0x06fec739:  
OBJD-T: 09f80fb7c88b142489d85f5b5fe942c90ff9

----------------
IN: 
0x000e908d:  
OBJD-T: 565389d38b15b84d0f000fb7c085d2740c

----------------
IN: 
0x000e90aa:  
OBJD-T: c1e00889da81e2fc00000009d00d00000080baf80c0000ef

----------------
IN: 
0x000e90c2:  
OBJD-T: 83e3028d93fc0c000089c866ef

----------------
IN: 
0x000e90cf:  
OBJD-T: 5b5ec3

----------------
IN: 
0x06ff0843:  
OBJD-T: f64318017411

----------------
IN: 
0x06ff085a:  
OBJD-T: 8b5b0483eb04e971ffffff

----------------
IN: 
0x06ff07d6:  
OBJD-T: 83fbfc0f8486000000

----------------
IN: 
0x06fef717:  
OBJD-T: 5756535289c666c74424020000bb600000000fb683d8f9ff0689c189c2c1fa03
OBJD-T: 83e107bf01000000d3e789f9084c14020fb73e89c189da89f8e87d990ff9

----------------
IN: 
0x000e90d2:  
OBJD-T: 565389d38b15b84d0f000fb7c085d2740b

----------------
IN: 
0x000e90ee:  
OBJD-T: c1e00889da81e2fc00000009d00d00000080baf80c0000ef

----------------
IN: 
0x000e9106:  
OBJD-T: 83e3038d93fc0c000088c8ee

----------------
IN: 
0x000e9112:  
OBJD-T: 5b5ec3

----------------
IN: 
0x06fef755:  
OBJD-T: 4383fb6475ce

----------------
IN: 
0x06fef729:  
OBJD-T: 0fb683d8f9ff0689c189c2c1fa0383e107bf01000000d3e789f9084c14020fb7
OBJD-T: 3e89c189da89f8e87d990ff9

----------------
IN: 
0x06fef75b:  
OBJD-T: bad00400008a442402ee

----------------
IN: 
0x06fef765:  
OBJD-T: 0fb6442403bad1040000ee

----------------
IN: 
0x06fef770:  
OBJD-T: 500fb64424065068a4010f00e81ec40ff9

----------------
IN: 
0x06fef781:  
OBJD-T: 83c4105b5e5fc3

----------------
IN: 
0x06feb987:  
OBJD-T: 530fb718b900800000ba4000000089d8e8f1d60ff9

----------------
IN: 
0x06feb99c:  
OBJD-T: ba4200000089d85be9e4d60ff9

----------------
IN: 
0x06ff080d:  
OBJD-T: 89d8ff1584fdff06

----------------
IN: 
0x06feb921:  
OBJD-T: 5331c98b580c8b00c0e8030fb6c085db7406

----------------
IN: 
0x06feb939:  
OBJD-T: 8d4401ff8d4402ff83e0030fb68038faff065bc3

----------------
IN: 
0x06ff0815:  
OBJD-T: 0fb6c8ba3c00000089f0e8ae880ff9

----------------
IN: 
0x06feeef3:  
OBJD-T: 0fb700a3104a0f00e82ca40ff9

----------------
IN: 
0x000e932c:  
OBJD-T: 56530fb7f0b909000000ba3c00000089f0e890fdffff

----------------
IN: 
0x000e9342:  
OBJD-T: 668b1d1c4a0f0089d983c9010fb7c9ba4000000089f0e8f1fcffff

----------------
IN: 
0x000e935d:  
OBJD-T: b901000000ba8000000089f0e864fdffff

----------------
IN: 
0x000e936e:  
OBJD-T: 0fb7cb81c10001000083c901ba9000000089f0e8c8fcffff

----------------
IN: 
0x000e9386:  
OBJD-T: b909000000bad200000089f05b5ee939fdffff

----------------
IN: 
0x06feef00:  
OBJD-T: 0fb7151c4a0f0089d083c2048915e4550f0083c0080fb7c0e9a5ffffff

----------------
IN: 
0x06feeec2:  
OBJD-T: 66833d98600f00407526

----------------
IN: 
0x06feeecc:  
OBJD-T: 5389c30fb7c05068e5fc0e00e8c2cc0ff9

----------------
IN: 
0x06feeedd:  
OBJD-T: 66891d98600f00c7059c600f00fc0d0000585a5bc3

----------------
IN: 
0x06ff0865:  
OBJD-T: 8b0424e8bfcdffff

----------------
IN: 
0x06ff086d:  
OBJD-T: a1c8fdff068d58fc83fbfc7422

----------------
IN: 
0x06ff087a:  
OBJD-T: 89d8e86cadffff

----------------
IN: 
0x06feb5ed:  
OBJD-T: 6681781400037539

----------------
IN: 
0x06feb62e:  
OBJD-T: 31c0c3

----------------
IN: 
0x06ff0881:  
OBJD-T: 85c0740f

----------------
IN: 
0x06ff0894:  
OBJD-T: 8b5b0483eb04ebd9

----------------
IN: 
0x06ff0875:  
OBJD-T: 83fbfc7422

----------------
IN: 
0x06feb5f5:  
OBJD-T: 5389c30fb700ba04000000e844db0ff9

----------------
IN: 
0x06feb605:  
OBJD-T: f7d0a8037415

----------------
IN: 
0x06feb620:  
OBJD-T: 8b5b0c85db75e8

----------------
IN: 
0x06feb627:  
OBJD-T: b8010000005bc3

----------------
IN: 
0x06ff0885:  
OBJD-T: 536880050f00e80fb30ff9

----------------
IN: 
0x06ff0890:  
OBJD-T: 5b5eeb7b

----------------
IN: 
0x06ff090f:  
OBJD-T: 83c45c5b5e5f5dc3

----------------
IN: 
0x06ff5823:  
OBJD-T: ba13710000b886800000e88e5fffff

----------------
IN: 
0x06feb7c0:  
OBJD-T: 5389c3a1c8fdff0683e80483f8fc7414

----------------
IN: 
0x06feb7d0:  
OBJD-T: 663958107506

----------------
IN: 
0x06feb7d6:  
OBJD-T: 66395012740a

----------------
IN: 
0x06feb7dc:  
OBJD-T: 8b48048d41fcebe7

----------------
IN: 
0x06feb7cb:  
OBJD-T: 83f8fc7414

----------------
IN: 
0x06feb7e6:  
OBJD-T: 5bc3

----------------
IN: 
0x06ff5832:  
OBJD-T: 89c6ba37120000b886800000e87d5fffff

----------------
IN: 
0x06ff5843:  
OBJD-T: 85f67404

----------------
IN: 
0x06ff5847:  
OBJD-T: 85c07528

----------------
IN: 
0x06ff5873:  
OBJD-T: 0fb7168915044a0f000fb700a3004a0f00e83a4e0ff9

----------------
IN: 
0x000ea6c3:  
OBJD-T: 555756538b35044a0f0085f60f88ea000000

----------------
IN: 
0x000ea6d5:  
OBJD-T: 0fb7f6ba0200000089f0e865eaffff

----------------
IN: 
0x000ea6e4:  
OBJD-T: 8b1d004a0f00663d13717564

----------------
IN: 
0x000ea6f0:  
OBJD-T: ba5800000089f0e819eaffff

----------------
IN: 
0x000ea6fc:  
OBJD-T: 89c70fbae0190f82b7000000

----------------
IN: 
0x000ea708:  
OBJD-T: 0fb7dbb94a000000ba7200000089d8e8b6e9ffff

----------------
IN: 
0x000ea71c:  
OBJD-T: e852ffffff

----------------
IN: 
0x000ea673:  
OBJD-T: 5756b800fe0a00be00fe0300b98000000089c7f3a5

----------------
IN: 
0x000ea686:  
OBJD-T: f3a5

----------------
IN: 
0x000ea688:  
OBJD-T: b800800a00ba008003008b0a89088b5204895004b866d0000031d20fa4c218c1
OBJD-T: e0180d8cc8ea0081ca0000f000a3008003008915048003005e5fc3

----------------
IN: 
0x000ea721:  
OBJD-T: 81cf0000000289f9ba5800000089f0e819e9ffff

----------------
IN: 
0x000ea735:  
OBJD-T: 66a11c4a0f008d5028ed

----------------
IN: 
0x000ea73f:  
OBJD-T: 83c801ef

----------------
IN: 
0x000ea743:  
OBJD-T: e8cbfeffff

----------------
IN: 
0x000ea613:  
OBJD-T: 5756b001e6b3

----------------
IN: 
0x000ea619:  
OBJD-T: 31c0e6b2

----------------
IN: 
0x00038000:  
OBJD-T: 8cc8ea66d000f0

----------------
IN: 
0x000fd066:  
OBJD-T: 66ba6fd00f00e9b41b

----------------
IN: 
0x000fec23:  
OBJD-T: 2e0f011e18622e0f0116d8610f20c1

----------------
IN: 
0x000fec32:  
OBJD-T: 6681e1ffffff1f6683c9010f22c1

----------------
IN: 
0x000fec40:  
OBJD-T: 66ea48ec0f000800

----------------
IN: 
0x000fec48:  
OBJD-T: b9100000008ed9

----------------
IN: 
0x000fec4f:  
OBJD-T: 8ec1

----------------
IN: 
0x000fec51:  
OBJD-T: 8ed1

----------------
IN: 
0x000fec53:  
OBJD-T: 8ee1

----------------
IN: 
0x000fec55:  
OBJD-T: 8ee9ffe2

----------------
IN: 
0x000fd06f:  
OBJD-T: bc00800a00e8d727ffff

----------------
IN: 
0x000ef850:  
OBJD-T: 5589e557565383e4f883ec5089c2e4b2

----------------
IN: 
0x000ef860:  
OBJD-T: 0fb7d2c1e20489d38b92fcfe000081e2ffff020081fb000003007576

----------------
IN: 
0x000ef87c:  
OBJD-T: 81fa00000200750c

----------------
IN: 
0x000ef884:  
OBJD-T: c705f8fe030000000a00eb2a

----------------
IN: 
0x000ef8ba:  
OBJD-T: 31c0e6b3

----------------
IN: 
0x000ef8be:  
OBJD-T: ba00fe0300b800000a0089d6b98000000089c7f3a5

----------------
IN: 
0x000ef8d1:  
OBJD-T: f3a5

----------------
IN: 
0x000ef8d3:  
OBJD-T: b800020a0089d6b98000000089c7f3a5

----------------
IN: 
0x000ef8e1:  
OBJD-T: f3a5

----------------
IN: 
0x000ef8e3:  
OBJD-T: c705d4610f0001000000e9c9010000

----------------
IN: 
0x000efabb:  
OBJD-T: 8d65f45b5e5f5dc3

----------------
IN: 
0x000fd079:  
OBJD-T: 0faa

----------------
IN: 
0x000ea61d:  
OBJD-T: e4b3

----------------
IN: 
0x000ea61f:  
OBJD-T: 84c075fa

----------------
IN: 
0x000ea623:  
OBJD-T: b800fe0300be00fe0a00b98000000089c7f3a5

----------------
IN: 
0x000ea634:  
OBJD-T: f3a5

----------------
IN: 
0x000ea636:  
OBJD-T: b800800300ba00800a008b0a89088b5204895004b866d0000031d20fa4c218c1
OBJD-T: e0180d8cc8ea0081ca0000f000a300800a00891504800a000f095e5fc3

----------------
IN: 
0x000ea748:  
OBJD-T: b90a000000ba72000000eb60

----------------
IN: 
0x000ea7b4:  
OBJD-T: 89d85b5e5f5de913e9ffff

----------------
IN: 
0x06ff5889:  
OBJD-T: e8f67effff

----------------
IN: 
0x06fed784:  
OBJD-T: 5557565383ec1c8d442410508d44240c508d4c240c8d542408b801000000e84e
OBJD-T: ba0ff9

----------------
IN: 
0x06fed7a7:  
OBJD-T: 585a8b442410f7d0a9201000000f85cc010000

----------------
IN: 
0x06fed986:  
OBJD-T: 83c41c5b5e5f5dc3

----------------
IN: 
0x06ff588e:  
OBJD-T: 31d231c9b821170f00e8637affff

----------------
IN: 
0x06ff589c:  
OBJD-T: 89d185d27504

----------------
IN: 
0x06ff58a2:  
OBJD-T: 85c0740c

----------------
IN: 
0x06ff58b2:  
OBJD-T: 31d231c9b8520e0f00e83f7affff

----------------
IN: 
0x06ff58c0:  
OBJD-T: 89c6a3244b0f00e8b6610ff9

----------------
IN: 
0x000eba82:  
OBJD-T: 5166c74424020000833dc44c0f00007413

----------------
IN: 
0x000eba93:  
OBJD-T: b902000000ba050000008d442402e8a6ffffff

----------------
IN: 
0x000ebaa6:  
OBJD-T: b088e670

----------------
IN: 
0x000ebaaa:  
OBJD-T: e471

----------------
IN: 
0x000ebaac:  
OBJD-T: fec07416

----------------
IN: 
0x000ebab0:  
OBJD-T: b0dfe670

----------------
IN: 
0x000ebab4:  
OBJD-T: e471

----------------
IN: 
0x000ebab6:  
OBJD-T: 0fb6c04066394424027305

----------------
IN: 
0x000ebac6:  
OBJD-T: 668b4424025ac3

----------------
IN: 
0x06ff58cc:  
OBJD-T: 0fb7c039c67305

----------------
IN: 
0x06ff58d8:  
OBJD-T: e861810ff9

----------------
IN: 
0x000eda3e:  
OBJD-T: 57565383ec108d44240c508d44240c508d4c240c8d542408b801000000e895b7
OBJD-T: ffff

----------------
IN: 
0x000eda60:  
OBJD-T: 5a59833c24007407

----------------
IN: 
0x000eda68:  
OBJD-T: f644240d02751a

----------------
IN: 
0x000eda89:  
OBJD-T: c705204b0f00010000008b35000001008b3d04000100b87bd00000c1e00831d2
OBJD-T: 0cea80caf0a300000100891504000100a1f000e0fe80cc01a3f000e0fec70550
OBJD-T: 03e0fe00870000c7056003e0fe00840000c705e04a0f0001000000c7050003e0
OBJD-T: fe00450c00c7050003e0fe10460c00e8f6b8ffff

----------------
IN: 
0x000edab9:  
OBJD-T: a1f000e0fe

----------------
IN: 
0x000edabe:  
OBJD-T: 80cc01a3f000e0fec7055003e0fe00870000c7056003e0fe00840000c705e04a
OBJD-T: 0f0001000000c7050003e0fe00450c00c7050003e0fe10460c00e8f6b8ffff

----------------
IN: 
0x000edac1:  
OBJD-T: a3f000e0fe

----------------
IN: 
0x000edac6:  
OBJD-T: c7055003e0fe00870000c7056003e0fe00840000c705e04a0f0001000000c705
OBJD-T: 0003e0fe00450c00c7050003e0fe10460c00e8f6b8ffff

----------------
IN: 
0x000edac6:  
OBJD-T: c7055003e0fe00870000

----------------
IN: 
0x000edad0:  
OBJD-T: c7056003e0fe00840000c705e04a0f0001000000c7050003e0fe00450c00c705
OBJD-T: 0003e0fe10460c00e8f6b8ffff

----------------
IN: 
0x000edad0:  
OBJD-T: c7056003e0fe00840000

----------------
IN: 
0x000edada:  
OBJD-T: c705e04a0f0001000000c7050003e0fe00450c00c7050003e0fe10460c00e8f6
OBJD-T: b8ffff

----------------
IN: 
0x000edae4:  
OBJD-T: c7050003e0fe00450c00

----------------
IN: 
0x000edaee:  
OBJD-T: c7050003e0fe10460c00e8f6b8ffff

----------------
IN: 
0x000edaee:  
OBJD-T: c7050003e0fe10460c00

----------------
IN: 
0x000edaf8:  
OBJD-T: e8f6b8ffff

----------------
IN: 
0x000e93f3:  
OBJD-T: 5383ec108d44240c508d44240c508d4c240c8d542408b801000000e8e2fdffff

----------------
IN: 
0x000e9413:  
OBJD-T: 585a813d244b0f00ff000000771e

----------------
IN: 
0x000e9421:  
OBJD-T: 8b54240489d0c1e818c1ea1dbb0100000088c1d3e3091c95004b0f00eb1d

----------------
IN: 
0x000e945c:  
OBJD-T: 83c4105bc3

----------------
IN: 
0x000edafd:  
OBJD-T: e880dfffff

----------------
IN: 
0x000edb02:  
OBJD-T: 0fb7d83b1d204b0f00741f

----------------
IN: 
0x000edb2c:  
OBJD-T: e87ddcffff

----------------
IN: 
0x000eb7ae:  
OBJD-T: 5389e0bbc8610f003d000010007607

----------------
IN: 
0x000eb7c4:  
OBJD-T: 89d8e8b2d6ffff

----------------
IN: 
0x000e8e7d:  
OBJD-T: 8b50048d4afc39c87413

----------------
IN: 
0x000e8e9a:  
OBJD-T: c3

----------------
IN: 
0x000eb7cb:  
OBJD-T: 81fbc8610f007506

----------------
IN: 
0x000eb7d3:  
OBJD-T: 5be9bbffffff

----------------
IN: 
0x000eb794:  
OBJD-T: 803dc14d0f00007503

----------------
IN: 
0x000eb7a0:  
OBJD-T: b90e8a0f0031d231c0e95effffff

----------------
IN: 
0x000eb70c:  
OBJD-T: 5557565389c689e03d00001000760a

----------------
IN: 
0x000eb725:  
OBJD-T: 89d3a01c8e0e008da90000f1ff0fb73d208e0e003c02751d

----------------
IN: 
0x000eb75a:  
OBJD-T: b994cf0f00fec8740e

----------------
IN: 
0x000eb771:  
OBJD-T: 89f0ba56620000ffe1

----------------
IN: 
0x000fcf94:  
OBJD-T: b9300000008ed9

----------------
IN: 
0x000fcf9b:  
OBJD-T: 8ec1

----------------
IN: 
0x000fcf9d:  
OBJD-T: 8ed1

----------------
IN: 
0x000fcf9f:  
OBJD-T: 8ee1

----------------
IN: 
0x000fcfa1:  
OBJD-T: 8ee966eaa9cf2800

----------------
IN: 
0x000fcfa9:  
OBJD-T: 0f20c1

----------------
IN: 
0x000fcfac:  
OBJD-T: 6683e1fe0f22c1

----------------
IN: 
0x000fcfb3:  
OBJD-T: eab8cf00f0

----------------
IN: 
0x000fcfb8:  
OBJD-T: 2e0f011e206231c98ee18ee98ec18ed98ed1

----------------
IN: 
0x000fcfca:  
OBJD-T: 66ffe2

----------------
IN: 
0x000f6256:  
OBJD-T: 6689f966c1e7048ed1

----------------
IN: 
0x000f625f:  
OBJD-T: 6629fc

----------------
IN: 
0x000f6262:  
OBJD-T: 8ed96689da6689e966e8131b0000

----------------
IN: 
0x000f7d83:  
OBJD-T: 66576656665366536689c767668914246689ce66e828f2ffff

----------------
IN: 
0x000f6fc4:  
OBJD-T: 66536683ec0c66bb00d900008ec326a01cfe67884424036631c026a21cfe6631
OBJD-T: c026a320fe67807c240302745b

----------------
IN: 
0x000f6ff1:  
OBJD-T: 26a01efe84c07509

----------------
IN: 
0x000f7002:  
OBJD-T: 8ec326a12cfe67894424062666a12efe67668944240867660f015424068ec326
OBJD-T: a122fe8ee026a124fe8ee82666a128fe6625000000606689c2740f

----------------
IN: 
0x000f704c:  
OBJD-T: 8ec326a01dfe84c07804

----------------
IN: 
0x000f7056:  
OBJD-T: e670

----------------
IN: 
0x000f7058:  
OBJD-T: e471

----------------
IN: 
0x000f705a:  
OBJD-T: 678a4424036683c40c665b66c3

----------------
IN: 
0x000f7d9c:  
OBJD-T: 88c367668b14246689f866ffd6

----------------
IN: 
0x000f8a0e:  
OBJD-T: 66e819e2ffff

----------------
IN: 
0x000f6c2d:  
OBJD-T: 8cd0660fb7c06631d2663d00d90000750f

----------------
IN: 
0x000f6c4d:  
OBJD-T: 6689d066c3

----------------
IN: 
0x000f8a14:  
OBJD-T: 6685c0740f

----------------
IN: 
0x000f8a28:  
OBJD-T: fb

----------------
IN: 
0x000f8a29:  
OBJD-T: 90

----------------
IN: 
0x000f8a2a:  
OBJD-T: f390

----------------
IN: 
0x000f8a2c:  
OBJD-T: fafc66c3

----------------
IN: 
0x000f7da9:  
OBJD-T: 6689c6660fb6c366e8deedffff

----------------
IN: 
0x000f6b94:  
OBJD-T: 665666536683ec086689c33c027453

----------------
IN: 
0x000f6ba3:  
OBJD-T: 0f20c0

----------------
IN: 
0x000f6ba6:  
OBJD-T: a8017406

----------------
IN: 
0x000f6bb0:  
OBJD-T: 66be00d900008ec62666a328fe8ce026a322fe8ce826a324fe67660f01442402
OBJD-T: 678b44240226a32cfe67668b4424042666a32efe66b80100000066e870ffffff

----------------
IN: 
0x000f6b60:  
OBJD-T: 6689c1e492

----------------
IN: 
0x000f6b65:  
OBJD-T: 88c2d0ea6683e20184c90f95c138ca7406

----------------
IN: 
0x000f6b7c:  
OBJD-T: 88d066c3

----------------
IN: 
0x000f6bf0:  
OBJD-T: 8ec626a21efe8cd066b900d900008ec126a320fee470

----------------
IN: 
0x000f6c06:  
OBJD-T: 88c284c07808

----------------
IN: 
0x000f6c14:  
OBJD-T: 8ec12688161dfe26881e1cfe6631c06683c408665b665e66c3

----------------
IN: 
0x000f7db6:  
OBJD-T: 6689f0665e665b665e665f66c3

----------------
IN: 
0x000f6270:  
OBJD-T: 66ba7ab70e00e9aa89

----------------
IN: 
0x000fec23:  
OBJD-T: 2e0f011e18622e0f0116d8610f20c1

----------------
IN: 
0x000fec32:  
OBJD-T: 6681e1ffffff1f6683c9010f22c1

----------------
IN: 
0x000fec40:  
OBJD-T: 66ea48ec0f000800

----------------
IN: 
0x000fec48:  
OBJD-T: b9100000008ed9

----------------
IN: 
0x000fec4f:  
OBJD-T: 8ec1

----------------
IN: 
0x000fec51:  
OBJD-T: 8ed1

----------------
IN: 
0x000fec53:  
OBJD-T: 8ee1

----------------
IN: 
0x000fec55:  
OBJD-T: 8ee9ffe2

----------------
IN: 
0x000eb77a:  
OBJD-T: 01fc5b5e5f5dc3

----------------
IN: 
0x000edb31:  
OBJD-T: 893500000100893d04000100ff35244b0f005368300a0f00e851e0ffff

----------------
IN: 
0x000edb4e:  
OBJD-T: 83c40c83c4105b5e5fc3

----------------
IN: 
0x06ff58dd:  
OBJD-T: 813d244b0f00ff0000000f87dc030000

----------------
IN: 
0x06ff58ed:  
OBJD-T: c705e0fbff0624504952ba80000000b8e0fbff06e8be450ff9

----------------
IN: 
0x06ff5906:  
OBJD-T: 2805fffbff06833de8550f0000750a

----------------
IN: 
0x06ff5915:  
OBJD-T: b8e0fbff06e884bbffff

----------------
IN: 
0x06ff14a3:  
OBJD-T: 56530fb770066683fe1f7620

----------------
IN: 
0x06ff14af:  
OBJD-T: 89c389f2e80c8a0ff9

----------------
IN: 
0x06ff14b8:  
OBJD-T: 84c07513

----------------
IN: 
0x06ff14bc:  
OBJD-T: 89f189dab816080f00e894ffffff

----------------
IN: 
0x06ff145e:  
OBJD-T: 5557565389c789d689cd89c8e861c9ffff

----------------
IN: 
0x06feddd0:  
OBJD-T: 89c2b910000000b860feff06e9d3feffff

----------------
IN: 
0x06ff146f:  
OBJD-T: 89c385c07511

----------------
IN: 
0x06ff1486:  
OBJD-T: 50565768fc070f00e80ca70ff9

----------------
IN: 
0x06ff1493:  
OBJD-T: 89df89e9f3a4

----------------
IN: 
0x06ff1497:  
OBJD-T: f3a4

----------------
IN: 
0x06ff1499:  
OBJD-T: 83c41089d85b5e5f5dc3

----------------
IN: 
0x06ff14ca:  
OBJD-T: a3e8550f005b5ec3

----------------
IN: 
0x06ff591f:  
OBJD-T: b800800000e87684ffff

----------------
IN: 
0x06ff5929:  
OBJD-T: 89c585c07514

----------------
IN: 
0x06ff5943:  
OBJD-T: b92c00000031d2e84b460ff9

----------------
IN: 
0x06ff594f:  
OBJD-T: c70050434d50c6400604c74008424f4348c7400c534350558d4010be39170f00
OBJD-T: b90300000089c7f3a5

----------------
IN: 
0x06ff5976:  
OBJD-T: f3a5

----------------
IN: 
0x06ff5978:  
OBJD-T: c745240000e0fe538d442458508d4c24548d542450b801000000e85e380ff9

----------------
IN: 
0x06ff5997:  
OBJD-T: 585a837c2448007512

----------------
IN: 
0x06ff59b2:  
OBJD-T: f644245f107507

----------------
IN: 
0x06ff59b9:  
OBJD-T: bf01000000eb11

----------------
IN: 
0x06ff59d1:  
OBJD-T: a13000e0fe8804248d452c8944240431f689c33b35244b0f00734e

----------------
IN: 
0x06ff59d1:  
OBJD-T: a13000e0fe

----------------
IN: 
0x06ff59d6:  
OBJD-T: 8804248d452c8944240431f689c33b35244b0f00734e

----------------
IN: 
0x06ff59ec:  
OBJD-T: b91400000031d289d8e8a0450ff9

----------------
IN: 
0x06ff59fa:  
OBJD-T: c6030089f08843018a042488430289f00fb6c0e81661ffff

----------------
IN: 
0x06febb28:  
OBJD-T: 89c1c0e8050fb6c08b0485004b0f00d3e883e001c3

----------------
IN: 
0x06ff5a12:  
OBJD-T: 89c285f60f94c0d1e085d20f95c209d08843038b4424488943048b44245c8943
OBJD-T: 0883c31401feebaa

----------------
IN: 
0x06ff59e4:  
OBJD-T: 3b35244b0f00734e

----------------
IN: 
0x06ff5a3a:  
OBJD-T: 89df8b44240429c7c1ff0269ffcdcccccc89de833dc8fdff06007424

----------------
IN: 
0x06ff5a56:  
OBJD-T: 8d7308b90800000031d289d8e833450ff9

----------------
IN: 
0x06ff5a67:  
OBJD-T: 66c7030100c743025043492066c74306202047b90800000031d289f0e812450f
OBJD-T: f9

----------------
IN: 
0x06ff5a88:  
OBJD-T: c6060129d8c1f803894424108a44241088442420884601c746024953412066c7
OBJD-T: 460620208d4608b908000000e8e1440ff9

----------------
IN: 
0x06ff5ab9:  
OBJD-T: c7460802001101c7460c0000c0fe8d4702894424288d5e10a1c8fdff0683e804
OBJD-T: 89042466c7442418000083c9ff833c24fc0f84d4000000

----------------
IN: 
0x06ff5af0:  
OBJD-T: 894c24348b04248b00668944240466c1e8080f85bc000000

----------------
IN: 
0x06ff5b08:  
OBJD-T: 0fb77c2404ba3d00000089f8e86e360ff9

----------------
IN: 
0x06ff5b19:  
OBJD-T: 884424080fb6c08944242cba3c00000089f8e857360ff9

----------------
IN: 
0x06ff5b30:  
OBJD-T: 88442430837c242c008b4c24347474

----------------
IN: 
0x06ff5bb3:  
OBJD-T: 8b04248b400483e804890424e922ffffff

----------------
IN: 
0x06ff5ae6:  
OBJD-T: 833c24fc0f84d4000000

----------------
IN: 
0x06ff5b3f:  
OBJD-T: 8b7c240481e7f8ff000039cf7510

----------------
IN: 
0x06ff5b5d:  
OBJD-T: 66c74424180000b8010000008a4c2408d3e06609442418b90800000031d289d8
OBJD-T: e818440ff9

----------------
IN: 
0x06ff5b82:  
OBJD-T: c70303000100c64304008b44240466c1e803c1e0028a4c24088d51ff09d08843
OBJD-T: 05c64306008a44243088430783c30889f98b04248b400483e804890424e922ff
OBJD-T: ffff

----------------
IN: 
0x06ff5bc4:  
OBJD-T: 31d231c9b8400e0f00e82d77ffff

----------------
IN: 
0x06ff5bd2:  
OBJD-T: 89042431ffb90800000031d289d8e8b5430ff9

----------------
IN: 
0x06ff5be5:  
OBJD-T: b8200e00000fa3f87234

----------------
IN: 
0x06ff5bef:  
OBJD-T: c703030000008a44242088430489f8884305c6430600884307833c24007412

----------------
IN: 
0x06ff5c0e:  
OBJD-T: 85ff7506

----------------
IN: 
0x06ff5c12:  
OBJD-T: c6430702eb08

----------------
IN: 
0x06ff5c20:  
OBJD-T: 83c3084783ff1075ae

----------------
IN: 
0x06ff5bd7:  
OBJD-T: b90800000031d289d8e8b5430ff9

----------------
IN: 
0x06ff5c18:  
OBJD-T: 83ff027503

----------------
IN: 
0x06ff5c1d:  
OBJD-T: 83eb0883c3084783ff1075ae

----------------
IN: 
0x06ff5c23:  
OBJD-T: 4783ff1075ae

----------------
IN: 
0x06ff5c29:  
OBJD-T: c703040300008a442410884304c743050000000466c743090100c6430b008843
OBJD-T: 0c66c7430d00ffc6430f018d531029ea29f3c1fb038b44242801c366895d2266
OBJD-T: 89550489e8e851420ff9

----------------
IN: 
0x06ff5c73:  
OBJD-T: 284507b91000000031d28d842480000000e811430ff9

----------------
IN: 
0x06ff5c89:  
OBJD-T: c78424800000005f4d505f89ac248400000066c78424880000000104ba100000
OBJD-T: 00e815420ff9

----------------
IN: 
0x06ff5caf:  
OBJD-T: 2884248a0000008d842480000000e8e2b8ffff

----------------
IN: 
0x06ff15a4:  
OBJD-T: 5557565383ec088b700485f60f849d000000

----------------
IN: 
0x06ff15b6:  
OBJD-T: 89c3ba10000000e802890ff9

----------------
IN: 
0x06ff15c2:  
OBJD-T: 84c00f8589000000

----------------
IN: 
0x06ff15ca:  
OBJD-T: 0fb64308c1e0048904240fb74604894424048b04248b54240401d03d58020000
OBJD-T: 760f

----------------
IN: 
0x06ff15fb:  
OBJD-T: e8d0c7ffff

----------------
IN: 
0x06ff1600:  
OBJD-T: 89c585c07516

----------------
IN: 
0x06ff161c:  
OBJD-T: 50ff7304536876080f00e874a50ff9

----------------
IN: 
0x06ff162b:  
OBJD-T: 89ef89de8b4c2410f3a4

----------------
IN: 
0x06ff1633:  
OBJD-T: f3a4

----------------
IN: 
0x06ff1635:  
OBJD-T: 897d04ba1000000089e8e880880ff9

----------------
IN: 
0x06ff1644:  
OBJD-T: 28450a8b73048b4c2414f3a4

----------------
IN: 
0x06ff164e:  
OBJD-T: f3a4

----------------
IN: 
0x06ff1650:  
OBJD-T: 83c41083c4085b5e5f5dc3

----------------
IN: 
0x06ff5cc2:  
OBJD-T: 89e8e86379ffff

----------------
IN: 
0x06ff5cc9:  
OBJD-T: b846170f00e8fb75ffff

----------------
IN: 
0x06ff5cd3:  
OBJD-T: 89c3b85f170f00e8ef75ffff

----------------
IN: 
0x06ff5cdf:  
OBJD-T: 89c685db0f847e010000

----------------
IN: 
0x06ff5ce9:  
OBJD-T: 85c00f8476010000

----------------
IN: 
0x06ff5cf1:  
OBJD-T: 8b8b8400000083f91f0f8767010000

----------------
IN: 
0x06ff5d00:  
OBJD-T: 8d94248000000089d8ff9388000000

----------------
IN: 
0x06ff5d0f:  
OBJD-T: 8b838400000083f81f0f85d7000000

----------------
IN: 
0x06ff5df5:  
OBJD-T: 83f8187562

----------------
IN: 
0x06ff5dfa:  
OBJD-T: b905000000ba31080f008d842480000000e8fd310ff9

----------------
IN: 
0x06ff5e10:  
OBJD-T: 85c07548

----------------
IN: 
0x06ff5e14:  
OBJD-T: 6a006a008d8c24940000008d94249800000089f0e82eb8ffff

----------------
IN: 
0x06ff165b:  
OBJD-T: 5557565383ec0c89c78914248b6c24208b7424248b80840000003b01751e

----------------
IN: 
0x06ff1679:  
OBJD-T: 89cbe80ec7ffff

----------------
IN: 
0x06ff1680:  
OBJD-T: 8944240485c07516

----------------
IN: 
0x06ff169e:  
OBJD-T: 8b8f840000008b54240489f8ff9788000000

----------------
IN: 
0x06ff16b0:  
OBJD-T: 0fb787840000008944240831c989c28b442404e8caa1ffff

----------------
IN: 
0x06feb892:  
OBJD-T: 85c0745c

----------------
IN: 
0x06feb896:  
OBJD-T: 01c285c97427

----------------
IN: 
0x06feb8c3:  
OBJD-T: 39d07217

----------------
IN: 
0x06feb8de:  
OBJD-T: 8d480439d1730a

----------------
IN: 
0x06feb8e5:  
OBJD-T: 0fb6480101c139d17203

----------------
IN: 
0x06feb8f2:  
OBJD-T: c3

----------------
IN: 
0x06ff16c8:  
OBJD-T: 85c0740d

----------------
IN: 
0x06ff16cc:  
OBJD-T: 803800744d

----------------
IN: 
0x06ff16d1:  
OBJD-T: 89c18b542408ebe6

----------------
IN: 
0x06ff16bf:  
OBJD-T: 8b442404e8caa1ffff

----------------
IN: 
0x06feb89c:  
OBJD-T: 538d590431c039da7236

----------------
IN: 
0x06feb8a6:  
OBJD-T: 0fb641018d44010239d07328

----------------
IN: 
0x06feb8b2:  
OBJD-T: 8078ff007403

----------------
IN: 
0x06feb8b8:  
OBJD-T: 40ebf3

----------------
IN: 
0x06feb8ae:  
OBJD-T: 39d07328

----------------
IN: 
0x06feb8bb:  
OBJD-T: 8078fe0075f7

----------------
IN: 
0x06feb8c1:  
OBJD-T: eb06

----------------
IN: 
0x06feb8c9:  
OBJD-T: 8d480439d1730a

----------------
IN: 
0x06feb8d0:  
OBJD-T: 0fb6480101c139d17202

----------------
IN: 
0x06feb8dc:  
OBJD-T: 5bc3

----------------
IN: 
0x06feb8da:  
OBJD-T: 31c05bc3

----------------
IN: 
0x06ff16d9:  
OBJD-T: b8dd080f00e819790ff9

----------------
IN: 
0x06ff16e3:  
OBJD-T: 89c7b8904a0f00e80d790ff9

----------------
IN: 
0x06ff16ef:  
OBJD-T: 01c7b8e5080f00e801790ff9

----------------
IN: 
0x06ff16fb:  
OBJD-T: 8d44071c0fb7d08b3bb9ffff000029f939d17313

----------------
IN: 
0x06ff1722:  
OBJD-T: 01fa891385ed0f8542010000

----------------
IN: 
0x06ff172e:  
OBJD-T: 85f67403

----------------
IN: 
0x06ff1735:  
OBJD-T: be010000008b033d580200007607

----------------
IN: 
0x06ff174a:  
OBJD-T: e881c6ffff

----------------
IN: 
0x06ff174f:  
OBJD-T: 89c385c0751d

----------------
IN: 
0x06ff1772:  
OBJD-T: 8b0424891831d28950046685f60f84cf000000

----------------
IN: 
0x06ff1785:  
OBJD-T: 8d4318890424c70300180000b8dd080f00e861780ff9

----------------
IN: 
0x06ff179b:  
OBJD-T: 8d480183f9017e16

----------------
IN: 
0x06ff17a3:  
OBJD-T: bedd080f008b3c24f3a4

----------------
IN: 
0x06ff17ab:  
OBJD-T: f3a4

----------------
IN: 
0x06ff17ad:  
OBJD-T: 893c24b001bd01000000eb04

----------------
IN: 
0x06ff17bd:  
OBJD-T: 884304be904a0f0031ff85f6741a

----------------
IN: 
0x06ff17cb:  
OBJD-T: 89f0e82a780ff9

----------------
IN: 
0x06ff17d2:  
OBJD-T: 8d480183f9017e0b

----------------
IN: 
0x06ff17da:  
OBJD-T: 8b3c24f3a4

----------------
IN: 
0x06ff17dd:  
OBJD-T: f3a4

----------------
IN: 
0x06ff17df:  
OBJD-T: 893c244589ef89f888430566c7430600e8b8e5080f00e802780ff9

----------------
IN: 
0x06ff17fa:  
OBJD-T: 8d480131c083f9017e10

----------------
IN: 
0x06ff1804:  
OBJD-T: bee5080f008b3c24f3a4

----------------
IN: 
0x06ff180c:  
OBJD-T: f3a4

----------------
IN: 
0x06ff180e:  
OBJD-T: 893c244589e8884308c64309008d430ab90800000031d2e870870ff9

----------------
IN: 
0x06ff182a:  
OBJD-T: c6430a08c743120004000066c74316ffff8b0424c6000085ed7405

----------------
IN: 
0x06ff1845:  
OBJD-T: 89c343eb0a

----------------
IN: 
0x06ff1854:  
OBJD-T: 89df8b7424048b4c2408f3a4

----------------
IN: 
0x06ff185e:  
OBJD-T: f3a4

----------------
IN: 
0x06ff1860:  
OBJD-T: 8b442404e8c3bdffff

----------------
IN: 
0x06ff1869:  
OBJD-T: b801000000eb13

----------------
IN: 
0x06ff1883:  
OBJD-T: 83c40c5b5e5f5dc3

----------------
IN: 
0x06ff5e2d:  
OBJD-T: 5a5985c07434

----------------
IN: 
0x06ff5e33:  
OBJD-T: ba180000008d842480000000e880400ff9

----------------
IN: 
0x06ff5e44:  
OBJD-T: 288424850000008d842480000000e805b7ffff

----------------
IN: 
0x06ff155c:  
OBJD-T: 833d14ffff0600753e

----------------
IN: 
0x06ff1565:  
OBJD-T: 565389c3b905000000ba31080f00e8957a0ff9

----------------
IN: 
0x06ff1578:  
OBJD-T: 85c07524

----------------
IN: 
0x06ff157c:  
OBJD-T: 0fb6730689f289d8e83b890ff9

----------------
IN: 
0x06ff1589:  
OBJD-T: 84c07513

----------------
IN: 
0x06ff158d:  
OBJD-T: 89f189dab837080f00e8c3feffff

----------------
IN: 
0x06ff159b:  
OBJD-T: a314ffff065b5ec3

----------------
IN: 
0x06ff5e57:  
OBJD-T: e9180b0000

----------------
IN: 
0x06ff6974:  
OBJD-T: 8d54245cb8c80e0f00e85575ffff

----------------
IN: 
0x06fedef2:  
OBJD-T: 8d4501e894feffff

----------------
IN: 
0x06fedefa:  
OBJD-T: 89c385c07513

----------------
IN: 
0x06fedf13:  
OBJD-T: 89e989c289f0ff9688000000

----------------
IN: 
0x06fedf1f:  
OBJD-T: 85c07909

----------------
IN: 
0x06fedf2c:  
OBJD-T: 85ff7402

----------------
IN: 
0x06fedf30:  
OBJD-T: 892fc6042b0089d85b5e5f5dc3

----------------
IN: 
0x06ff6982:  
OBJD-T: 8944240485c00f844e040000

----------------
IN: 
0x06ff698e:  
OBJD-T: 8b44245c8944240883e07f894424107414

----------------
IN: 
0x06ff69b3:  
OBJD-T: 8b442408c1e8078d04c504000000e8d973ffff

----------------
IN: 
0x06ff69c6:  
OBJD-T: 89042485c07514

----------------
IN: 
0x06ff69e1:  
OBJD-T: 8b042431ff89388b4424048d6804b8fcffffff8b7c240429f8894424208b4424
OBJD-T: 2001e8394424080f8eb2030000

----------------
IN: 
0x06ff6a0e:  
OBJD-T: 8b45fc83f8030f8490010000

----------------
IN: 
0x06ff6a1a:  
OBJD-T: 7713

----------------
IN: 
0x06ff6a1c:  
OBJD-T: 83f801741c

----------------
IN: 
0x06ff6a3d:  
OBJD-T: 8b04248b188b7d388d47ff85f80f85a4000000

----------------
IN: 
0x06ff6a50:  
OBJD-T: 8a453c3c01740e

----------------
IN: 
0x06ff6a57:  
OBJD-T: be60feff063c02740a

----------------
IN: 
0x06ff6a6a:  
OBJD-T: 807d37000f8580000000

----------------
IN: 
0x06ff6a74:  
OBJD-T: 89e8e85368ffff

----------------
IN: 
0x06ff6a7b:  
OBJD-T: 8b0c248d1cd989430485c00f842c030000

----------------
IN: 
0x06ff6a8c:  
OBJD-T: 8b908400000085d20f841e030000

----------------
IN: 
0x06ff6a9a:  
OBJD-T: 89f983ff107305

----------------
IN: 
0x06ff6aa6:  
OBJD-T: 89f0e80772ffff

----------------
IN: 
0x06ff6aad:  
OBJD-T: 89c685c0750f

----------------
IN: 
0x06ff6ac2:  
OBJD-T: 8b43048b888400000089f2ff9088000000

----------------
IN: 
0x06ff6ad3:  
OBJD-T: 8b53043982840000007409

----------------
IN: 
0x06ff6ae7:  
OBJD-T: 8973088b0424ff00e9c4020000

----------------
IN: 
0x06ff6db8:  
OBJD-T: 83ed80e93efcffff

----------------
IN: 
0x06ff69fe:  
OBJD-T: 8b44242001e8394424080f8eb2030000

----------------
IN: 
0x06ff6a65:  
OBJD-T: be64feff06807d37000f8580000000

----------------
IN: 
0x06ff6baa:  
OBJD-T: 8b5d388b753c8b45408944240c8b142489e8e8c550ffff

----------------
IN: 
0x06febc86:  
OBJD-T: 80783700752f

----------------
IN: 
0x06febc8c:  
OBJD-T: 5557565389c789d68b2a31db39dd7e1b

----------------
IN: 
0x06febc9c:  
OBJD-T: 8b44de0483c00489fae884d30ff9

----------------
IN: 
0x000e9045:  
OBJD-T: 4184db75e7

----------------
IN: 
0x000e9031:  
OBJD-T: 8a1c083a1c0a740c

----------------
IN: 
0x06febcaa:  
OBJD-T: 85c07506

----------------
IN: 
0x06febcb4:  
OBJD-T: 43ebe1

----------------
IN: 
0x06febc98:  
OBJD-T: 39dd7e1b

----------------
IN: 
0x000e904a:  
OBJD-T: 31c05bc3

----------------
IN: 
0x06febcae:  
OBJD-T: 8d44de04eb0a

----------------
IN: 
0x06febcbe:  
OBJD-T: 5b5e5f5dc3

----------------
IN: 
0x06ff6bc1:  
OBJD-T: 85c07426

----------------
IN: 
0x06ff6bc5:  
OBJD-T: 8b500485d2741f

----------------
IN: 
0x06ff6bcc:  
OBJD-T: 8b008b808400000039c37313

----------------
IN: 
0x06ff6bd8:  
OBJD-T: 8b7c240c31c901f70f92c139f87204

----------------
IN: 
0x06ff6be7:  
OBJD-T: 85c9740f

----------------
IN: 
0x06ff6bfa:  
OBJD-T: 01d38d04328b54240ce8bc320ff9

----------------
IN: 
0x06ff6c08:  
OBJD-T: 2803e9a9010000

----------------
IN: 
0x06ff6a21:  
OBJD-T: 83f8020f84d9000000

----------------
IN: 
0x06ff6b03:  
OBJD-T: 8b7d7031f689b4248000000089b424840000008b142489e8e86651ffff

----------------
IN: 
0x06ff6b20:  
OBJD-T: 89c68d45388b1424e85951ffff

----------------
IN: 
0x06ff6b2d:  
OBJD-T: 85c07438

----------------
IN: 
0x06ff6b31:  
OBJD-T: 85f67434

----------------
IN: 
0x06ff6b35:  
OBJD-T: 8b4e0485c9742d

----------------
IN: 
0x06ff6b3c:  
OBJD-T: 8b580485db7426

----------------
IN: 
0x06ff6b43:  
OBJD-T: 0fb6457489c28944240c01f87218

----------------
IN: 
0x06ff6b51:  
OBJD-T: 8b36398684000000720e

----------------
IN: 
0x06ff6b5b:  
OBJD-T: 8d42ff3c077707

----------------
IN: 
0x06ff6b62:  
OBJD-T: 8d42ff85d0740f

----------------
IN: 
0x06ff6b78:  
OBJD-T: 8d04398d94248000000089d789c68b4c240cf3a4

----------------
IN: 
0x06ff6b8a:  
OBJD-T: f3a4

----------------
IN: 
0x06ff6b8c:  
OBJD-T: 019c2480000000839424840000000089c789d68b4c240cf3a4

----------------
IN: 
0x06ff6ba3:  
OBJD-T: f3a4

----------------
IN: 
0x06ff6ba5:  
OBJD-T: e90e020000

----------------
IN: 
0x06ff6a2a:  
OBJD-T: e989030000

----------------
IN: 
0x06ff6dc0:  
OBJD-T: 8b0424e86468ffff

----------------
IN: 
0x06ff6dc8:  
OBJD-T: 8b442404e85b68ffff

----------------
IN: 
0x06ff6dd1:  
OBJD-T: eb11

----------------
IN: 
0x06ff6de4:  
OBJD-T: bfe0550f00bbef4d0f0083e3f089fe83e6f039de7218

----------------
IN: 
0x06ff6dfa:  
OBJD-T: 895c240889fa29da89d8e84259ffff

----------------
IN: 
0x06fec74b:  
OBJD-T: 57565389c389d78b0035525344208b530481f25054522009d07544

----------------
IN: 
0x06fec7aa:  
OBJD-T: 83c8ff5b5e5fc3

----------------
IN: 
0x06ff6e09:  
OBJD-T: 85c0790b

----------------
IN: 
0x06ff6e0d:  
OBJD-T: 83c310ebe4

----------------
IN: 
0x06ff6df6:  
OBJD-T: 39de7218

----------------
IN: 
0x06fec766:  
OBJD-T: 83ff13763f

----------------
IN: 
0x06fec76b:  
OBJD-T: ba1400000089d8e84dd70ff9

----------------
IN: 
0x06fec777:  
OBJD-T: 88c283c8ff84d2752d

----------------
IN: 
0x06fec780:  
OBJD-T: 807b0f01761b

----------------
IN: 
0x06fec7a1:  
OBJD-T: be1400000089f0eb03

----------------
IN: 
0x06fec7ad:  
OBJD-T: 5b5e5fc3

----------------
IN: 
0x06ff6e18:  
OBJD-T: 8b442408a3d84c0f0085c00f844b010000

----------------
IN: 
0x06ff6e29:  
OBJD-T: e89abaffff

----------------
IN: 
0x06ff28c8:  
OBJD-T: 565383ec2cb846414350e8dfa80ff9

----------------
IN: 
0x000ed1b6:  
OBJD-T: 56538b1dd84c0f0085db0f8495000000

----------------
IN: 
0x000ed1c6:  
OBJD-T: 817b04505452200f8586000000

----------------
IN: 
0x000ed1d3:  
OBJD-T: 813b52534420757e

----------------
IN: 
0x000ed1db:  
OBJD-T: 89c28b4b108b4318837b1c007536

----------------
IN: 
0x000ed1e9:  
OBJD-T: 85c07432

----------------
IN: 
0x000ed21f:  
OBJD-T: 31db85c97436

----------------
IN: 
0x000ed225:  
OBJD-T: 813952534454752e

----------------
IN: 
0x000ed22d:  
OBJD-T: 8b710401ce8d4124eb03

----------------
IN: 
0x000ed23a:  
OBJD-T: 39f0731b

----------------
IN: 
0x000ed23e:  
OBJD-T: 8b1885db74f3

----------------
IN: 
0x000ed244:  
OBJD-T: 391375ef

----------------
IN: 
0x000ed248:  
OBJD-T: 5352682cff0e00e84be9ffff

----------------
IN: 
0x000ed254:  
OBJD-T: 83c40ceb02

----------------
IN: 
0x000ed25b:  
OBJD-T: 89d85b5ec3

----------------
IN: 
0x06ff28d7:  
OBJD-T: 85c07436

----------------
IN: 
0x06ff28db:  
OBJD-T: 8b582885db742f

----------------
IN: 
0x06ff28e2:  
OBJD-T: 8b7304565368e40d0f00e8ae920ff9

----------------
IN: 
0x06ff28f1:  
OBJD-T: b92c00000031d28d44240ce899760ff9

----------------
IN: 
0x06ff2901:  
OBJD-T: 56b92400000089dae85bffffff

----------------
IN: 
0x06ff2869:  
OBJD-T: 5557565389c689d589cb8b7c24148d541d0089f0e8fbfcffff

----------------
IN: 
0x06ff257d:  
OBJD-T: 5557565383ec1089c68b402883f8107522

----------------
IN: 
0x06ff25b0:  
OBJD-T: 89d7408946280fb60a80f9147711

----------------
IN: 
0x06ff25be:  
OBJD-T: ff248d84eeff06

----------------
IN: 
0x06ff265c:  
OBJD-T: 478d54240889f8e8a196ffff

----------------
IN: 
0x06febd09:  
OBJD-T: 565389c189d031db891a0fb61188d3c0eb0680fb027420

----------------
IN: 
0x06febd20:  
OBJD-T: 80fb03740b

----------------
IN: 
0x06febd25:  
OBJD-T: fecb753a

----------------
IN: 
0x06febd29:  
OBJD-T: bb02000000eb1f

----------------
IN: 
0x06febd4f:  
OBJD-T: 0fb67101c1e6040b3089308a1183e20f09f2eb05

----------------
IN: 
0x06febd68:  
OBJD-T: 891089d85b5ec3

----------------
IN: 
0x06ff2668:  
OBJD-T: 89c58d140789f0e897a2ffff

----------------
IN: 
0x06fec90b:  
OBJD-T: 555756535189c189d6890424bf010000008d5fff8a443eff3c5a7725

----------------
IN: 
0x06fec94c:  
OBJD-T: 3c5e7463

----------------
IN: 
0x06fec950:  
OBJD-T: 3c5f746d

----------------
IN: 
0x06fec954:  
OBJD-T: 3c5c7576

----------------
IN: 
0x06fec958:  
OBJD-T: 8b04248d5001891424c6005c47ebb5

----------------
IN: 
0x06fec91c:  
OBJD-T: 8d5fff8a443eff3c5a7725

----------------
IN: 
0x06fec927:  
OBJD-T: 3c400f8792000000

----------------
IN: 
0x06fec92f:  
OBJD-T: 3c2e7434

----------------
IN: 
0x06fec933:  
OBJD-T: 3c2f7450

----------------
IN: 
0x06fec937:  
OBJD-T: 84c00f858f000000

----------------
IN: 
0x06fec93f:  
OBJD-T: 89fb8b0424c60000e989000000

----------------
IN: 
0x06fec9d5:  
OBJD-T: 89d85a5b5e5f5dc3

----------------
IN: 
0x06ff2674:  
OBJD-T: 8b5c24088d4c05005389fa89f0e8e3010000

----------------
IN: 
0x06ff25cf:  
OBJD-T: 80f95b0f8452010000

----------------
IN: 
0x06ff272a:  
OBJD-T: 0fb64a0180f9817466

----------------
IN: 
0x06ff2733:  
OBJD-T: 773a

----------------
IN: 
0x06ff2735:  
OBJD-T: 80f9017446

----------------
IN: 
0x06ff273a:  
OBJD-T: 80f9800f85fa000000

----------------
IN: 
0x06ff2743:  
OBJD-T: 8d520289f0e8bea1ffff

----------------
IN: 
0x06fec9c1:  
OBJD-T: 89e289f0e83bfbffff

----------------
IN: 
0x06fec505:  
OBJD-T: 89c189d08b1285d2744b

----------------
IN: 
0x06fec50f:  
OBJD-T: 56538a198d72018930881a8a590180fb5f7409

----------------
IN: 
0x06fec522:  
OBJD-T: 8b108d72018930881a8a590280fb5f7409

----------------
IN: 
0x06fec533:  
OBJD-T: 8b108d72018930881a8a490380f95f7409

----------------
IN: 
0x06fec54d:  
OBJD-T: 8b00c60000b8040000005b5ec3

----------------
IN: 
0x06fec9ca:  
OBJD-T: 01c3eb07

----------------
IN: 
0x06ff274d:  
OBJD-T: 8d58038d6e248d041f31c989eae8209fffff

----------------
IN: 
0x06fec67f:  
OBJD-T: 5389cb80380c7730

----------------
IN: 
0x06fec687:  
OBJD-T: 0fb608ff248d28eeff06

----------------
IN: 
0x06fec69e:  
OBJD-T: 0fb7400131d2b903000000eb2b

----------------
IN: 
0x06fec6d6:  
OBJD-T: 85db7405

----------------
IN: 
0x06fec6df:  
OBJD-T: 89c85bc3

----------------
IN: 
0x06ff275f:  
OBJD-T: 01c38d041f31c989eae8129fffff

----------------
IN: 
0x06fec6ca:  
OBJD-T: b901000000b80100000031d285db7405

----------------
IN: 
0x06ff276d:  
OBJD-T: eb23

----------------
IN: 
0x06ff2792:  
OBJD-T: 01d8e9c5000000

----------------
IN: 
0x06ff285e:  
OBJD-T: ff4e2883c4105b5e5f5dc3

----------------
IN: 
0x06ff2882:  
OBJD-T: 01c339fb743b

----------------
IN: 
0x06ff2888:  
OBJD-T: 7e1a

----------------
IN: 
0x06ff28a4:  
OBJD-T: 837e240074cd

----------------
IN: 
0x06ff2877:  
OBJD-T: 8d541d0089f0e8fbfcffff

----------------
IN: 
0x06ff2799:  
OBJD-T: 80cd5b8d57026a0189f0e892fdffff

----------------
IN: 
0x06ff253a:  
OBJD-T: 565383ec0c89c689d35168850d0f006a088d44241050e8acfcffff

----------------
IN: 
0x06ff2201:  
OBJD-T: 5383ec0c8b5c24148b54241831c085d27434

----------------
IN: 
0x06ff2213:  
OBJD-T: c7042440b1fe06895c240401da895424088d4c24208b54241c89e0e8fd900ff9

----------------
IN: 
0x06feb140:  
OBJD-T: 8b48043b48087305

----------------
IN: 
0x06feb148:  
OBJD-T: 8811ff4004c3

----------------
IN: 
0x06ff2233:  
OBJD-T: 8b4424048b54240839d07203

----------------
IN: 
0x06ff2242:  
OBJD-T: c6000029d883c40c5bc3

----------------
IN: 
0x06ff2555:  
OBJD-T: 8d54241089d8e8a997ffff

----------------
IN: 
0x06febd63:  
OBJD-T: bb01000000891089d85b5ec3

----------------
IN: 
0x06ff2560:  
OBJD-T: 83c410837c241800740a

----------------
IN: 
0x06ff256a:  
OBJD-T: 8d140389f0e897a3ffff

----------------
IN: 
0x06ff2574:  
OBJD-T: 8b042483c40c5b5ec3

----------------
IN: 
0x06ff27a8:  
OBJD-T: 83c00259e9ad000000

----------------
IN: 
0x06ff26f2:  
OBJD-T: 8d52016a01b91400000089f0e837feffff

----------------
IN: 
0x06fec544:  
OBJD-T: 8b108d5a018918880a8b00c60000b8040000005b5ec3

----------------
IN: 
0x06ff2703:  
OBJD-T: 89c38b6e205885ed7508

----------------
IN: 
0x06ff270d:  
OBJD-T: 8d4301e949010000

----------------
IN: 
0x06ff28c3:  
OBJD-T: 5b5e5f5dc3

----------------
IN: 
0x06ff2686:  
OBJD-T: 8d4301e91d010000

----------------
IN: 
0x06ff27ab:  
OBJD-T: 59e9ad000000

----------------
IN: 
0x06ff276f:  
OBJD-T: 80f982743d

----------------
IN: 
0x06ff27b1:  
OBJD-T: 83c7028d54240889f8e84a95ffff

----------------
IN: 
0x06ff27bf:  
OBJD-T: 89c58d140789f0e840a1ffff

----------------
IN: 
0x06ff27cb:  
OBJD-T: 01c5b828000000e8c8b5ffff

----------------
IN: 
0x06ff27d7:  
OBJD-T: 89462085c0751c

----------------
IN: 
0x06ff27fa:  
OBJD-T: b92800000031d2e894770ff9

----------------
IN: 
0x06ff2806:  
OBJD-T: 8b4620bad0fbff06e81c89ffff

----------------
IN: 
0x06ff2813:  
OBJD-T: 83c008b92000000089f2e82c89ffff

----------------
IN: 
0x06ff2822:  
OBJD-T: 8b5c24085389e989fa89f0e837000000

----------------
IN: 
0x06ff25f9:  
OBJD-T: 8d520189f0e808a3ffff

----------------
IN: 
0x06ff2603:  
OBJD-T: 8d58018d141f89f0e86dffffff

----------------
IN: 
0x06ff2859:  
OBJD-T: b805000000ff4e2883c4105b5e5f5dc3

----------------
IN: 
0x06ff2610:  
OBJD-T: 8904248b6e2085ed7508

----------------
IN: 
0x06ff2622:  
OBJD-T: ba9f0d0f0089f0e8006a0ff9

----------------
IN: 
0x06ff262e:  
OBJD-T: 85c07503

----------------
IN: 
0x06ff2632:  
OBJD-T: 897d18baa40d0f0089f0e8ed690ff9

----------------
IN: 
0x06ff2641:  
OBJD-T: 85c075d5

----------------
IN: 
0x06ff261a:  
OBJD-T: 8b0424e970010000

----------------
IN: 
0x06ff2852:  
OBJD-T: b801000000eb05

----------------
IN: 
0x06ff2635:  
OBJD-T: baa40d0f0089f0e8ed690ff9

----------------
IN: 
0x06ff2715:  
OBJD-T: baa40d0f0089f0e80d690ff9

----------------
IN: 
0x06ff2721:  
OBJD-T: 85c075e8

----------------
IN: 
0x06ff2832:  
OBJD-T: 31c08946205a8d4302eb21

----------------
IN: 
0x06fec967:  
OBJD-T: 8d043e89e2e894fbffff

----------------
IN: 
0x06fec971:  
OBJD-T: 8d1c078b04248d5001891424c6002e8d041e89e2eb3e

----------------
IN: 
0x06fec9c5:  
OBJD-T: e83bfbffff

----------------
IN: 
0x06fec691:  
OBJD-T: 0fb6400131d2b902000000eb38

----------------
IN: 
0x06ff2780:  
OBJD-T: 8d520289f0e881a1ffff

----------------
IN: 
0x06ff278a:  
OBJD-T: 83c003e9cc000000

----------------
IN: 
0x06ff268e:  
OBJD-T: 478d54240489f8e86f96ffff

----------------
IN: 
0x06ff269a:  
OBJD-T: 89c38d56248d04078d4c2408e8d49fffff

----------------
IN: 
0x06fec6da:  
OBJD-T: 890389530489c85bc3

----------------
IN: 
0x06ff26ab:  
OBJD-T: 8904248b6e2085ed7421

----------------
IN: 
0x06ff26b5:  
OBJD-T: baa90d0f0089f0e86d690ff9

----------------
IN: 
0x06ff26c1:  
OBJD-T: 85c07511

----------------
IN: 
0x06ff26d6:  
OBJD-T: 8b44240440e97e010000

----------------
IN: 
0x06ff2725:  
OBJD-T: 897d1cebe3

----------------
IN: 
0x06ff2844:  
OBJD-T: b802000000eb13

----------------
IN: 
0x06fec6ab:  
OBJD-T: 8b400131d2b905000000eb1f

----------------
IN: 
0x06ff26c5:  
OBJD-T: 8b042401c301df897d208b4424088945248b44240440e97e010000

----------------
IN: 
0x06ff264a:  
OBJD-T: b8010000008a14074084d275f8

----------------
IN: 
0x06ff264f:  
OBJD-T: 8a14074084d275f8

----------------
IN: 
0x06ff2657:  
OBJD-T: e902020000

----------------
IN: 
0x06fec987:  
OBJD-T: 0fb62c3e8d5f0131ff39fd7e41

----------------
IN: 
0x06fec994:  
OBJD-T: 85ff740c

----------------
IN: 
0x06fec9a4:  
OBJD-T: 8d041e89e2e857fbffff

----------------
IN: 
0x06fec9ae:  
OBJD-T: 01c347ebdd

----------------
IN: 
0x06fec990:  
OBJD-T: 39fd7e41

----------------
IN: 
0x06fec998:  
OBJD-T: 8b04248d5001891424c6002e8d041e89e2e857fbffff

----------------
IN: 
0x06ff2774:  
OBJD-T: 8d417d3c02761e

----------------
IN: 
0x06ff2645:  
OBJD-T: 897d1cebd0

----------------
IN: 
0x06ff26e0:  
OBJD-T: 8d52016a0089f0e84efeffff

----------------
IN: 
0x06ff26ec:  
OBJD-T: 40e9b9000000

----------------
IN: 
0x06fec52b:  
OBJD-T: 8a590280fb5f7409

----------------
IN: 
0x06ff290e:  
OBJD-T: 83c41083c42c5b5ec3

----------------
IN: 
0x06ff6e2e:  
OBJD-T: bab9170f0031c0e82eb6ffff

----------------
IN: 
0x06ff2468:  
OBJD-T: 57565383ec0c89c35268780d0f006a0a8d7c240e57e87ffdffff

----------------
IN: 
0x06ff2482:  
OBJD-T: 89c683c41085db7511

----------------
IN: 
0x06ff248b:  
OBJD-T: 8b1dd0fbff0685db741b

----------------
IN: 
0x06ff2495:  
OBJD-T: 8b431885c07504

----------------
IN: 
0x06ff249c:  
OBJD-T: 8b1bebf1

----------------
IN: 
0x06ff2491:  
OBJD-T: 85db741b

----------------
IN: 
0x06ff24a0:  
OBJD-T: 83c00589f189fae8616b0ff9

----------------
IN: 
0x06ff24ac:  
OBJD-T: 85c075ec

----------------
IN: 
0x06ff24b0:  
OBJD-T: 89d883c40c5b5e5fc3

----------------
IN: 
0x06ff6e3a:  
OBJD-T: 89c385c00f845f0c0000

----------------
IN: 
0x06ff7aa3:  
OBJD-T: 81c4d00000005b5e5f5dc3

----------------
IN: 
0x06ff91c1:  
OBJD-T: 66833d98600f0040744d

----------------
IN: 
0x06ff91cb:  
OBJD-T: b034e643

----------------
IN: 
0x06ff91cf:  
OBJD-T: 31c0e640

----------------
IN: 
0x06ff91d3:  
OBJD-T: e640

----------------
IN: 
0x06ff91d5:  
OBJD-T: b28a88d0e670

----------------
IN: 
0x06ff91db:  
OBJD-T: b026e671

----------------
IN: 
0x06ff91df:  
OBJD-T: b08be670

----------------
IN: 
0x06ff91e3:  
OBJD-T: e471

----------------
IN: 
0x06ff91e5:  
OBJD-T: 83e00183c802e671

----------------
IN: 
0x06ff91ed:  
OBJD-T: b08ce670

----------------
IN: 
0x06ff91f1:  
OBJD-T: e471

----------------
IN: 
0x06ff91f3:  
OBJD-T: b08de670

----------------
IN: 
0x06ff91f7:  
OBJD-T: e471

----------------
IN: 
0x06ff91f9:  
OBJD-T: 88d0e670

----------------
IN: 
0x06ff91fd:  
OBJD-T: e471

----------------
IN: 
0x06ff91ff:  
OBJD-T: 84c00f893d010000

----------------
IN: 
0x06ff9344:  
OBJD-T: b080e670

----------------
IN: 
0x06ff9348:  
OBJD-T: e471

----------------
IN: 
0x06ff934a:  
OBJD-T: 88c1b082e670

----------------
IN: 
0x06ff9350:  
OBJD-T: e471

----------------
IN: 
0x06ff9352:  
OBJD-T: 88c3b084e670

----------------
IN: 
0x06ff9358:  
OBJD-T: e471

----------------
IN: 
0x06ff935a:  
OBJD-T: 88c2c0ea040fb6d26bd20a83e00f01d06bc03c88dac0ea040fb6d26bd20a83e3
OBJD-T: 0f01da01d06bc03c88cac0ea040fb6d26bd20a83e10f01ca01d069c0e8030000
OBJD-T: ba999e3600f7e205ffff000083d2000facd010c1ea1005b70b0000b9b80b0000
OBJD-T: 31d2f7f1a36c040000b0b2e670

----------------
IN: 
0x06ff93c7:  
OBJD-T: e471

----------------
IN: 
0x06ff93c9:  
OBJD-T: a2b8850e00baa5fe0f000fb7d281ca000000f031c0e81634ffff

----------------
IN: 
0x06fec827:  
OBJD-T: 891c85000000005b5ec3

----------------
IN: 
0x06ff93e3:  
OBJD-T: ba22d40f000fb7d281ca000000f0b808000000e8fe33ffff

----------------
IN: 
0x06ff93fb:  
OBJD-T: b854504d32e8b13d0ff9

----------------
IN: 
0x000ed237:  
OBJD-T: 83c00439f0731b

----------------
IN: 
0x000ed259:  
OBJD-T: 31db89d85b5ec3

----------------
IN: 
0x06ff9405:  
OBJD-T: 85c07513

----------------
IN: 
0x06ff9409:  
OBJD-T: b854435041e8a33d0ff9

----------------
IN: 
0x06ff9413:  
OBJD-T: 85c07526

----------------
IN: 
0x06ff9417:  
OBJD-T: e9c0030000

----------------
IN: 
0x06ff97dc:  
OBJD-T: 81c4a80000005b5e5f5dc3

----------------
IN: 
0x06ffb891:  
OBJD-T: e8cfd50ef9

----------------
IN: 
0x000e8e65:  
OBJD-T: 31c0803dc04d0f0002750c

----------------
IN: 
0x000e8e7c:  
OBJD-T: c3

----------------
IN: 
0x06ffb896:  
OBJD-T: 85c07405

----------------
IN: 
0x06ffb89f:  
OBJD-T: 68f9360f00e8f6020ff9

----------------
IN: 
0x06ffb8a9:  
OBJD-T: ba0100000031c9b812370f00e8451affff

----------------
IN: 
0x06ffb8ba:  
OBJD-T: a3b04d0f00ba0100000031c9b82a370f00e82f1affff

----------------
IN: 
0x06ffb8d0:  
OBJD-T: a3ac4d0f00ba0200000031c9b841370f00e8191affff

----------------
IN: 
0x06ffb8e6:  
OBJD-T: a334ffff06ba0100000031c9b858370f00e8031affff

----------------
IN: 
0x06ffb8fc:  
OBJD-T: a3a84d0f00e8ded80ef9

----------------
IN: 
0x000e91e4:  
OBJD-T: a1b44d0f008b400c83e8102500f8ffffc3

----------------
IN: 
0x06ffb906:  
OBJD-T: 8d880000f4ff31d2b800000c00e882e60ef9

----------------
IN: 
0x06ffb918:  
OBJD-T: a1c8fdff068d58fc5f83fbfc0f84e4010000

----------------
IN: 
0x06ffb92a:  
OBJD-T: 89d8e8bcfcfeff

----------------
IN: 
0x06ffb931:  
OBJD-T: 85c07508

----------------
IN: 
0x06ffb935:  
OBJD-T: 8b5b0483eb04ebe4

----------------
IN: 
0x06ffb921:  
OBJD-T: 83fbfc0f84e4010000

----------------
IN: 
0x06ffb93d:  
OBJD-T: ba6d370f00b8630a0f00e8e2d60ef9

----------------
IN: 
0x06ffb94c:  
OBJD-T: 85c07529

----------------
IN: 
0x06ffb979:  
OBJD-T: ba7e370f00b8630a0f00e8a6d60ef9

----------------
IN: 
0x06ffb988:  
OBJD-T: 85c07517

----------------
IN: 
0x06ffb9a3:  
OBJD-T: ba89370f00b8630a0f00e87cd60ef9

----------------
IN: 
0x06ffb9b2:  
OBJD-T: 85c07529

----------------
IN: 
0x06ffb9df:  
OBJD-T: ba96370f00b8630a0f00e840d60ef9

----------------
IN: 
0x06ffb9ee:  
OBJD-T: 85c07529

----------------
IN: 
0x06ffba1b:  
OBJD-T: 8b4310663d06110f85b8000000

----------------
IN: 
0x06ffbae0:  
OBJD-T: 663d86807518

----------------
IN: 
0x06ffbafe:  
OBJD-T: 31c9ba0100000089d8e8f594ffff

----------------
IN: 
0x06ff5001:  
OBJD-T: 5557565383ec2c89c38954240489cf0fb74012500fb74310506867140f006a11
OBJD-T: 8d74242b56e8d6d1ffff

----------------
IN: 
0x06ff502b:  
OBJD-T: 89f0e89c82ffff

----------------
IN: 
0x06ff5032:  
OBJD-T: 8944241483c41485c07407

----------------
IN: 
0x06ff5044:  
OBJD-T: 833d34ffff06017f11

----------------
IN: 
0x06ff505e:  
OBJD-T: 89d8e8b89effff

----------------
IN: 
0x06feef1d:  
OBJD-T: 5557565351f640187f0f8525010000

----------------
IN: 
0x06feef2c:  
OBJD-T: 89c50fb700890424ba30000000e8d7a10ff9

----------------
IN: 
0x06feef3e:  
OBJD-T: 89c6b9feffffffba300000008b0424e8fca00ff9

----------------
IN: 
0x06feef52:  
OBJD-T: ba300000008b0424e8b6a10ff9

----------------
IN: 
0x06feef5f:  
OBJD-T: 83e6fe8d50ff83fafd0f87d4000000

----------------
IN: 
0x06feef6e:  
OBJD-T: 39f00f84cc000000

----------------
IN: 
0x06feef76:  
OBJD-T: 8d86000040003dffff3f010f86bb000000

----------------
IN: 
0x06feef87:  
OBJD-T: 89f183c901ba300000008b0424e8b5a00ff9

----------------
IN: 
0x06feef99:  
OBJD-T: 89f766813f55aa0f859c000000

----------------
IN: 
0x06feefa6:  
OBJD-T: 0fb75f1889d801fb813b504349520f8588000000

----------------
IN: 
0x06feefba:  
OBJD-T: a8037417

----------------
IN: 
0x06feefd5:  
OBJD-T: 85db7469

----------------
IN: 
0x06feefd9:  
OBJD-T: 8b4510663943047510

----------------
IN: 
0x06feefe2:  
OBJD-T: 668b4512663943067506

----------------
IN: 
0x06feefec:  
OBJD-T: 807b14007411

----------------
IN: 
0x06fef003:  
OBJD-T: 0fb66f02c1e50989e8e81cc5ffff

----------------
IN: 
0x06feb52d:  
OBJD-T: 538b1540feff068d8c02ff07000081e100f8ffffe89edc0ff9

----------------
IN: 
0x06feb546:  
OBJD-T: 39c8721b

----------------
IN: 
0x06feb54a:  
OBJD-T: 8b1db44d0f00b800900d0039c87302

----------------
IN: 
0x06feb55b:  
OBJD-T: 83c01089430889d0eb02

----------------
IN: 
0x06feb567:  
OBJD-T: 5bc3

----------------
IN: 
0x06fef011:  
OBJD-T: 89c385c07511

----------------
IN: 
0x06fef028:  
OBJD-T: 89e989fae888e3ffff

----------------
IN: 
0x06fed3b9:  
OBJD-T: 5557565389c389d689cde8e6e30ff9

----------------
IN: 
0x000ffea5:  
OBJD-T: 6668fcf00000e933d4

----------------
IN: 
0x000fd2e1:  
OBJD-T: fafc1e665066b800d900008ed866a110f66683e82867668f401c678f00676689
OBJD-T: 78046766897008676689680c676689581067668950146766894818678c400266
OBJD-T: 596766896020678c50248cda8ed2

----------------
IN: 
0x000fd32f:  
OBJD-T: 6689c4

----------------
IN: 
0x000fd332:  
OBJD-T: 66ffd1

----------------
IN: 
0x000ff0fc:  
OBJD-T: 66556657665666536683ec3866b8400000008ec02666a16c006640663daf0018
OBJD-T: 00760d

----------------
IN: 
0x000ff12c:  
OBJD-T: 66ba400000008ec22666a36c008ec226a0400084c07419

----------------
IN: 
0x000ff15c:  
OBJD-T: 2e66a1906067668904246685c00f847901

----------------
IN: 
0x000ff2e6:  
OBJD-T: 2e668b368c606685f6746e

----------------
IN: 
0x000ff35f:  
OBJD-T: 66b800d900006689c78ec0268b2ed4f585ed0f843f01

----------------
IN: 
0x000ff4b4:  
OBJD-T: 66b9260000006631d267668d44241266e8be7bffff

----------------
IN: 
0x000f7087:  
OBJD-T: 6685c97408

----------------
IN: 
0x000f708c:  
OBJD-T: 664967881408ebf3

----------------
IN: 
0x000f7094:  
OBJD-T: 66c3

----------------
IN: 
0x000ff4c9:  
OBJD-T: 67c7442436000266ba80e90000660fb7d266e89c8dffff

----------------
IN: 
0x000f827c:  
OBJD-T: 678950208cca678950228cd2660fb7d2e9a2ff

----------------
IN: 
0x000f8231:  
OBJD-T: 66576656665366566689c3676689142466e8e6e9ffff

----------------
IN: 
0x000f6c3e:  
OBJD-T: 6689e06631d2663d18f600000f97c26689d066c3

----------------
IN: 
0x000f8247:  
OBJD-T: 6685c067668b14247418

----------------
IN: 
0x000f8251:  
OBJD-T: 660fb7d266b9318200006689d8665b665b665e665fe94dfa

----------------
IN: 
0x000f7cb6:  
OBJD-T: 6657665666538cd3660fb7db6681fb00d90000753e

----------------
IN: 
0x000f7ccb:  
OBJD-T: 6689e36681fb18f600007632

----------------
IN: 
0x000f7cd7:  
OBJD-T: 668b3610f68cd366892610f667668b7efc8ed7

----------------
IN: 
0x000f7cea:  
OBJD-T: 678b66f8

----------------
IN: 
0x000f7cee:  
OBJD-T: 8edf66ffd1

----------------
IN: 
0x000f8269:  
OBJD-T: 6689d866e85b4d0000

----------------
IN: 
0x000fcfcd:  
OBJD-T: 6655665066528eda0e680fd067ff70246766ff702067668b780467668b700867
OBJD-T: 668b680c67668b581067668b501467668b4818

----------------
IN: 
0x000fd000:  
OBJD-T: 678e40026766ff701c678e186658cf

----------------
IN: 
0x000fe980:  
OBJD-T: cd1c

----------------
IN: 
0x000fff53:  
OBJD-T: cf

----------------
IN: 
0x000fe982:  
OBJD-T: cb

----------------
IN: 
0x000fd00f:  
OBJD-T: 9cfafc1e6650678e5c240867668b44240c67668f401c678f0067668978046766
OBJD-T: 897008676689680c676689581067668950146766894818678c4002678f40248c
OBJD-T: d18ed9665a6658665d66c3

----------------
IN: 
0x000f8272:  
OBJD-T: 6658665b665e665f66c3

----------------
IN: 
0x000f7cf3:  
OBJD-T: 8edb8ed3

----------------
IN: 
0x000f7cf7:  
OBJD-T: 668b2610f6

----------------
IN: 
0x000f7cfc:  
OBJD-T: 66893610f6665b665e665f66c3

----------------
IN: 
0x000ff4e0:  
OBJD-T: b020e620

----------------
IN: 
0x000ff4e4:  
OBJD-T: 6683c438665b665e665f665d66c3

----------------
IN: 
0x000fd335:  
OBJD-T: 6689e0678e5024

----------------
IN: 
0x000fd33c:  
OBJD-T: 67668b6020

----------------
IN: 
0x000fd341:  
OBJD-T: 67668b780467668b700867668b680c67668b581067668b501467668b4818678e
OBJD-T: 40026766ff701c678e186658cf

----------------
IN: 
0x06fed3c8:  
OBJD-T: 83fd037621

----------------
IN: 
0x06fed3cd:  
OBJD-T: 89e881fd000800007605

----------------
IN: 
0x06fed3d7:  
OBJD-T: b80008000089c1c1e90283e0fc29c589dff3a5

----------------
IN: 
0x06fed3e8:  
OBJD-T: f3a5

----------------
IN: 
0x06fed3ea:  
OBJD-T: 89fbebd5

----------------
IN: 
0x06fed3c3:  
OBJD-T: e8e6e30ff9

----------------
IN: 
0x06fed3dc:  
OBJD-T: 89c1c1e90283e0fc29c589dff3a5

----------------
IN: 
0x06fed3ee:  
OBJD-T: 85ed7406

----------------
IN: 
0x06fed3f8:  
OBJD-T: 5b5e5f5dc3

----------------
IN: 
0x06fef031:  
OBJD-T: 89f1ba300000008b0424e80ea00ff9

----------------
IN: 
0x06fef040:  
OBJD-T: eb11

----------------
IN: 
0x06fef053:  
OBJD-T: 89d85a5b5e5f5dc3

----------------
IN: 
0x06ff5065:  
OBJD-T: 85c00f84b8000000

----------------
IN: 
0x06ff506d:  
OBJD-T: 8b0d64000000894c240cbdf2e60f0066896c240a0fb7d581ca000000f0895424
OBJD-T: 100fb7701a01c6813e24506e507402

----------------
IN: 
0x06ff509c:  
OBJD-T: 31f685ff7414

----------------
IN: 
0x06ff50b6:  
OBJD-T: 0fb7138b4c240489442414e8eafdffff

----------------
IN: 
0x06ff4eb0:  
OBJD-T: 5557565383ec2489c689142489cde83a820ff9

----------------
IN: 
0x000ed0fd:  
OBJD-T: 66813855aa7542

----------------
IN: 
0x000ed104:  
OBJD-T: 565389c60fb6580231d284db7437

----------------
IN: 
0x000ed112:  
OBJD-T: c1e30989dae8a8cdffff

----------------
IN: 
0x000ed11c:  
OBJD-T: ba0100000084c07424

----------------
IN: 
0x000ed149:  
OBJD-T: 89d05b5ec3

----------------
IN: 
0x06ff4ec3:  
OBJD-T: 85c00f84e4000000

----------------
IN: 
0x06ff4ecb:  
OBJD-T: 0fb67e02c1e70989f8e85466ffff

----------------
IN: 
0x06ff4ed9:  
OBJD-T: 89c385c0750f

----------------
IN: 
0x06ff4eee:  
OBJD-T: 39c67409

----------------
IN: 
0x06ff4efb:  
OBJD-T: 803d81850e0000744c

----------------
IN: 
0x06ff4f50:  
OBJD-T: 85ed750d

----------------
IN: 
0x06ff4f61:  
OBJD-T: 0fb70c24ba0300000089d8e8c88c0ff9

----------------
IN: 
0x000edc39:  
OBJD-T: 57565383ec2889d689cfc1e80489c30fb7c2500fb7c3506846140f00e845dfff
OBJD-T: ff

----------------
IN: 
0x000edc5a:  
OBJD-T: b92600000031d28d44240ee830c3ffff

----------------
IN: 
0x000edc6a:  
OBJD-T: 66c7442432000266897c242a66c744241effff66c7442422ffff66c744241000
OBJD-T: f0b8c0600f006689442412668974242e66895c2430e837c9ffff

----------------
IN: 
0x000ea5db:  
OBJD-T: e885e8ffff

----------------
IN: 
0x000ea5e0:  
OBJD-T: 85c0742e

----------------
IN: 
0x000ea612:  
OBJD-T: c3

----------------
IN: 
0x000edca4:  
OBJD-T: b801000000e813d9ffff

----------------
IN: 
0x000edcae:  
OBJD-T: b931820f0031d28d44240ee84edaffff

----------------
IN: 
0x000c0003:  
OBJD-T: e99055

----------------
IN: 
0x000c5596:  
OBJD-T: fafc6650665166526653665566566657061e8cd08ed86689e3660fb7e46689e0
OBJD-T: 50e86ee0

----------------
IN: 
0x000c3628:  
OBJD-T: 66556689e56657665666536683ec186689c36668d098000066687f57000050e8
OBJD-T: edee

----------------
IN: 
0x000c2537:  
OBJD-T: 66556689e56657665666536683ec0c6689eb9c6683c30c9d

----------------
IN: 
0x000c254f:  
OBJD-T: 67668b45082e678a0084c00f84b802

----------------
IN: 
0x000c255e:  
OBJD-T: 3c257518

----------------
IN: 
0x000c257a:  
OBJD-T: 660fbec0e97602

----------------
IN: 
0x000c27f7:  
OBJD-T: 50e827d8

----------------
IN: 
0x000c0022:  
OBJD-T: 2e8b16e89885d27401

----------------
IN: 
0x000c002b:  
OBJD-T: ee

----------------
IN: 
0x000c002c:  
OBJD-T: c20200

----------------
IN: 
0x000c27fb:  
OBJD-T: 67668b7508eb03

----------------
IN: 
0x000c2805:  
OBJD-T: 6689f09c6683c0019d

----------------
IN: 
0x000c280e:  
OBJD-T: 6766894508e939fd

----------------
IN: 
0x000c2562:  
OBJD-T: 67668b45086689c69c6683c6019d

----------------
IN: 
0x000c2570:  
OBJD-T: 67c645e8206631c0eb21

----------------
IN: 
0x000c259b:  
OBJD-T: 2e678a0e67884df088ca6689cf6683ef306689f980f90976cd

----------------
IN: 
0x000c25b4:  
OBJD-T: eb0f

----------------
IN: 
0x000c25c5:  
OBJD-T: 6631c980fa6c7522

----------------
IN: 
0x000c25ef:  
OBJD-T: 80fa640f848f00

----------------
IN: 
0x000c25f6:  
OBJD-T: 7f40

----------------
IN: 
0x000c2638:  
OBJD-T: 80fa730f849101

----------------
IN: 
0x000c27d0:  
OBJD-T: 6689d99c6683c1049d

----------------
IN: 
0x000c27d9:  
OBJD-T: 67668b1b2e678a0384c0741d

----------------
IN: 
0x000c27e5:  
OBJD-T: 660fbec050e835d8

----------------
IN: 
0x000c27ed:  
OBJD-T: 6643ebec

----------------
IN: 
0x000c27dd:  
OBJD-T: 2e678a0384c0741d

----------------
IN: 
0x000c2802:  
OBJD-T: 6689cb6689f09c6683c0019d

----------------
IN: 
0x000c2816:  
OBJD-T: 6683c40c665b665e665f665dc20200

----------------
IN: 
0x000c364a:  
OBJD-T: 6658665a66688098000066689e57000050e8d9ee

----------------
IN: 
0x000c365e:  
OBJD-T: 6659665e6668945a00006668ac57000050e8c5ee

----------------
IN: 
0x000c3672:  
OBJD-T: 665f66586689d850e8a8f1

----------------
IN: 
0x000c2825:  
OBJD-T: 66556689e566536685c0750e

----------------
IN: 
0x000c283f:  
OBJD-T: 6689c38cd0660fb7c0665067660fb74302665067660fb70366506766ff731467
OBJD-T: 66ff73186766ff73106766ff731c6668be56000050e8c0fc

----------------
IN: 
0x000c2581:  
OBJD-T: 6685c07430

----------------
IN: 
0x000c25b6:  
OBJD-T: 80fa3075cb

----------------
IN: 
0x000c25bb:  
OBJD-T: 67c645e8306631c0ebd4

----------------
IN: 
0x000c2599:  
OBJD-T: 66462e678a0e67884df088ca6689cf6683ef306689f980f90976cd

----------------
IN: 
0x000c2586:  
OBJD-T: 666bc00a67660fb64df09c6601c86683c0d09d

----------------
IN: 
0x000c263f:  
OBJD-T: 7f37

----------------
IN: 
0x000c2678:  
OBJD-T: 80fa757431

----------------
IN: 
0x000c267d:  
OBJD-T: 80fa787445

----------------
IN: 
0x000c26c7:  
OBJD-T: 80fa580f94c2660fb6d267668955f067668b3b6766897dec84c97468

----------------
IN: 
0x000c274b:  
OBJD-T: 6689df9c6683c7049d

----------------
IN: 
0x000c2754:  
OBJD-T: 67668b55ec66bb0100000066c1ea047404

----------------
IN: 
0x000c2765:  
OBJD-T: 6643ebf6

----------------
IN: 
0x000c275f:  
OBJD-T: 66c1ea047404

----------------
IN: 
0x000c2769:  
OBJD-T: 6629d86689c167660fbe45e86685c97e08

----------------
IN: 
0x000c277a:  
OBJD-T: 50e8a4d8

----------------
IN: 
0x000c277e:  
OBJD-T: 6649ebf3

----------------
IN: 
0x000c2775:  
OBJD-T: 6685c97e08

----------------
IN: 
0x000c2782:  
OBJD-T: 67668b4df06689da67668b45ec50e895e8

----------------
IN: 
0x000c1028:  
OBJD-T: 66556689e5665666536689c36689ce6683fa047467

----------------
IN: 
0x000c103d:  
OBJD-T: 7f12

----------------
IN: 
0x000c103f:  
OBJD-T: 6683fa020f848100

----------------
IN: 
0x000c10c8:  
OBJD-T: 6689d866c1e8046683e00f6689f250e821ff

----------------
IN: 
0x000c0ffb:  
OBJD-T: 6689c19c

----------------
IN: 
0x000c0fff:  
OBJD-T: 6683c130

----------------
IN: 
0x000c1003:  
OBJD-T: 9d

----------------
IN: 
0x000c1004:  
OBJD-T: 6683f8097617

----------------
IN: 
0x000c1021:  
OBJD-T: 660fbec1e9faef

----------------
IN: 
0x000c10da:  
OBJD-T: 6689d86683e00f6689f2665b665e665de90eff

----------------
IN: 
0x000c2793:  
OBJD-T: 6689fbeb6d

----------------
IN: 
0x000c10a4:  
OBJD-T: 6689d866c1e80c6683e00f6689f250e845ff

----------------
IN: 
0x000c100a:  
OBJD-T: 6689c19c6683c1579d

----------------
IN: 
0x000c1013:  
OBJD-T: 6685d27409

----------------
IN: 
0x000c10b6:  
OBJD-T: 6689d866c1e8086683e00f6689f250e833ff

----------------
IN: 
0x000c1047:  
OBJD-T: 6683fa030f858b00

----------------
IN: 
0x000c2877:  
OBJD-T: 6683c42067660fb74324665067660fb74320665067660fb7432266506689d89c
OBJD-T: 6683c0269d

----------------
IN: 
0x000c289c:  
OBJD-T: 66506766ff730c6766ff73046766ff73086668f956000050e880fc

----------------
IN: 
0x000c28b7:  
OBJD-T: 6683c42067668b5dfc6689ec665dc20200

----------------
IN: 
0x000c367d:  
OBJD-T: 2e66a150986685c07554

----------------
IN: 
0x000c3687:  
OBJD-T: 67660fb75b1c6689d966c1e1086681c90000008066bef80c00006689c86689f2
OBJD-T: 66ef

----------------
IN: 
0x000c36a9:  
OBJD-T: 66bafc0c0000ed

----------------
IN: 
0x000c36b0:  
OBJD-T: 2e8b16609839c27522

----------------
IN: 
0x000c36b9:  
OBJD-T: 6689c86689f266ef

----------------
IN: 
0x000c36c1:  
OBJD-T: 66bafe0c0000ed

----------------
IN: 
0x000c36c8:  
OBJD-T: 2e8b16629839c2750a

----------------
IN: 
0x000c36d1:  
OBJD-T: 8cc88ec02666891e5498b0c366bac2030000ee

----------------
IN: 
0x000c36e4:  
OBJD-T: 66b80402000066bac4030000ef

----------------
IN: 
0x000c36f1:  
OBJD-T: 6631db66bece0100006689d86689f2ef

----------------
IN: 
0x000c3701:  
OBJD-T: 66b9cf01000066b8c0b0ffff6689caef

----------------
IN: 
0x000c3711:  
OBJD-T: 6689d86689f2ef

----------------
IN: 
0x000c3718:  
OBJD-T: 6689caed

----------------
IN: 
0x000c371c:  
OBJD-T: 3dc0b0740f

----------------
IN: 
0x000c3730:  
OBJD-T: 6689d86689f2ef

----------------
IN: 
0x000c3737:  
OBJD-T: 66b8c5b0ffff6689caef

----------------
IN: 
0x000c3741:  
OBJD-T: 8cc88ec066b8010000002666a3a05a2e66a150986689c76685c00f859b02

----------------
IN: 
0x000c375f:  
OBJD-T: 2e668b0e54986685c90f88c100

----------------
IN: 
0x000c376c:  
OBJD-T: 6689cb66c1e3086681e300ffff006689d8660d0000008066baf80c000066ef

----------------
IN: 
0x000c378b:  
OBJD-T: 66befc0c00006689f2ed

----------------
IN: 
0x000c3795:  
OBJD-T: 3d34127417

----------------
IN: 
0x000c37b1:  
OBJD-T: 6689d8660d1800008066baf80c000066ef

----------------
IN: 
0x000c37c2:  
OBJD-T: 6689f266ed

----------------
IN: 
0x000c37c7:  
OBJD-T: 6683e0fc67668945f06631f66689f09c66c1e0026683c0109d

----------------
IN: 
0x000c37e0:  
OBJD-T: 6609d8660d0000008066baf80c000066ef

----------------
IN: 
0x000c37f1:  
OBJD-T: 66bafc0c000066ed

----------------
IN: 
0x000c37f9:  
OBJD-T: 6683e0f06689c366566689c86683e00766506689c8c1e8036683e01f6650660f
OBJD-T: b6cd66516668f057000050e810ed

----------------
IN: 
0x000c2685:  
OBJD-T: 67668b3b84c97506

----------------
IN: 
0x000c268d:  
OBJD-T: 6683c304eb04

----------------
IN: 
0x000c2697:  
OBJD-T: 6685ff790d

----------------
IN: 
0x000c26a9:  
OBJD-T: 6689f8eb12

----------------
IN: 
0x000c26c0:  
OBJD-T: 50e850fc

----------------
IN: 
0x000c2314:  
OBJD-T: 66556689e5665666536683ec0c6689c367c645f7006689e99c6683c1f69d

----------------
IN: 
0x000c2332:  
OBJD-T: 66be0a0000006689d86631d266f7f66683c2306788116683fb097607

----------------
IN: 
0x000c2355:  
OBJD-T: 67660fbe0184c07408

----------------
IN: 
0x000c235e:  
OBJD-T: 50e8c0dc

----------------
IN: 
0x000c2362:  
OBJD-T: 6641ebef

----------------
IN: 
0x000c2366:  
OBJD-T: 6683c40c665b665e665dc20200

----------------
IN: 
0x000c26c4:  
OBJD-T: e93e01

----------------
IN: 
0x000c3827:  
OBJD-T: 6683c414eb0e

----------------
IN: 
0x000c383b:  
OBJD-T: 8cc88ec02666891e247266bece01000066b80a0000006689f2ef

----------------
IN: 
0x000c3855:  
OBJD-T: 66bacf010000ed

----------------
IN: 
0x000c385c:  
OBJD-T: 66c1e01067668945ec2666a32c7266b84000000026a3207266b8010000002666
OBJD-T: a3287267668b45ec66c1e8146650665366681558000050e8a1ec

----------------
IN: 
0x000c1051:  
OBJD-T: 6683fa067429

----------------
IN: 
0x000c1057:  
OBJD-T: 6683fa077411

----------------
IN: 
0x000c105d:  
OBJD-T: 6683fa05742f

----------------
IN: 
0x000c1063:  
OBJD-T: 66c1e81c6689ca50e88dff

----------------
IN: 
0x000c106e:  
OBJD-T: 6689d866c1e8186683e00f6689f250e87bff

----------------
IN: 
0x000c1080:  
OBJD-T: 6689d866c1e8146683e00f6689f250e869ff

----------------
IN: 
0x000c1092:  
OBJD-T: 6689d866c1e8106683e00f6689f250e857ff

----------------
IN: 
0x000c234e:  
OBJD-T: 66496689c3ebe3

----------------
IN: 
0x000c2338:  
OBJD-T: 6689d86631d266f7f66683c2306788116683fb097607

----------------
IN: 
0x000c3896:  
OBJD-T: 6683c40c66b9040000006689c86689f2ef

----------------
IN: 
0x000c38a7:  
OBJD-T: 66bacf010000ed

----------------
IN: 
0x000c38ae:  
OBJD-T: 6689c36689c86689f2ef

----------------
IN: 
0x000c38b8:  
OBJD-T: 6689d86683c80266bacf010000ef

----------------
IN: 
0x000c38c6:  
OBJD-T: 66b8010000006689f2ef

----------------
IN: 
0x000c38d0:  
OBJD-T: 66bacf010000ed

----------------
IN: 
0x000c38d7:  
OBJD-T: 678945e266b8030000006689f2ef

----------------
IN: 
0x000c38e5:  
OBJD-T: 66bacf010000ed

----------------
IN: 
0x000c38ec:  
OBJD-T: 678945e06689c86689f2ef

----------------
IN: 
0x000c38f7:  
OBJD-T: 6689d866bacf010000ef

----------------
IN: 
0x000c3901:  
OBJD-T: 2e66a1a45a666bc00e6605c05a000067668945e466bec05a000067668b45e466
OBJD-T: 39c60f83a900

----------------
IN: 
0x000c3927:  
OBJD-T: 2e678b4604678945e82e678b4606678945de2e678a4608678845dd6689f09c66
OBJD-T: 83c0029d

----------------
IN: 
0x000c394b:  
OBJD-T: 50e8bad4

----------------
IN: 
0x000c0e09:  
OBJD-T: 6689c22e678a0884c97423

----------------
IN: 
0x000c0e14:  
OBJD-T: 66b80100000080f903741e

----------------
IN: 
0x000c0e1f:  
OBJD-T: 2e678a42063c08660fb6c07611

----------------
IN: 
0x000c0e3d:  
OBJD-T: c20200

----------------
IN: 
0x000c394f:  
OBJD-T: 6689c36689f09c6683c0029d

----------------
IN: 
0x000c395b:  
OBJD-T: 50e8c4cf

----------------
IN: 
0x000c0923:  
OBJD-T: 2e678a1080fa017417

----------------
IN: 
0x000c092c:  
OBJD-T: 66b80400000080fa037420

----------------
IN: 
0x000c0937:  
OBJD-T: f6da6619c06683c002c20200

----------------
IN: 
0x000c395f:  
OBJD-T: 6689c167668b55e8673955e27238

----------------
IN: 
0x000c396d:  
OBJD-T: 660fb7c2660fafc36683c00766bb08000000669966f7fb67660fb755de660faf
OBJD-T: c2660fafc167663945ec720c

----------------
IN: 
0x000c3999:  
OBJD-T: 67660fb65ddd67395de07324

----------------
IN: 
0x000c39c9:  
OBJD-T: 6683c60ee94bff

----------------
IN: 
0x000c391b:  
OBJD-T: 67668b45e46639c60f83a900

----------------
IN: 
0x000c0957:  
OBJD-T: c20200

----------------
IN: 
0x000c0e2c:  
OBJD-T: 6683c0076683e0f8c20200

----------------
IN: 
0x000c39a5:  
OBJD-T: 2e678b06660fb7c0665066683958000050e87eeb

----------------
IN: 
0x000c104f:  
OBJD-T: eb65

----------------
IN: 
0x000c39b9:  
OBJD-T: 6659665b8cc88ec06683c8ff266789066683c60ee94bff

----------------
IN: 
0x000c39d0:  
OBJD-T: 6766837df0007422

----------------
IN: 
0x000c39d8:  
OBJD-T: 67668b45f06601f8678a008cca8ec2266788872071000066476681ff00010000
OBJD-T: ebdc

----------------
IN: 
0x000c39e0:  
OBJD-T: 678a00

----------------
IN: 
0x000c39e3:  
OBJD-T: 8cca8ec2266788872071000066476681ff00010000ebdc

----------------
IN: 
0x000c39d6:  
OBJD-T: 7422

----------------
IN: 
0x000c39fa:  
OBJD-T: 2e66a1509867668945f06685c00f85d803

----------------
IN: 
0x000c3a0b:  
OBJD-T: 66b8400000008ec0268b1610006683e2cf6683ca2026891610008ec0b2512688
OBJD-T: 1689008ec0b2082688168a008ec06631d226881665008ec026881666008cc966
OBJD-T: c1e11066baa0660000660fb7d26609ca8ec026668916a8008cca6689d166c1e1
OBJD-T: 1066b8605f0000660fb7c06609c88ec22666a3a0666766c745e4405f000066bb
OBJD-T: 605f000067668b45e42e678a10660fb6d26685d20f847d01

----------------
IN: 
0x000c3c20:  
OBJD-T: 6766ff45e46683c3406681fba06600000f855bfe

----------------
IN: 
0x000c3a8f:  
OBJD-T: 67668b45e42e678a10660fb6d26685d20f847d01

----------------
IN: 
0x000c3aa3:  
OBJD-T: 6631c02e678b88c0660000660fb7c96639ca755d

----------------
IN: 
0x000c3b14:  
OBJD-T: 6683c02c663dc00200007586

----------------
IN: 
0x000c3aa6:  
OBJD-T: 2e678b88c0660000660fb7c96639ca755d

----------------
IN: 
0x000c3ab7:  
OBJD-T: 6689c79c6681c7c26600009d

----------------
IN: 
0x000c3ac3:  
OBJD-T: 6766897dec2e678bb0c4660000660fb7fe6766897de82e678b90c6660000660f
OBJD-T: b7fa2e678a88c266000067884de22e678a88ca66000067807de2007523

----------------
IN: 
0x000c3b23:  
OBJD-T: 2e678a80c96600008cca8ec2660fb6f067668b45e8669966f7fe26678803660f
OBJD-T: b6f16689f8669966f7fe66482667884301678c4de0678e45e02667884b026766
OBJD-T: 0fb645e26689f967668b55e850e8bcc4

----------------
IN: 
0x000c002f:  
OBJD-T: 84c07434

----------------
IN: 
0x000c0033:  
OBJD-T: 66556689e566536689c366b800400000fecb7437

----------------
IN: 
0x000c007e:  
OBJD-T: 665b665dc20200

----------------
IN: 
0x000c3b73:  
OBJD-T: 266789430367668b45ec2e67668b70166689df9c6683c7059d

----------------
IN: 
0x000c3b8c:  
OBJD-T: 66b90400000067668b55e08cd88edaf3a4

----------------
IN: 
0x000c3b9b:  
OBJD-T: f3a4

----------------
IN: 
0x000c3b9d:  
OBJD-T: 8ed867668b45ec2e678a401a8cca8ec2266788430967668b45ec2e67668b701e
OBJD-T: 6689df9c6683c70a9d

----------------
IN: 
0x000c3bc6:  
OBJD-T: 66b9190000008cd88edaf3a4

----------------
IN: 
0x000c3bd0:  
OBJD-T: f3a4

----------------
IN: 
0x000c3bd2:  
OBJD-T: 8ed867668b45ec2e67668b70228cca8ec26689df9c6683c7239d

----------------
IN: 
0x000c3bec:  
OBJD-T: 66b9140000008cd88edaf3a4

----------------
IN: 
0x000c3bf6:  
OBJD-T: f3a4

----------------
IN: 
0x000c3bf8:  
OBJD-T: 8ed867668b45ec2e67668b70268cca8ec26689df9c6683c7379d

----------------
IN: 
0x000c3c12:  
OBJD-T: 66b9090000008cd88edaf3a4

----------------
IN: 
0x000c3c1c:  
OBJD-T: f3a4

----------------
IN: 
0x000c3c1e:  
OBJD-T: 8ed86766ff45e46683c3406681fba06600000f855bfe

----------------
IN: 
0x000c3b00:  
OBJD-T: 8cc88ec06689f026678803664a2667885301eb40

----------------
IN: 
0x000c3b54:  
OBJD-T: 678c4de0678e45e02667884b0267660fb645e26689f967668b55e850e8bcc4

----------------
IN: 
0x000c0067:  
OBJD-T: 0fafca6689c89c66d1e06605ff0700009d

----------------
IN: 
0x000c0078:  
OBJD-T: 2500f8c20200

----------------
IN: 
0x000c0047:  
OBJD-T: 660fb7d2660fb7c9660fafd166c1fa036689d09c6605ff1f00009d

----------------
IN: 
0x000c0062:  
OBJD-T: 2500e0eb17

----------------
IN: 
0x000c3c34:  
OBJD-T: 6631d266b80100000067666b4df02c6783b9c066000013770d

----------------
IN: 
0x000c3c4d:  
OBJD-T: 6689c7678a4df066d3e76609fa6766ff45f06766837df01075d6

----------------
IN: 
0x000c3c3d:  
OBJD-T: 67666b4df02c6783b9c066000013770d

----------------
IN: 
0x000c3c5a:  
OBJD-T: 6766ff45f06766837df01075d6

----------------
IN: 
0x000c3c67:  
OBJD-T: 8cc88ec02666891640986689c266c1e21066b8ce550000660fb7c06609d06631
OBJD-T: d28ec22666a340006631c066be00f0ffff8ec62667668b106681fa24504d4d0f
OBJD-T: 85e800

----------------
IN: 
0x000c3d92:  
OBJD-T: 6683c010663d000001000f85f8fe

----------------
IN: 
0x000c3c98:  
OBJD-T: 8ec62667668b106681fa24504d4d0f85e800

----------------
IN: 
0x000c3caa:  
OBJD-T: 26678a5005660fb6fa6766897df06631c96631d267668b7df06639fa730f

----------------
IN: 
0x000c3cc8:  
OBJD-T: 26678a1c106689df6601f96642ebe7

----------------
IN: 
0x000c3cbe:  
OBJD-T: 67668b7df06639fa730f

----------------
IN: 
0x000c3cd7:  
OBJD-T: 84c90f85b500

----------------
IN: 
0x000c3cdd:  
OBJD-T: 66ba00f0ffff8ec22667668b5807660fb7c366506689d866c1e810665066684b
OBJD-T: 58000066680002000066685258000050e827e8

----------------
IN: 
0x000c26ae:  
OBJD-T: 67668b0384c97506

----------------
IN: 
0x000c26b6:  
OBJD-T: 6683c304eb04

----------------
IN: 
0x000c3d10:  
OBJD-T: 6683c4146689d966bb2000000066be09000000665156666aff66536a0067ff5c
OBJD-T: 240c

----------------
IN: 
0x000fd0c0:  
OBJD-T: 6654660fb7e4669cfafc6650665166526653665566566657061e668cd18ed966
OBJD-T: c1e10466b855ecff0667668d540c2c66b9ffffffff66e8c8acffff

----------------
IN: 
0x000f7dc3:  
OBJD-T: 66556657665666536689c76689d32e66a1d4616685c07452

----------------
IN: 
0x000f7ddb:  
OBJD-T: 66b80200000066e8adedffff

----------------
IN: 
0x000f6bf6:  
OBJD-T: 8cd066b900d900008ec126a320fee470

----------------
IN: 
0x000f7de7:  
OBJD-T: 6689de6689e5668cd066c1e0046601c466b8b500000066b93412000066bb0e7e
OBJD-T: 0f00e6b2

----------------
IN: 
0x000a8000:  
OBJD-T: 8cc8ea66d000f0

----------------
IN: 
0x000ef8f2:  
OBJD-T: 3cb50f85c1010000

----------------
IN: 
0x000ef8fa:  
OBJD-T: 81fa000002000f85c9000000

----------------
IN: 
0x000ef906:  
OBJD-T: 8d7c24108db3d0ff0000b908000000f3a5

----------------
IN: 
0x000ef915:  
OBJD-T: f3a5

----------------
IN: 
0x000ef917:  
OBJD-T: 8b83dcff00008904248b83d4ff00003d341200008d5424108d8bd0ff0000894c
OBJD-T: 240c7547

----------------
IN: 
0x000ef93b:  
OBJD-T: 8d8300fe00008944240c8d8300020000b98000000089c78b74240cf3a5

----------------
IN: 
0x000ef956:  
OBJD-T: f3a5

----------------
IN: 
0x000ef958:  
OBJD-T: b9800000008b7c240c89def3a5

----------------
IN: 
0x000ef963:  
OBJD-T: f3a5

----------------
IN: 
0x000ef965:  
OBJD-T: b9080000008dbbd0ff000089d6f3a5

----------------
IN: 
0x000ef972:  
OBJD-T: f3a5

----------------
IN: 
0x000ef974:  
OBJD-T: 8b04248983f0ff0000e9d8000000

----------------
IN: 
0x000efa5a:  
OBJD-T: b801000000e8dc93ffff

----------------
IN: 
0x000e8e40:  
OBJD-T: 89c2e492

----------------
IN: 
0x000e8e44:  
OBJD-T: 88c1d0e983e10183e20138d17405

----------------
IN: 
0x000e8e57:  
OBJD-T: 88c8c3

----------------
IN: 
0x000efa64:  
OBJD-T: 0fb6c0898300040000eb4c

----------------
IN: 
0x000f7e0e:  
OBJD-T: 89f0ffd7

----------------
IN: 
0x06ffec55:  
OBJD-T: 5557565383ec0889c30fb70089c6506885420f00e831cf0ef9

----------------
IN: 
0x06ffec6e:  
OBJD-T: 5d586683fe010f845b010000

----------------
IN: 
0x06ffec7a:  
OBJD-T: 6683fe020f8486010000

----------------
IN: 
0x06ffec84:  
OBJD-T: 6685f60f858f010000

----------------
IN: 
0x06ffec8d:  
OBJD-T: 8b7302668b530a89d06683e00866890424750c

----------------
IN: 
0x06ffecac:  
OBJD-T: bf64feff06b868feff0685f67549

----------------
IN: 
0x06ffed03:  
OBJD-T: 8b6b06c1e60485f67ec0

----------------
IN: 
0x06ffed0d:  
OBJD-T: b910000000f6c2047416

----------------
IN: 
0x06ffed2d:  
OBJD-T: 83e2036683fa02740e

----------------
IN: 
0x06ffed36:  
OBJD-T: 6683fa037452

----------------
IN: 
0x06ffed3c:  
OBJD-T: 664a89f27463

----------------
IN: 
0x06ffeda5:  
OBJD-T: e80aeffeff

----------------
IN: 
0x06ffedaa:  
OBJD-T: 89c385c00f8419ffffff

----------------
IN: 
0x06ffedb4:  
OBJD-T: 83fdff7418

----------------
IN: 
0x06ffedd1:  
OBJD-T: 89d8eb4a

----------------
IN: 
0x06ffee1f:  
OBJD-T: 83c4085b5e5f5dc3

----------------
IN: 
0x000f7e12:  
OBJD-T: 89c6b8b5000000b978560000bb287e0000e6b2

----------------
IN: 
0x000ef982:  
OBJD-T: 3d785600000f852e010000

----------------
IN: 
0x000ef98d:  
OBJD-T: 8d8300fe00008db300020000b98000000089c7f3a5

----------------
IN: 
0x000ef9a0:  
OBJD-T: f3a5

----------------
IN: 
0x000ef9a2:  
OBJD-T: b9080000008dbbd0ff000089d6f3a5

----------------
IN: 
0x000ef9af:  
OBJD-T: f3a5

----------------
IN: 
0x000ef9b1:  
OBJD-T: 83bb00040000007507

----------------
IN: 
0x000ef9c1:  
OBJD-T: 8b04248983f0ff0000e9ec000000

----------------
IN: 
0x000f7e28:  
OBJD-T: 6689eceb47

----------------
IN: 
0x000f7e74:  
OBJD-T: 66e84af1ffff

----------------
IN: 
0x000f7e7a:  
OBJD-T: 6689f0665b665e665f665d66c3

----------------
IN: 
0x000fd0fb:  
OBJD-T: 678944241c66c1e81067894424141f07665f665e665d665b665a66596658669d

----------------
IN: 
0x000fd11b:  
OBJD-T: 665ccb

----------------
IN: 
0x000c3d32:  
OBJD-T: 6683c410fafc66c1e210660fb7c06689d36609c36689d89c6683c0ff9d

----------------
IN: 
0x000c3d4f:  
OBJD-T: 6683f8fd774b

----------------
IN: 
0x000c3d55:  
OBJD-T: 665366689058000050e8d6e7

----------------
IN: 
0x000c3d61:  
OBJD-T: 6658665a8cc88ec066c1eb0426891e58986689c266c1e21066b806560000660f
OBJD-T: b7c06609d06631d28ec22666a34000eb0e

----------------
IN: 
0x000c3da0:  
OBJD-T: 8cc88ec066b8010000002666a350986631c026a206002ea00200660fb6d066c1
OBJD-T: e2096631c06631c96639d1730b

----------------
IN: 
0x000c3dcd:  
OBJD-T: 26678a196601d86641ebf0

----------------
IN: 
0x000c3dc8:  
OBJD-T: 6639d1730b

----------------
IN: 
0x000c3dd8:  
OBJD-T: 8cca8ec266f7d826a206008d66f4665b665e665f665dc20200

----------------
IN: 
0x000c55ba:  
OBJD-T: 6689dc1f07665f665e665d665b665a66596658cb

----------------
IN: 
0x000edcbe:  
OBJD-T: e818dbffff

----------------
IN: 
0x000eb7db:  
OBJD-T: e885d6ffff

----------------
IN: 
0x000eb7e0:  
OBJD-T: 85c07505

----------------
IN: 
0x000eb7e4:  
OBJD-T: e9c5ffffff

----------------
IN: 
0x000edcc3:  
OBJD-T: 83c4345b5e5fc3

----------------
IN: 
0x06ff4f71:  
OBJD-T: 0fb65b02c1e30989d8e8ae65ffff

----------------
IN: 
0x06ff4f7f:  
OBJD-T: 85c07516

----------------
IN: 
0x06ff4f99:  
OBJD-T: a140feff068d8403ff0700002500f8ffffa340feff0683c4245b5e5f5dc3

----------------
IN: 
0x06ff50c6:  
OBJD-T: 0fb754240a81ca000000f03b15640000000f95c28b7c2410397c240c0f94c121
OBJD-T: ca8b04240b4424040f94c184ca7430

----------------
IN: 
0x06ff5125:  
OBJD-T: 83c42c5b5e5f5dc3

----------------
IN: 
0x06ffbb0c:  
OBJD-T: eb65

----------------
IN: 
0x06ffbb73:  
OBJD-T: 31c9ba01000000b81f380f00e83394ffff

----------------
IN: 
0x06ff4fb7:  
OBJD-T: 5557565389c589d789ce31db89da89e8e8eb65ffff

----------------
IN: 
0x06feb5b7:  
OBJD-T: 57565389c689d3e839da0ff9

----------------
IN: 
0x06feb5c3:  
OBJD-T: 89c785db751a

----------------
IN: 
0x06feb5c9:  
OBJD-T: 8b1d3cfeff0685db7414

----------------
IN: 
0x06feb5d3:  
OBJD-T: 8d530489f989f0e82eda0ff9

----------------
IN: 
0x06feb5df:  
OBJD-T: 85c07404

----------------
IN: 
0x06feb5e3:  
OBJD-T: 8b1bebe8

----------------
IN: 
0x06feb5cf:  
OBJD-T: 85db7414

----------------
IN: 
0x06feb5e7:  
OBJD-T: 89d85b5e5fc3

----------------
IN: 
0x06ff4fcc:  
OBJD-T: 89c385c0742a

----------------
IN: 
0x06ff4ffc:  
OBJD-T: 5b5e5f5d

----------------
IN: 
0x06ff5000:  
OBJD-T: c3

----------------
IN: 
0x06ffbb84:  
OBJD-T: 31c0e8a2f9feff

----------------
IN: 
0x06ffbb8b:  
OBJD-T: 813d40feff0600000c00740a

----------------
IN: 
0x06ffbb97:  
OBJD-T: c705a44d0f0000000c0031d231c9b8f10e0f00e85017ffff

----------------
IN: 
0x06ffbbaf:  
OBJD-T: 89c36685c00f84a6000000

----------------
IN: 
0x06ffbc60:  
OBJD-T: e8cd62ffff

----------------
IN: 
0x06ff1f32:  
OBJD-T: 5557565383ec6868400c0f00e85c9c0ff9

----------------
IN: 
0x06ff1f43:  
OBJD-T: b92600000031d28d442446e847800ff9

----------------
IN: 
0x06ff1f53:  
OBJD-T: 66c74424620300e8a8b6ffff

----------------
IN: 
0x06fed607:  
OBJD-T: 5266c740240002890424e8c5cf0ff9

----------------
IN: 
0x06fed616:  
OBJD-T: ba60d00f000fb7d28b0424e8d0e40ff9

----------------
IN: 
0x000ebaf6:  
OBJD-T: 6689502066c7402200f00fb715208e0e0089d1c1e10429c8b931820f00e9f4fb
OBJD-T: ffff

----------------
IN: 
0x000fd060:  
OBJD-T: cd10

----------------
IN: 
0x000c5606:  
OBJD-T: fafc1e6650b840008ed8f606b900400f849700

----------------
IN: 
0x000c56b0:  
OBJD-T: 66581fe918ff

----------------
IN: 
0x000c55ce:  
OBJD-T: fafc6650665166526653665566566657061e8cd08ed86689e3660fb7e46689e0
OBJD-T: 50e877f2

----------------
IN: 
0x000c4869:  
OBJD-T: 66556689e56657665666536683ec086689c3678a401d3c0c0f843703

----------------
IN: 
0x000c4885:  
OBJD-T: 777f

----------------
IN: 
0x000c4887:  
OBJD-T: 3c060f840c02

----------------
IN: 
0x000c488d:  
OBJD-T: 774b

----------------
IN: 
0x000c488f:  
OBJD-T: 3c030f846201

----------------
IN: 
0x000c4895:  
OBJD-T: 770f

----------------
IN: 
0x000c4897:  
OBJD-T: 3c010f843701

----------------
IN: 
0x000c489d:  
OBJD-T: 3c020f85d100

----------------
IN: 
0x000c4974:  
OBJD-T: 67660fb6731c6689f16683e17f6689f76683e77f66b8400000008ec0268a1689
OBJD-T: 006683e20a6683ca0167807b1c007903

----------------
IN: 
0x000c49a7:  
OBJD-T: b0206683e6787510

----------------
IN: 
0x000c49af:  
OBJD-T: 80f9060f94c066486683e0f16683c03f6788431c6689f88d66f4665b665e665f
OBJD-T: 665de9ade7

----------------
IN: 
0x000c3181:  
OBJD-T: 66556689e56657665666536683ec1467668945ec67668955f0665066686e5700
OBJD-T: 0050e891f3

----------------
IN: 
0x000c31a6:  
OBJD-T: 665a665967668b45ec50e86cf9

----------------
IN: 
0x000c2b1f:  
OBJD-T: 66556689e566536689c12e668b16a45a2e66a1a05a6685c0742f

----------------
IN: 
0x000c2b39:  
OBJD-T: 666bd20e6681c2c05a000066b8c05a00006639d07319

----------------
IN: 
0x000c2b4f:  
OBJD-T: 2e678b18660fb7db6639d97506

----------------
IN: 
0x000c2b62:  
OBJD-T: 6683c00eebe2

----------------
IN: 
0x000c2b4a:  
OBJD-T: 6639d07319

----------------
IN: 
0x000c2b68:  
OBJD-T: 6631c02e678b90c0660000660fb7d26639d17508

----------------
IN: 
0x000c2b84:  
OBJD-T: 6683c02c663dc002000075db

----------------
IN: 
0x000c2b6b:  
OBJD-T: 2e678b90c0660000660fb7d26639d17508

----------------
IN: 
0x000c2b7c:  
OBJD-T: 6605c2660000eb0f

----------------
IN: 
0x000c2b93:  
OBJD-T: 665b665dc20200

----------------
IN: 
0x000c31b3:  
OBJD-T: 6685c00f845a04

----------------
IN: 
0x000c31ba:  
OBJD-T: 6689c62e66a1a05a6685c07417

----------------
IN: 
0x000c31c7:  
OBJD-T: 66b80400000066bace010000ef

----------------
IN: 
0x000c31d4:  
OBJD-T: 6631c066bacf010000ef

----------------
IN: 
0x000c31de:  
OBJD-T: 2e66a1a45a6681fec25a00007221

----------------
IN: 
0x000c31ec:  
OBJD-T: 666bc00e6605b45a00006639f07212

----------------
IN: 
0x000c320d:  
OBJD-T: 67668b55f06689f050e8dcf6

----------------
IN: 
0x000c28f5:  
OBJD-T: 66556689e5665766566653665167668955f0663d56690000774e

----------------
IN: 
0x000c290f:  
OBJD-T: 6689c3663dc26600007243

----------------
IN: 
0x000c291a:  
OBJD-T: 80e2080f859600

----------------
IN: 
0x000c2921:  
OBJD-T: 2e678a400c66bac6030000ee

----------------
IN: 
0x000c292d:  
OBJD-T: 2e67668b7b0e2e678b431266b9030000006631d2f7f1660fb7f08cc8660fb7c0
OBJD-T: 66566631c96689fa50e849e3

----------------
IN: 
0x000c0ca2:  
OBJD-T: 66556689e56657665666536689d367668b75086689c766bac803000088c8ee

----------------
IN: 
0x000c0cc1:  
OBJD-T: 66bac90300006685f6741b

----------------
IN: 
0x000c0ccc:  
OBJD-T: 8ec726678a03ee

----------------
IN: 
0x000c0cd3:  
OBJD-T: 26678a4301ee

----------------
IN: 
0x000c0cd9:  
OBJD-T: 26678a4302ee

----------------
IN: 
0x000c0cdf:  
OBJD-T: 6683c303664eebe0

----------------
IN: 
0x000c0cc7:  
OBJD-T: 6685f6741b

----------------
IN: 
0x000c0ce7:  
OBJD-T: 665b665e665f665dc20200

----------------
IN: 
0x000c2959:  
OBJD-T: 665aeb21

----------------
IN: 
0x000c297e:  
OBJD-T: 6681feff0000007f1c

----------------
IN: 
0x000c2987:  
OBJD-T: 8cc8660fb7c0666a016689f166ba3c5f000050e805e3

----------------
IN: 
0x000c299d:  
OBJD-T: 66586646ebdb

----------------
IN: 
0x000c29a3:  
OBJD-T: 67f645f002740d

----------------
IN: 
0x000c29b7:  
OBJD-T: 2e67668b7b226631f62e678a1437660fb6d26689f050e8ace1

----------------
IN: 
0x000c0b7c:  
OBJD-T: 66556689e56656665388c388d166bada030000ec

----------------
IN: 
0x000c0b90:  
OBJD-T: 66bac0030000ec

----------------
IN: 
0x000c0b97:  
OBJD-T: 6689c688d8ee

----------------
IN: 
0x000c0b9d:  
OBJD-T: 88c8ee

----------------
IN: 
0x000c0ba0:  
OBJD-T: 6689f0ee

----------------
IN: 
0x000c0ba4:  
OBJD-T: 665b665e665dc20200

----------------
IN: 
0x000c29d0:  
OBJD-T: 66466683fe1475e8

----------------
IN: 
0x000c29c0:  
OBJD-T: 2e678a1437660fb6d26689f050e8ace1

----------------
IN: 
0x000c29d8:  
OBJD-T: 6631d266b81400000050e897e1

----------------
IN: 
0x000c29e5:  
OBJD-T: 66b80003000066bac4030000ef

----------------
IN: 
0x000c29f2:  
OBJD-T: 2e67668b731666b9010000002e678a440eff66c1e0086609c8ef

----------------
IN: 
0x000c2a0c:  
OBJD-T: 66416683f90575ea

----------------
IN: 
0x000c29fe:  
OBJD-T: 2e678a440eff66c1e0086609c8ef

----------------
IN: 
0x000c2a14:  
OBJD-T: 2e67668b73266631c966bace0300002e678a040e66c1e0086609c8ef

----------------
IN: 
0x000c2a30:  
OBJD-T: 66416683f90975eb

----------------
IN: 
0x000c2a23:  
OBJD-T: 2e678a040e66c1e0086609c8ef

----------------
IN: 
0x000c2a38:  
OBJD-T: 2e678a431a6689c666bab4030000a8017406

----------------
IN: 
0x000c2a4a:  
OBJD-T: 66bad403000066b811000000ef

----------------
IN: 
0x000c2a57:  
OBJD-T: 2e67668b7b1e6631c92e678a040f66c1e0086609c8ef

----------------
IN: 
0x000c2a6d:  
OBJD-T: 66416683f91975eb

----------------
IN: 
0x000c2a60:  
OBJD-T: 2e678a040f66c1e0086609c8ef

----------------
IN: 
0x000c2a75:  
OBJD-T: 66bac20300006689f0ee

----------------
IN: 
0x000c2a7f:  
OBJD-T: 66bada030000ec

----------------
IN: 
0x000c2a86:  
OBJD-T: b02066bac0030000ee

----------------
IN: 
0x000c2a8f:  
OBJD-T: 67668b7df06681e7008000007542

----------------
IN: 
0x000c2a9d:  
OBJD-T: 2e678a0384c07413

----------------
IN: 
0x000c2ab8:  
OBJD-T: 2e678b430a8ec066b90040000066b820070000eb10

----------------
IN: 
0x000c2add:  
OBJD-T: f3ab

----------------
IN: 
0x000c2add:  
OBJD-T: f3ab

----------------
IN: 
0x000c2adf:  
OBJD-T: 2e678a0384c07405

----------------
IN: 
0x000c2aec:  
OBJD-T: 8cc8660fb7c0666a10666a00666a0066b90001000066ba4072000050e8bcdc

----------------
IN: 
0x000c07c7:  
OBJD-T: 66556689e56657665666536683ec106689d367668b750c678945f067894de666
OBJD-T: bac403000066b800010000ef

----------------
IN: 
0x000c07f3:  
OBJD-T: 66b802040000ef

----------------
IN: 
0x000c07fa:  
OBJD-T: 66b804070000ef

----------------
IN: 
0x000c0801:  
OBJD-T: 66b800030000ef

----------------
IN: 
0x000c0808:  
OBJD-T: 66bace03000066b804020000ef

----------------
IN: 
0x000c0815:  
OBJD-T: 66b805000000ef

----------------
IN: 
0x000c081c:  
OBJD-T: 66b806040000ef

----------------
IN: 
0x000c0823:  
OBJD-T: 67660fb6451067668945ec6689f066c1e00b2500206689f166c1e10e6601c166
OBJD-T: 0fb7c967660fb7450866c1e0056601c867668945e867c745f20000678b7de667
OBJD-T: 397df27436

----------------
IN: 
0x000c0868:  
OBJD-T: 66be00a0ffff8ec667668b4dec6689de67668b7de867668b45f08cda8ed8f3a4

----------------
IN: 
0x000c0886:  
OBJD-T: f3a4

----------------
IN: 
0x000c0886:  
OBJD-T: f3a4

----------------
IN: 
0x000c0888:  
OBJD-T: 8eda67ff45f267668b45ec6601c367668345e820ebc0

----------------
IN: 
0x000c085e:  
OBJD-T: 678b7de667397df27436

----------------
IN: 
0x000c089e:  
OBJD-T: 66bac403000066b800010000ef

----------------
IN: 
0x000c08ab:  
OBJD-T: 66b802030000ef

----------------
IN: 
0x000c08b2:  
OBJD-T: 66b804030000ef

----------------
IN: 
0x000c08b9:  
OBJD-T: 66b800030000ef

----------------
IN: 
0x000c08c0:  
OBJD-T: 66bacc030000ec

----------------
IN: 
0x000c08c7:  
OBJD-T: 66ba0a000000a8017406

----------------
IN: 
0x000c08d1:  
OBJD-T: 66ba0e0000006689d066c1e0086683c80666bace030000ef

----------------
IN: 
0x000c08e9:  
OBJD-T: 66b804000000ef

----------------
IN: 
0x000c08f0:  
OBJD-T: 66b805100000ef

----------------
IN: 
0x000c08f7:  
OBJD-T: 6683c410665b665e665f665dc20200

----------------
IN: 
0x000c2b0b:  
OBJD-T: 6683c40cebd6

----------------
IN: 
0x000c2ae7:  
OBJD-T: 6631c0eb25

----------------
IN: 
0x000c2b11:  
OBJD-T: 8d66f4665b665e665f665dc20200

----------------
IN: 
0x000c3219:  
OBJD-T: 6685c00f85fa03

----------------
IN: 
0x000c3220:  
OBJD-T: e91a02

----------------
IN: 
0x000c343d:  
OBJD-T: 2e678b7e02660fb7c767668945e42e678b4604678945e2660fb7c067668945e8
OBJD-T: 2e678a06678845e12e678a5e0866b8400000006766817decff0000007f08

----------------
IN: 
0x000c347b:  
OBJD-T: 8ec0678a45eceb04

----------------
IN: 
0x000c3487:  
OBJD-T: 26a2490066b9400000008ec167668b45f02500fe67660b45ec26a3ba008ec126
OBJD-T: 8936bc008ec1268a16b900678a45f066c1e0066683e0406683e2bf6609d026a2
OBJD-T: b90067807de100751d

----------------
IN: 
0x000c34d0:  
OBJD-T: 8ec126893e4a008ec1678a45e2664826a284008ec166b807060000eb34

----------------
IN: 
0x000c3521:  
OBJD-T: 26a3600067660fb645e167668b4de867668b55e450e8f6ca

----------------
IN: 
0x000c3539:  
OBJD-T: 66b9400000008ec126a34c0050e8bdd3

----------------
IN: 
0x000c0906:  
OBJD-T: 66bacc030000ec

----------------
IN: 
0x000c090d:  
OBJD-T: 66bad4030000a8017506

----------------
IN: 
0x000c091d:  
OBJD-T: 6689d0c20200

----------------
IN: 
0x000c3549:  
OBJD-T: 8ec126a363008ec1660fb6c326a385008ec167668b45f066c1f8086683e08066
OBJD-T: 83c86026a287008ec1b0f926a288008ec126a089006683e07f26a289006631d2
OBJD-T: 6631c08ec126678944125066426683fa0875f0

----------------
IN: 
0x000c358c:  
OBJD-T: 8ec126678944125066426683fa0875f0

----------------
IN: 
0x000c359c:  
OBJD-T: 8ec126a34e008ec16631d226881662008cc966c1e11066ba40940000660fb7d2
OBJD-T: 6609ca8ec0266689167c0080fb0e741d

----------------
IN: 
0x000c35cc:  
OBJD-T: 80fb107426

----------------
IN: 
0x000c35f7:  
OBJD-T: 8cc966c1e11066ba40720000660fb7d26609ca8ec0266689160c01ebc2

----------------
IN: 
0x000c35d6:  
OBJD-T: 6631c0eb3f

----------------
IN: 
0x000c361a:  
OBJD-T: 8d66f4665b665e665f665dc20200

----------------
IN: 
0x000c55f2:  
OBJD-T: 6689dc1f07665f665e665d665b665a66596658cf

----------------
IN: 
0x000fd062:  
OBJD-T: cb

----------------
IN: 
0x06fed626:  
OBJD-T: 59e9afe10ff9

----------------
IN: 
0x06ff1f5f:  
OBJD-T: 68904a0f00681ffc0e00e83ebc0ff9

----------------
IN: 
0x000edbac:  
OBJD-T: 8d4c24088b542404b8244a0f00e872d7ffff

----------------
IN: 
0x000ebb6c:  
OBJD-T: 5389d3833da84d0f0000740f

----------------
IN: 
0x000ebb78:  
OBJD-T: 88d0668b1594600f006685d27401

----------------
IN: 
0x000ebb87:  
OBJD-T: 80fb0a750a

----------------
IN: 
0x000ebb96:  
OBJD-T: 0fbec35be979ffffff

----------------
IN: 
0x000ebb18:  
OBJD-T: ba65f00f000fb7d281ca000000f0391540000000743d

----------------
IN: 
0x000ebb2e:  
OBJD-T: 5383ec2889c3b92600000031d28d442402e856e4ffff

----------------
IN: 
0x000ebb44:  
OBJD-T: 66c74424260002c644241f0e885c241ec644241207ba60d00f000fb7d2e890ff
OBJD-T: ffff

----------------
IN: 
0x000c5619:  
OBJD-T: 2e8e1e589866b8d001000067668f401c678f0067668978046766897008676689
OBJD-T: 680c676689581067668950146766894818678c40026766896028678c502c6766
OBJD-T: 8f4020678f40248cda8ed2

----------------
IN: 
0x000c5664:  
OBJD-T: 6689c4

----------------
IN: 
0x000c5667:  
OBJD-T: 50e8fef1

----------------
IN: 
0x000c4906:  
OBJD-T: 3c120f84e408

----------------
IN: 
0x000c490c:  
OBJD-T: 7732

----------------
IN: 
0x000c490e:  
OBJD-T: 3c0f0f84de02

----------------
IN: 
0x000c4914:  
OBJD-T: 771d

----------------
IN: 
0x000c4916:  
OBJD-T: 3c0d0f85c002

----------------
IN: 
0x000c4bdc:  
OBJD-T: 678a531c678a43108d66f4665b665e665f665de93bd8

----------------
IN: 
0x000c242d:  
OBJD-T: 66556689e56653665188c188d366b8400000008ec026a06200660fb6c050e8f2
OBJD-T: e9

----------------
IN: 
0x000c0e40:  
OBJD-T: 3c077606

----------------
IN: 
0x000c0e4a:  
OBJD-T: 66ba400000008ec2660fb6c026678b54005066c1e010660fb7d26609d0c20200

----------------
IN: 
0x000c244e:  
OBJD-T: 67668945f8666a0088da6689e89c6683c0f89d

----------------
IN: 
0x000c2461:  
OBJD-T: 50e80eff

----------------
IN: 
0x000c2373:  
OBJD-T: 66556689e56657665666536689c380fa0a7427

----------------
IN: 
0x000c2386:  
OBJD-T: 770c

----------------
IN: 
0x000c2394:  
OBJD-T: 80fa0d751a

----------------
IN: 
0x000c23b3:  
OBJD-T: 678a450866506689d850e8a5f9

----------------
IN: 
0x000c1d65:  
OBJD-T: 66556689e566576656665366536689c3678855f36689ce678a00678845f2678a
OBJD-T: 5301678a4b0266b8400000008ec0268b3ebc0085ff7460

----------------
IN: 
0x000c1d9c:  
OBJD-T: 660fb7ff2e678a0784c0741b

----------------
IN: 
0x000c1dc3:  
OBJD-T: 678a45f250e8a2f4

----------------
IN: 
0x000c126d:  
OBJD-T: 66556689e56656665366bb400000008ec3268b1e4a00268b364c00660fb7f666
OBJD-T: 0fb6c9660faff1660fb6c06601c06601c6660fb7db660fb6d2660fafd36601d2
OBJD-T: 6689d09c6601f09d

----------------
IN: 
0x000c12b5:  
OBJD-T: 665b665e665dc20200

----------------
IN: 
0x000c1dcb:  
OBJD-T: 6689c22e678b470a67807d08007418

----------------
IN: 
0x000c1df2:  
OBJD-T: 8ec0678a45f326678802678a03664067880366ba400000008ec2268b164a0066
OBJD-T: 0fb6c039d07508

----------------
IN: 
0x000c1df8:  
OBJD-T: 26678802

----------------
IN: 
0x000c1dfc:  
OBJD-T: 678a03664067880366ba400000008ec2268b164a00660fb6c039d07508

----------------
IN: 
0x000c1e21:  
OBJD-T: 8d66f4665b665e665f665dc20200

----------------
IN: 
0x000c23c0:  
OBJD-T: 665866ba400000008ec226a084006689c6678a43016689f138c17343

----------------
IN: 
0x000c241f:  
OBJD-T: 8d66f4665b665e665f665dc20200

----------------
IN: 
0x000c2465:  
OBJD-T: 665b678a4dfa678a55f9678a45f850e847ee

----------------
IN: 
0x000c12be:  
OBJD-T: 66556689e56657665666536653678845f3660fb6d980fb077769

----------------
IN: 
0x000c12d8:  
OBJD-T: 6689d666b8400000008ec026a0620038d8753b

----------------
IN: 
0x000c12eb:  
OBJD-T: 88d9678a45f350e878ff

----------------
IN: 
0x000c12f5:  
OBJD-T: 6689c150e80af6

----------------
IN: 
0x000c12fc:  
OBJD-T: 6689c76689c866b902000000669966f7f96689c130c06683c80e6689faef

----------------
IN: 
0x000c131a:  
OBJD-T: 6689c866c1e0086683c80fef

----------------
IN: 
0x000c1326:  
OBJD-T: 66b8400000008ec066c1e60867660fb645f36609c6266789741b506658665b66
OBJD-T: 5e665f665dc20200

----------------
IN: 
0x000c2477:  
OBJD-T: 67668b5dfc6689ec665dc20200

----------------
IN: 
0x000c566b:  
OBJD-T: 6689e0678e502c

----------------
IN: 
0x000c5672:  
OBJD-T: 67668b6028

----------------
IN: 
0x000c5677:  
OBJD-T: 665a5a67ff70246766ff702067668b780467668b700867668b680c67668b5810
OBJD-T: 67668b501467668b4818678e40026766ff701c678e186658cf

----------------
IN: 
0x000ebb66:  
OBJD-T: 83c4285bc3

----------------
IN: 
0x000ebb8c:  
OBJD-T: b80d000000e882ffffff

----------------
IN: 
0x000c2399:  
OBJD-T: 67c60000eb23

----------------
IN: 
0x000c23c2:  
OBJD-T: 66ba400000008ec226a084006689c6678a43016689f138c17343

----------------
IN: 
0x000c23ad:  
OBJD-T: 67fe4001eb0f

----------------
IN: 
0x000edbbe:  
OBJD-T: c3

----------------
IN: 
0x06ff1f6e:  
OBJD-T: 31c0894424388d442438e87699ffff

----------------
IN: 
0x06feb8f3:  
OBJD-T: 89c28b0d14ffff0685c9740f

----------------
IN: 
0x06feb8ff:  
OBJD-T: 8b4110837914007506

----------------
IN: 
0x06feb908:  
OBJD-T: 8b490c890ac3

----------------
IN: 
0x06ff1f7d:  
OBJD-T: 89c68b7c243831c989fae80699ffff

----------------
IN: 
0x06ff1f8c:  
OBJD-T: 89c383c40c85db0f8469010000

----------------
IN: 
0x06ff1f99:  
OBJD-T: 803b010f854e010000

----------------
IN: 
0x06ff20f0:  
OBJD-T: 89d989fa89f0e89797ffff

----------------
IN: 
0x06ff20fb:  
OBJD-T: 89c3e98ffeffff

----------------
IN: 
0x06ff1f91:  
OBJD-T: 85db0f8469010000

----------------
IN: 
0x06ff1fa2:  
OBJD-T: 807b01170f8644010000

----------------
IN: 
0x06ff1fac:  
OBJD-T: 8d7c2432b90400000031c0f3ab

----------------
IN: 
0x06ff1fb7:  
OBJD-T: f3ab

----------------
IN: 
0x06ff1fb9:  
OBJD-T: 8d4308b9100000008d542432e843700ff9

----------------
IN: 
0x06ff1fca:  
OBJD-T: 85c00f8430010000

----------------
IN: 
0x06ff2102:  
OBJD-T: 83c4685b5e5f5dc3

----------------
IN: 
0x06ffbc65:  
OBJD-T: e8fbd10ef9

----------------
IN: 
0x06ffbc6a:  
OBJD-T: 85c0750a

----------------
IN: 
0x06ffbc6e:  
OBJD-T: e8bcc9ffff

----------------
IN: 
0x06ff862f:  
OBJD-T: 5557565383ec14ba6400000031c9b82a2d0f00e8b84cffff

----------------
IN: 
0x06ff8647:  
OBJD-T: a340ffff06a1c8fdff068d58fc83fbfc745e

----------------
IN: 
0x06ff8659:  
OBJD-T: 0fb74314c1e0080fb6531609d03d30030c007542

----------------
IN: 
0x06ff86af:  
OBJD-T: 8b5b0483eb04eb9d

----------------
IN: 
0x06ff8654:  
OBJD-T: 83fbfc745e

----------------
IN: 
0x06ff86b7:  
OBJD-T: ba100d000031c0e8f69dffff

----------------
IN: 
0x06ff24b9:  
OBJD-T: 5557565383ec1089c366c74424010c41c6442403d089d086e066894424040fb7
OBJD-T: d252687c0d0f006a0a8d7c241257e815fdffff

----------------
IN: 
0x000eb3a0:  
OBJD-T: 3c2e0f84a0010000

----------------
IN: 
0x000eb3a8:  
OBJD-T: 7f1a

----------------
IN: 
0x000eb3c4:  
OBJD-T: 3c580f841d010000

----------------
IN: 
0x000e8f00:  
OBJD-T: 8d42370fbed089d85be98dffffff

----------------
IN: 
0x06ff24ec:  
OBJD-T: 89c683c41085db7511

----------------
IN: 
0x06ff24f5:  
OBJD-T: 8b1dd0fbff0685db7431

----------------
IN: 
0x06ff24ff:  
OBJD-T: 8b6b1885ed7504

----------------
IN: 
0x06ff2506:  
OBJD-T: 8b1bebf1

----------------
IN: 
0x06ff24fb:  
OBJD-T: 85db7431

----------------
IN: 
0x06ff250a:  
OBJD-T: 83c505b9050000008d54240189e8e8f06a0ff9

----------------
IN: 
0x06ff251d:  
OBJD-T: 85c0740f

----------------
IN: 
0x06ff2521:  
OBJD-T: 89f189fa89e8e8e16a0ff9

----------------
IN: 
0x06ff252c:  
OBJD-T: 85c075d6

----------------
IN: 
0x06ff2530:  
OBJD-T: 89d883c4105b5e5f5dc3

----------------
IN: 
0x06ff86c3:  
OBJD-T: 89c585c0745c

----------------
IN: 
0x06ff8725:  
OBJD-T: a1c8fdff068d58fc83fbfc0f84ba000000

----------------
IN: 
0x06ff8736:  
OBJD-T: 0fb74314c1e0080fb6531609d03d20030c000f8597000000

----------------
IN: 
0x06ff87e5:  
OBJD-T: 8b5b0483eb04e93dffffff

----------------
IN: 
0x06ff872d:  
OBJD-T: 83fbfc0f84ba000000

----------------
IN: 
0x06ff87f0:  
OBJD-T: a1c8fdff068d58fc83fbfc0f84c9000000

----------------
IN: 
0x06ff8801:  
OBJD-T: 0fb74314c1e0080fb6531609d03d00030c000f85a6000000

----------------
IN: 
0x06ff88bf:  
OBJD-T: 8b5b0483eb04e92effffff

----------------
IN: 
0x06ff87f8:  
OBJD-T: 83fbfc0f84c9000000

----------------
IN: 
0x06ff88ca:  
OBJD-T: a1c8fdff068d58fc83fbfc0f849e000000

----------------
IN: 
0x06ff88db:  
OBJD-T: 0fb74314c1e0080fb6531609d03d10030c00757f

----------------
IN: 
0x06ff896e:  
OBJD-T: 8b5b0483eb04e959ffffff

----------------
IN: 
0x06ff88d2:  
OBJD-T: 83fbfc0f849e000000

----------------
IN: 
0x06ff8979:  
OBJD-T: 833dd0fbff0600744f

----------------
IN: 
0x06ff8982:  
OBJD-T: ba0303000031c0e82b9bffff

----------------
IN: 
0x06ff898e:  
OBJD-T: 85c07432

----------------
IN: 
0x06ff8992:  
OBJD-T: 8b401c85c07438

----------------
IN: 
0x06ff8999:  
OBJD-T: 8038087533

----------------
IN: 
0x06ff899e:  
OBJD-T: 31d28954240c8954241083c0058d4c240c31d2e8c93cffff

----------------
IN: 
0x06ff89b6:  
OBJD-T: 837c2410007514

----------------
IN: 
0x06ff89bd:  
OBJD-T: 837c240c00750d

----------------
IN: 
0x06ff89d1:  
OBJD-T: ba87e90f000fb7d281ca000000f0b801000000e8103effff

----------------
IN: 
0x06ff89e9:  
OBJD-T: ba2bd40f000fb7d281ca000000f0b80c000000e8f83dffff

----------------
IN: 
0x06ff8a01:  
OBJD-T: 31d2b81f1cff06e8e752ffff

----------------
IN: 
0x06fedcf4:  
OBJD-T: 5557565389c689d7803dc04d0f0000747a

----------------
IN: 
0x06fedd05:  
OBJD-T: b900100000ba00100000b858feff06e89bffffff

----------------
IN: 
0x06fedd19:  
OBJD-T: 89c385c07460

----------------
IN: 
0x06fedd1f:  
OBJD-T: 8d8000100000890389e0bdc8610f003d000010007607

----------------
IN: 
0x06fedd3c:  
OBJD-T: 8d55048d4304e8e8d3ffff

----------------
IN: 
0x06fedd47:  
OBJD-T: 89f889f189ea686eddfe065589228b23ffd1

----------------
IN: 
0x06ff1c1f:  
OBJD-T: 565350e83bc8ffff

----------------
IN: 
0x06fee462:  
OBJD-T: e464

----------------
IN: 
0x06fee464:  
OBJD-T: a8017433

----------------
IN: 
0x06fee49b:  
OBJD-T: 31c0c3

----------------
IN: 
0x06ff1c27:  
OBJD-T: 85c00f8538010000

----------------
IN: 
0x06ff1c2f:  
OBJD-T: 31d2b8ad000000e8aac7ffff

----------------
IN: 
0x06fee3e5:  
OBJD-T: 57565389c689d7e880d80ff9

----------------
IN: 
0x000ebc71:  
OBJD-T: e464

----------------
IN: 
0x000ebc73:  
OBJD-T: a8027431

----------------
IN: 
0x000ebca8:  
OBJD-T: 31c0c3

----------------
IN: 
0x06fee3f1:  
OBJD-T: 89c385c07565

----------------
IN: 
0x06fee3f7:  
OBJD-T: 89f0e664

----------------
IN: 
0x06fee3fb:  
OBJD-T: 89f3c1fb0c83fb017511

----------------
IN: 
0x06fee416:  
OBJD-T: 81e6000f000081fe000100007538

----------------
IN: 
0x06fee45c:  
OBJD-T: 89d85b5e5fc3

----------------
IN: 
0x06ff1c3b:  
OBJD-T: 85c00f8524010000

----------------
IN: 
0x06ff1c43:  
OBJD-T: 31d2b8a7000000e896c7ffff

----------------
IN: 
0x06ff1c4f:  
OBJD-T: 85c00f8510010000

----------------
IN: 
0x06ff1c57:  
OBJD-T: e806c8ffff

----------------
IN: 
0x06ff1c5c:  
OBJD-T: 85c00f8503010000

----------------
IN: 
0x06ff1c64:  
OBJD-T: 8d542402b8aa010000e873c7ffff

----------------
IN: 
0x06fee424:  
OBJD-T: e464

----------------
IN: 
0x06fee426:  
OBJD-T: be10270000a8017529

----------------
IN: 
0x06fee458:  
OBJD-T: e460

----------------
IN: 
0x06fee45a:  
OBJD-T: 880789d85b5e5fc3

----------------
IN: 
0x06ff1c72:  
OBJD-T: 85c00f85ed000000

----------------
IN: 
0x06ff1c7a:  
OBJD-T: 0fb64424023c557408

----------------
IN: 
0x06ff1c8b:  
OBJD-T: 8d542402b8ab010000e84cc7ffff

----------------
IN: 
0x06ff1c99:  
OBJD-T: 85c00f85c6000000

----------------
IN: 
0x06ff1ca1:  
OBJD-T: 0fb644240284c07412

----------------
IN: 
0x06ff1cbc:  
OBJD-T: 31d231c9b83c0b0f00e835b6ffff

----------------
IN: 
0x06ff1cca:  
OBJD-T: 89c3e86b940ff9

----------------
IN: 
0x000eb13c:  
OBJD-T: 5389c3e888ffffff

----------------
IN: 
0x000eb0cc:  
OBJD-T: 668b1598600f006685d27518

----------------
IN: 
0x000eb0f0:  
OBJD-T: 8b0db4850e006683fa407415

----------------
IN: 
0x000eb0fc:  
OBJD-T: ed

----------------
IN: 
0x000eb0fd:  
OBJD-T: 31c825ffffff0031c839c8732c

----------------
IN: 
0x000eb136:  
OBJD-T: a3b4850e00c3

----------------
IN: 
0x000eb144:  
OBJD-T: 0faf1d9c600f0001d85bc3

----------------
IN: 
0x06ff1cd1:  
OBJD-T: 89c68d542402b8ff010000e855feffff

----------------
IN: 
0x06ff1b36:  
OBJD-T: 555756535189c689d70fb62dac850e0089e88844240283e0fc83c83088442403
OBJD-T: 8d542403b860100000e881c8ffff

----------------
IN: 
0x06fee405:  
OBJD-T: e867d80ff9

----------------
IN: 
0x06fee40a:  
OBJD-T: 89c385c0754c

----------------
IN: 
0x06fee410:  
OBJD-T: 8a07e660

----------------
IN: 
0x06fee414:  
OBJD-T: eb46

----------------
IN: 
0x06ff1b64:  
OBJD-T: 85c00f85ad000000

----------------
IN: 
0x06ff1b6c:  
OBJD-T: e83d9c0ff9

----------------
IN: 
0x000eb7bd:  
OBJD-T: 2500f0ffff89c389d8e8b2d6ffff

----------------
IN: 
0x000e8e87:  
OBJD-T: 57565368968e0e005589208b215dc3

----------------
IN: 
0x06fedd6e:  
OBJD-T: 81fdc8610f007513

----------------
IN: 
0x06fedd76:  
OBJD-T: 5b5e5f5de915da0ff9

----------------
IN: 
0x06ff8a0d:  
OBJD-T: b87c600f00bfc7ef0f00b90b00000089c6f3a4

----------------
IN: 
0x06ff8a1e:  
OBJD-T: f3a4

----------------
IN: 
0x06ff8a20:  
OBJD-T: 66a37800000066c7057a00000000f0b090e670

----------------
IN: 
0x06ff8a33:  
OBJD-T: e471

----------------
IN: 
0x06ff8a35:  
OBJD-T: 8804243c0f760f

----------------
IN: 
0x06ff8a3c:  
OBJD-T: 88c2c0ea040fb6d231c0e8a4beffff

----------------
IN: 
0x06ff48ef:  
OBJD-T: 57565381ec0001000089c3e8d8c8ffff

----------------
IN: 
0x06ff11d7:  
OBJD-T: 565389c689d38d42ff83f807760f

----------------
IN: 
0x06ff11f4:  
OBJD-T: b82c000000e8d2cbffff

----------------
IN: 
0x06ff11fe:  
OBJD-T: 85c07513

----------------
IN: 
0x06ff1215:  
OBJD-T: b92c00000031d2e8798d0ff9

----------------
IN: 
0x06ff1221:  
OBJD-T: 897014c6001066c7401a0002885801c7400cffffffffc74010ffffffff6bdb0a
OBJD-T: 8b9320600f008950028b9324600f008950065b5ec3

----------------
IN: 
0x06ff48ff:  
OBJD-T: 85c00f8485000000

----------------
IN: 
0x06ff4907:  
OBJD-T: 89c68d434150688e130f006a50e837f1ffff

----------------
IN: 
0x06ff3a50:  
OBJD-T: 5383ec0c8b442414e842a3ffff

----------------
IN: 
0x06ff3a5d:  
OBJD-T: 89c385c07511

----------------
IN: 
0x06ff3a74:  
OBJD-T: c7042440b1fe06894424048b44241401d8894424088d4c241c8b54241889e0e8
OBJD-T: 98780ff9

----------------
IN: 
0x000eb3cc:  
OBJD-T: 3c630f85b4010000

----------------
IN: 
0x000eb3d4:  
OBJD-T: 8d7b040fbe138b0424e8b9daffff

----------------
IN: 
0x000eb3e2:  
OBJD-T: e9b2010000

----------------
IN: 
0x06ff3a98:  
OBJD-T: 8b4424048b54240839d07203

----------------
IN: 
0x06ff3aa7:  
OBJD-T: c6000089d883c40c5bc3

----------------
IN: 
0x06ff4919:  
OBJD-T: 89c7a1c8fdff068d48fc83c40c83f9fc744d

----------------
IN: 
0x06ff492b:  
OBJD-T: 6681791401067408

----------------
IN: 
0x06ff4933:  
OBJD-T: 8b490483e904ebeb

----------------
IN: 
0x06ff4926:  
OBJD-T: 83f9fc744d

----------------
IN: 
0x06ff493b:  
OBJD-T: 85c97439

----------------
IN: 
0x06ff493f:  
OBJD-T: baa0130f0089e0e89cedffff

----------------
IN: 
0x06ff36e7:  
OBJD-T: 5557565389c689d789cd8b490c85c9740e

----------------
IN: 
0x06ff3706:  
OBJD-T: 68820f0f00688d0f0f00680001000050e8e6eaffff

----------------
IN: 
0x06ff371b:  
OBJD-T: 8d1c060fb6550283c41084d27419

----------------
IN: 
0x06ff3742:  
OBJD-T: 8b450088c183e10789cd81c600010000c0e8030fb6c0505768940f0f0089f029
OBJD-T: d85053e897eaffff

----------------
IN: 
0x06ff376a:  
OBJD-T: 01c383c41489e884c07417

----------------
IN: 
0x06ff378c:  
OBJD-T: 89d85b5e5f5dc3

----------------
IN: 
0x06ff494b:  
OBJD-T: 5368f003000068a4130f008d94240c01000029c25250e89bd8ffff

----------------
IN: 
0x06ff4966:  
OBJD-T: 8d442414e835a7ffff

----------------
IN: 
0x06fef0a4:  
OBJD-T: 5557565389c650688efe0e00e8eaca0ff9

----------------
IN: 
0x06fef0b5:  
OBJD-T: 8b3d2cffff068b2d34feff06585a31db39df7e12

----------------
IN: 
0x06fef0db:  
OBJD-T: 83cbff89d85b5e5f5dc3

----------------
IN: 
0x06ff496f:  
OBJD-T: 89c283c41485c07906

----------------
IN: 
0x06ff4978:  
OBJD-T: 8b1530feff065789f1b801000000e8b295ffff

----------------
IN: 
0x06fedf3d:  
OBJD-T: 555756535689c389d789ce8b6c2418b818000000e849feffff

----------------
IN: 
0x06fedf56:  
OBJD-T: 85c07514

----------------
IN: 
0x06fedf6e:  
OBJD-T: 891889780889700485ed7505

----------------
IN: 
0x06fedf7f:  
OBJD-T: 89680c8b1520feff06c7042420feff0685d27510

----------------
IN: 
0x06fedf93:  
OBJD-T: 83c0108b1424595b5e5f5de98cd1ffff

----------------
IN: 
0x06ff498b:  
OBJD-T: 5881c4000100005b5e5fc3

----------------
IN: 
0x06ff8a4b:  
OBJD-T: 8a142480e20f740d

----------------
IN: 
0x06ff8a60:  
OBJD-T: ba57ef0f000fb7d281ca000000f0b806000000e8813dffff

----------------
IN: 
0x06ff8a78:  
OBJD-T: b8007d0000e8ba260ff9

----------------
IN: 
0x06ff8a82:  
OBJD-T: a338ffff06a1c8fdff068d58fc85c07536

----------------
IN: 
0x06ff8ac9:  
OBJD-T: 83fbfc7416

----------------
IN: 
0x06ff8ace:  
OBJD-T: 31c989dab880fbff06e80c2dffff

----------------
IN: 
0x06ff8adc:  
OBJD-T: 8b5b0483eb04ebe5

----------------
IN: 
0x06ff1e72:  
OBJD-T: 5557565389c30fb678160fb700ba3c000000e8fe720ff9

----------------
IN: 
0x06ff1e89:  
OBJD-T: 89c5f7c701000000742d

----------------
IN: 
0x06ff1ec0:  
OBJD-T: b90e000000b8f4030000bef0010000505631d289d8e8f7feffff

----------------
IN: 
0x06ff1dd1:  
OBJD-T: 5557565383ec0889c689142489cf8b6c241c8b4c2420894c2404b814000000e8
OBJD-T: dbbfffff

----------------
IN: 
0x06ff1df5:  
OBJD-T: 85c08b4c24047516

----------------
IN: 
0x06ff1e13:  
OBJD-T: 89c38b15e0feff068d4201a3e0feff068853088a142488530789fa88530683ca
OBJD-T: ff85f67403

----------------
IN: 
0x06ff1e38:  
OBJD-T: 0fb71689530c89731066892b66894b0266c74304000052576a0051555068c20b
OBJD-T: 0f00e8409d0ff9

----------------
IN: 
0x06ff1e5f:  
OBJD-T: 89dab80c99ff0683c4245b5e5f5de982beffff

----------------
IN: 
0x06ff990c:  
OBJD-T: 5557565381ec740200008944240cb93400000031d28d442440e870060ff9

----------------
IN: 
0x06ff992a:  
OBJD-T: 8b44240c8944246cc64424030031f68b44240c0fb70089c589442410e87e50ff
OBJD-T: ff

----------------
IN: 
0x06fee9c9:  
OBJD-T: 565389c631db8d5607ec

----------------
IN: 
0x06fee9d3:  
OBJD-T: 84c07930

----------------
IN: 
0x06feea07:  
OBJD-T: 0fb6c0eb05

----------------
IN: 
0x06feea11:  
OBJD-T: 5b5ec3

----------------
IN: 
0x06ff994b:  
OBJD-T: 85c00f88d0030000

----------------
IN: 
0x06ff9953:  
OBJD-T: 807c24030119db83e3f083eb508d4506668944240488d88b542404ee

----------------
IN: 
0x06ff996f:  
OBJD-T: e858170ff9

----------------
IN: 
0x06ff9974:  
OBJD-T: 89c169059c600f0090010000053f420f00bf40420f0031d2f7f701c8e812180f
OBJD-T: f9

----------------
IN: 
0x000eb1a7:  
OBJD-T: 5389c389d8e8e2ffffff

----------------
IN: 
0x000eb193:  
OBJD-T: 5389c3e831ffffff

----------------
IN: 
0x000eb19b:  
OBJD-T: 29d885c00f9fc00fb6c05bc3

----------------
IN: 
0x000eb1b1:  
OBJD-T: 85c07504

----------------
IN: 
0x000eb1b9:  
OBJD-T: 5bc3

----------------
IN: 
0x06ff9995:  
OBJD-T: 0fb7c5e82c50ffff

----------------
IN: 
0x06ff999d:  
OBJD-T: 85c00f887e030000

----------------
IN: 
0x06ff99a5:  
OBJD-T: 88d88b542404ee

----------------
IN: 
0x06ff99ac:  
OBJD-T: ec

----------------
IN: 
0x06ff99ad:  
OBJD-T: 884424048d4d02b05589caee

----------------
IN: 
0x06ff99b9:  
OBJD-T: 8d7d03b0aa89faee

----------------
IN: 
0x06ff99c1:  
OBJD-T: 89caec

----------------
IN: 
0x06ff99c4:  
OBJD-T: 88c189faec

----------------
IN: 
0x06ff99c9:  
OBJD-T: 3caa0f95c080f9550f95c208d00f8547030000

----------------
IN: 
0x06ff9d23:  
OBJD-T: 807c24030074ef

----------------
IN: 
0x06ff9d19:  
OBJD-T: c644240301e916fcffff

----------------
IN: 
0x06ff9939:  
OBJD-T: 8b44240c0fb70089c589442410e87e50ffff

----------------
IN: 
0x06ff9d2a:  
OBJD-T: 81c4740200005b5e5f5dc3

----------------
IN: 
0x06fedd59:  
OBJD-T: 89d88b5b048b25c8610f00e849f9ffff

----------------
IN: 
0x06fed6b2:  
OBJD-T: 89c18d4004e864daffff

----------------
IN: 
0x06fed6bc:  
OBJD-T: 89c8e869ffffff

----------------
IN: 
0x06fed6c3:  
OBJD-T: 813dcc610f00cc610f00750b

----------------
IN: 
0x06fed6da:  
OBJD-T: c3

----------------
IN: 
0x06fedd69:  
OBJD-T: 8b63fc5dc3

----------------
IN: 
0x000e8e96:  
OBJD-T: 5b5e5fc3

----------------
IN: 
0x000eb7d9:  
OBJD-T: 5bc3

----------------
IN: 
0x06ff1b71:  
OBJD-T: 8a442403a2ac850e0083e0ef884424038d542403b860100000e856c8ffff

----------------
IN: 
0x06ff1b8f:  
OBJD-T: 89c385c07569

----------------
IN: 
0x06ff1b95:  
OBJD-T: 89f00fb6c089f1fec17515

----------------
IN: 
0x06ff1ba0:  
OBJD-T: bae8030000e857ffffff

----------------
IN: 
0x06ff1b01:  
OBJD-T: 565189142489c6e864a10ff9

----------------
IN: 
0x06ff1b0d:  
OBJD-T: 85c07522

----------------
IN: 
0x06ff1b11:  
OBJD-T: 89f0e660

----------------
IN: 
0x06ff1b15:  
OBJD-T: 8b1424b801000000e85cffffff

----------------
IN: 
0x06ff1a7e:  
OBJD-T: 565389c689d0e8b3960ff9

----------------
IN: 
0x06ff1a89:  
OBJD-T: 89c3e464

----------------
IN: 
0x06ff1a8d:  
OBJD-T: 0fb6d0f6c201743e

----------------
IN: 
0x06ff1a95:  
OBJD-T: e460

----------------
IN: 
0x06ff1a97:  
OBJD-T: f6c2207525

----------------
IN: 
0x06ff1a9c:  
OBJD-T: 85f67505

----------------
IN: 
0x06ff1aa5:  
OBJD-T: 3cfa7450

----------------
IN: 
0x06ff1af9:  
OBJD-T: b8fa0000005b5ec3

----------------
IN: 
0x06ff1b22:  
OBJD-T: 85c0780d

----------------
IN: 
0x06ff1b26:  
OBJD-T: 3dfa0000000f95c00fb6c0f7d85a5ec3

----------------
IN: 
0x06ff1baa:  
OBJD-T: baa00f000085c07549

----------------
IN: 
0x06ff1bb3:  
OBJD-T: eb3a

----------------
IN: 
0x06ff1bef:  
OBJD-T: e88afeffff

----------------
IN: 
0x06ff1aa0:  
OBJD-T: 0fb6c0eb59

----------------
IN: 
0x06ff1afe:  
OBJD-T: 5b5ec3

----------------
IN: 
0x06ff1bf4:  
OBJD-T: 85c07804

----------------
IN: 
0x06ff1bf8:  
OBJD-T: 8807eb02

----------------
IN: 
0x06ff1bfe:  
OBJD-T: 89e8a2ac850e008d542402b860100000e8d2c7ffff

----------------
IN: 
0x06ff1c13:  
OBJD-T: 85c07502

----------------
IN: 
0x06ff1c17:  
OBJD-T: 89d85a5b5e5f5dc3

----------------
IN: 
0x06ff1ce1:  
OBJD-T: 85c07428

----------------
IN: 
0x06ff1d0d:  
OBJD-T: 0fb64424023caa7408

----------------
IN: 
0x06ff1d1e:  
OBJD-T: 31d2b8f5000000e80cfeffff

----------------
IN: 
0x06ff1eda:  
OBJD-T: 595e83e704742d

----------------
IN: 
0x06ff1f0e:  
OBJD-T: b90f000000b874030000be700100005056ba0100000089d8e8a6feffff

----------------
IN: 
0x000eb1b5:  
OBJD-T: f390

----------------
IN: 
0x000eb1b7:  
OBJD-T: ebf1

----------------
IN: 
0x000eb1aa:  
OBJD-T: 89d8e8e2ffffff

----------------
IN: 
0x06ff99dc:  
OBJD-T: 3a5c24040f853d030000

----------------
IN: 
0x06ff99e6:  
OBJD-T: 8a4424038844247085f60f85af000000

----------------
IN: 
0x06ff99f6:  
OBJD-T: 8b44246c0fb73089f7668b400283c0026689442404b00e8b542404ee

----------------
IN: 
0x06ff9a12:  
OBJD-T: b805000000e89f170ff9

----------------
IN: 
0x000eb1bb:  
OBJD-T: e88fffffff

----------------
IN: 
0x000eb14f:  
OBJD-T: 565389c3e874ffffff

----------------
IN: 
0x000eb158:  
OBJD-T: 89c18b359c600f0081fb20a107007614

----------------
IN: 
0x000eb17c:  
OBJD-T: 0faff38d86e7030000bbe803000031d2f7f301c85b5ec3

----------------
IN: 
0x000eb1c0:  
OBJD-T: e9e2ffffff

----------------
IN: 
0x06ff9a1c:  
OBJD-T: b00a8b542404ee

----------------
IN: 
0x06ff9a23:  
OBJD-T: b802000000e86d3affff

----------------
IN: 
0x06fed49a:  
OBJD-T: 53e89cdc0ff9

----------------
IN: 
0x06fed4a0:  
OBJD-T: 89c389d8e8eadc0ff9

----------------
IN: 
0x06fed4a9:  
OBJD-T: 85c07507

----------------
IN: 
0x06fed4ad:  
OBJD-T: e8fce20ff9

----------------
IN: 
0x06ff1bb5:  
OBJD-T: bac8000000e842ffffff

----------------
IN: 
0x06ff1bbf:  
OBJD-T: 85c07539

----------------
IN: 
0x06ff1bc3:  
OBJD-T: 89f0c1f80c48750f

----------------
IN: 
0x06ff1bda:  
OBJD-T: 81e6000f000081fe000100007516

----------------
IN: 
0x06ff1d2a:  
OBJD-T: 85c07539

----------------
IN: 
0x06ff1d2e:  
OBJD-T: c6442402028d542402b8f0100000e8f5fdffff

----------------
IN: 
0x06ff1f2b:  
OBJD-T: 585a5b5e5f5dc3

----------------
IN: 
0x06ff8ae4:  
OBJD-T: c60576040000c0ba19d40f000fb7d281ca000000f0b80e000000e8f63cffff

----------------
IN: 
0x06ff8b03:  
OBJD-T: a1c8fdff068d78fc83fffc0f84f5010000

----------------
IN: 
0x06ff8b14:  
OBJD-T: 66817f1406010f85de010000

----------------
IN: 
0x06ff8cfe:  
OBJD-T: 8b7f0483ef04e902feffff

----------------
IN: 
0x06ff8b0b:  
OBJD-T: 83fffc0f84f5010000

----------------
IN: 
0x06ff8d09:  
OBJD-T: 31db89eab81a2e0f00e8a028ffff

----------------
IN: 
0x06ff8d17:  
OBJD-T: 89c585c0740f

----------------
IN: 
0x06ff8d2c:  
OBJD-T: 85db7428

----------------
IN: 
0x06ff8d58:  
OBJD-T: a1c8fdff068d58fc83fbfc74cb

----------------
IN: 
0x06ff8d65:  
OBJD-T: 66817b1405087512

----------------
IN: 
0x06ff8d7f:  
OBJD-T: 8b5b0483eb04ebd9

----------------
IN: 
0x06ff8d60:  
OBJD-T: 83fbfc74cb

----------------
IN: 
0x06ff8d30:  
OBJD-T: 31d2b8252e0f00e87b28ffff

----------------
IN: 
0x06ff8d3c:  
OBJD-T: 89c385c00f848d000000

----------------
IN: 
0x06ff8dd3:  
OBJD-T: e80d63ffff

----------------
IN: 
0x06fef0e5:  
OBJD-T: 833dccfbff06fe750f

----------------
IN: 
0x06fef0ee:  
OBJD-T: b8abfe0e00e8acffffff

----------------
IN: 
0x06fef0f8:  
OBJD-T: a3ccfbff06a1ccfbff06f7d0c1e81fc3

----------------
IN: 
0x06ff8dd8:  
OBJD-T: 89c6a1c8fdff068d58fc83fbfc744c

----------------
IN: 
0x06ff8de7:  
OBJD-T: 66817b10f41a753c

----------------
IN: 
0x06ff8e2b:  
OBJD-T: 8b5b0483eb04ebaf

----------------
IN: 
0x06ff8de2:  
OBJD-T: 83fbfc744c

----------------
IN: 
0x06ff8e33:  
OBJD-T: e8ad62ffff

----------------
IN: 
0x06fef0fd:  
OBJD-T: a1ccfbff06f7d0c1e81fc3

----------------
IN: 
0x06ff8e38:  
OBJD-T: 89c6a1c8fdff068d58fc83fbfc744c

----------------
IN: 
0x06ff8e47:  
OBJD-T: 66817b10f41a753c

----------------
IN: 
0x06ff8e8b:  
OBJD-T: 8b5b0483eb04ebaf

----------------
IN: 
0x06ff8e42:  
OBJD-T: 83fbfc744c

----------------
IN: 
0x06ff8e93:  
OBJD-T: a1c8fdff068d58fc83fbfc741d

----------------
IN: 
0x06ff8ea0:  
OBJD-T: 817b1000101200750c

----------------
IN: 
0x06ff8eb5:  
OBJD-T: 8b5b0483eb04ebde

----------------
IN: 
0x06ff8e9b:  
OBJD-T: 83fbfc741d

----------------
IN: 
0x06ff8ebd:  
OBJD-T: a1c8fdff068d58fc83fbfc741d

----------------
IN: 
0x06ff8eca:  
OBJD-T: 817b1022102020750c

----------------
IN: 
0x06ff8edf:  
OBJD-T: 8b5b0483eb04ebde

----------------
IN: 
0x06ff8ec5:  
OBJD-T: 83fbfc741d

----------------
IN: 
0x06ff8ee7:  
OBJD-T: a1c8fdff068d58fc83fbfc745b

----------------
IN: 
0x06ff8ef4:  
OBJD-T: 8b4310663d28107406

----------------
IN: 
0x06ff8efd:  
OBJD-T: 663d00107544

----------------
IN: 
0x06ff8f47:  
OBJD-T: 8b5b0483eb04eba0

----------------
IN: 
0x06ff8eef:  
OBJD-T: 83fbfc745b

----------------
IN: 
0x06ff8f4f:  
OBJD-T: a1c8fdff068d58fc83fbfc741d

----------------
IN: 
0x06ff8f5c:  
OBJD-T: 817b10ad15c007750c

----------------
IN: 
0x06ff8f71:  
OBJD-T: 8b5b0483eb04ebde

----------------
IN: 
0x06ff8f57:  
OBJD-T: 83fbfc741d

----------------
IN: 
0x06ff8f79:  
OBJD-T: a1c8fdff068d58fc83fbfc7430

----------------
IN: 
0x06ff8f86:  
OBJD-T: 66817b1000107520

----------------
IN: 
0x06ff8fae:  
OBJD-T: 8b5b0483eb04ebcb

----------------
IN: 
0x06ff8f81:  
OBJD-T: 83fbfc7430

----------------
IN: 
0x06ff8fb6:  
OBJD-T: a1c8fdff068d58fc83fbfc7422

----------------
IN: 
0x06ff8fc3:  
OBJD-T: 66817b1408017512

----------------
IN: 
0x06ff8fdd:  
OBJD-T: 8b5b0483eb04ebd9

----------------
IN: 
0x06ff8fbe:  
OBJD-T: 83fbfc7422

----------------
IN: 
0x06ff8fe5:  
OBJD-T: ba7a030000ec

----------------
IN: 
0x06ff8feb:  
OBJD-T: 83e0dfee

----------------
IN: 
0x06ff8fef:  
OBJD-T: ba78030000b0aaee

----------------
IN: 
0x06ff8ff7:  
OBJD-T: ec

----------------
IN: 
0x06ff8ff8:  
OBJD-T: 31c93caa7515

----------------
IN: 
0x06ff8ffe:  
OBJD-T: 66c705080400007803

----------------
IN: 
0x06ff9007:  
OBJD-T: c6057804000014b901000000ba7a020000ec

----------------
IN: 
0x06ff9019:  
OBJD-T: 83e0dfee

----------------
IN: 
0x06ff901d:  
OBJD-T: ba78020000b0aaee

----------------
IN: 
0x06ff9025:  
OBJD-T: ec

----------------
IN: 
0x06ff9026:  
OBJD-T: 31db3caa7519

----------------
IN: 
0x06ff9045:  
OBJD-T: 01cb0fb7c35068c22e0f00e84a2b0ff9

----------------
IN: 
0x06ff9055:  
OBJD-T: a1100400006625ff3fc1e30e09d866a31004000031d2b8f8030000e86e36ffff

----------------
IN: 
0x06fec6e3:  
OBJD-T: 565389c389d18d7001b00289f2ee

----------------
IN: 
0x06fec6f1:  
OBJD-T: ec

----------------
IN: 
0x06fec6f2:  
OBJD-T: 3c02752c

----------------
IN: 
0x06fec6f6:  
OBJD-T: 8d5302ec

----------------
IN: 
0x06fec6fa:  
OBJD-T: 83e03f88c231c080fa02751e

----------------
IN: 
0x06fec706:  
OBJD-T: 89f2ee

----------------
IN: 
0x06fec709:  
OBJD-T: 0fb6c166899c0000040000c6807c0400000ab801000000eb02

----------------
IN: 
0x06fec724:  
OBJD-T: 5b5ec3

----------------
IN: 
0x06ff9075:  
OBJD-T: 89c30fb6d0b8f8020000e85f36ffff

----------------
IN: 
0x06fec722:  
OBJD-T: 31c05b5ec3

----------------
IN: 
0x06ff9084:  
OBJD-T: 01c30fb6d3b8e8030000e85036ffff

----------------
IN: 
0x06ff9093:  
OBJD-T: 01c30fb6d3b8e8020000e84136ffff

----------------
IN: 
0x06ff90a2:  
OBJD-T: 01c30fb7c35068d62e0f00e8ed2a0ff9

----------------
IN: 
0x06ff90b2:  
OBJD-T: a11004000080e4f1c1e30909d866a31004000083c4245b5e5f5dc3

----------------
IN: 
0x06ffbc73:  
OBJD-T: e81617ffff

----------------
IN: 
0x06fed38e:  
OBJD-T: 813dcc610f00cc610f007407

----------------
IN: 
0x06fed39a:  
OBJD-T: e80fe40ff9

----------------
IN: 
0x06fed4b2:  
OBJD-T: ebee

----------------
IN: 
0x06fed4a2:  
OBJD-T: 89d8e8eadc0ff9

----------------
IN: 
0x06ff1bcb:  
OBJD-T: 0fb607bac8000000e829ffffff

----------------
IN: 
0x06ff1bd8:  
OBJD-T: eb22

----------------
IN: 
0x06ff1bfc:  
OBJD-T: 89c389e8a2ac850e008d542402b860100000e8d2c7ffff

----------------
IN: 
0x06ff1d41:  
OBJD-T: 85c07522

----------------
IN: 
0x06ff1d45:  
OBJD-T: c605ac850e006131d2b8f4000000e8defdffff

----------------
IN: 
0x06fed39f:  
OBJD-T: ebed

----------------
IN: 
0x06ff1d58:  
OBJD-T: 85c0750b

----------------
IN: 
0x06ff1d5c:  
OBJD-T: 68810b0f00e8399e0ff9

----------------
IN: 
0x06ff1d66:  
OBJD-T: 5a585b5ec3

----------------
IN: 
0x06fed4b4:  
OBJD-T: 5bc3

----------------
IN: 
0x06ff9a2d:  
OBJD-T: 89f0e8df230ff9

----------------
IN: 
0x000ebe13:  
OBJD-T: 0fb7c831d2b880000000e99dffffff

----------------
IN: 
0x000ebdbf:  
OBJD-T: 5557565389c689d789cdb8007d0000e869f3ffff

----------------
IN: 
0x000ebdd3:  
OBJD-T: 89c38d5507ec

----------------
IN: 
0x000ebdd9:  
OBJD-T: 89f221c289f938ca7505

----------------
IN: 
0x000ebde8:  
OBJD-T: 89d8e8a4f3ffff

----------------
IN: 
0x000ebdef:  
OBJD-T: 85c07414

----------------
IN: 
0x000ebe07:  
OBJD-T: e8a2f9ffff

----------------
IN: 
0x000ebe0c:  
OBJD-T: ebc7

----------------
IN: 
0x000ebdd5:  
OBJD-T: 8d5507ec

----------------
IN: 
0x000ebde3:  
OBJD-T: 0fb6c0eb26

----------------
IN: 
0x000ebe0e:  
OBJD-T: 5b5e5f5dc3

----------------
IN: 
0x06ff9a34:  
OBJD-T: 85c07866

----------------
IN: 
0x06ff9a38:  
OBJD-T: 83c706807c240300743f

----------------
IN: 
0x06ff9a81:  
OBJD-T: b0a089faee

----------------
IN: 
0x06ff9a86:  
OBJD-T: 807c2440207511

----------------
IN: 
0x06ff9a9e:  
OBJD-T: b0088b542404ee

----------------
IN: 
0x06ff9aa5:  
OBJD-T: b9a10000008d5424748d442440e86e4effff

----------------
IN: 
0x06fee925:  
OBJD-T: 57565383ec2089c789d389ceb90002000031d289d8e85bb60ff9

----------------
IN: 
0x06fee93f:  
OBJD-T: b9140000008d44240ce84db60ff9

----------------
IN: 
0x06fee94d:  
OBJD-T: 897c241066c74424160100c74424180100000031c08944241c895c240cb90c00
OBJD-T: 000089e0e824b60ff9

----------------
IN: 
0x06fee976:  
OBJD-T: 89f0884424068b472c668b30668b580283c302b00a89daee

----------------
IN: 
0x06fee98e:  
OBJD-T: 89e289f8e8e1d40ff9

----------------
IN: 
0x000ebe78:  
OBJD-T: 5557565383ec0889d68a58308b402c0fb73889f8e882ffffff

----------------
IN: 
0x000ebe91:  
OBJD-T: 85c00f88b5000000

----------------
IN: 
0x000ebe99:  
OBJD-T: 89fd8a560583e24f80fb0119c083e0f083e85009d088c18d5706ec

----------------
IN: 
0x000ebeb4:  
OBJD-T: 88c388c8ee

----------------
IN: 
0x000ebeb9:  
OBJD-T: 31d8a8107555

----------------
IN: 
0x000ebebf:  
OBJD-T: 8a4e068d450166894424028d7d028d5d038d450466894424048d450566894424
OBJD-T: 0689c825ee00000083f8247535

----------------
IN: 
0x000ebf21:  
OBJD-T: 8a06668b542402ee

----------------
IN: 
0x000ebf29:  
OBJD-T: 8a460189faee

----------------
IN: 
0x000ebf2f:  
OBJD-T: 8a460289daee

----------------
IN: 
0x000ebf35:  
OBJD-T: 8a46038b542404ee

----------------
IN: 
0x000ebf3d:  
OBJD-T: 8a4604668b542406ee

----------------
IN: 
0x000ebf46:  
OBJD-T: 8d550788c8ee

----------------
IN: 
0x000ebf4c:  
OBJD-T: 31c083c4085b5e5f5dc3

----------------
IN: 
0x06fee997:  
OBJD-T: 89c185c0751e

----------------
IN: 
0x06fee99d:  
OBJD-T: 0fb7c6e8b1d40ff9

----------------
IN: 
0x000ebe56:  
OBJD-T: 0fb7c0e8c4ffffff

----------------
IN: 
0x000ebe22:  
OBJD-T: 565389c3e8a1f2ffff

----------------
IN: 
0x000ebe2b:  
OBJD-T: 89c169059c600f0090010000053f420f00be40420f0031d2f7f601c8e85bf3ff
OBJD-T: ff

----------------
IN: 
0x000ebe4c:  
OBJD-T: 0fb7c35b5ee9bdffffff

----------------
IN: 
0x000ebe5e:  
OBJD-T: 85c07815

----------------
IN: 
0x000ebe62:  
OBJD-T: a801750c

----------------
IN: 
0x000ebe66:  
OBJD-T: 83e00883f80119c083e0fbc3

----------------
IN: 
0x06fee9a5:  
OBJD-T: 89c185c07510

----------------
IN: 
0x06fee9ab:  
OBJD-T: ba000200008d44240ce89dd50ff9

----------------
IN: 
0x000ebf56:  
OBJD-T: 5557565383ec1089c38914248b40048b402c668b3866897c2404668b40026689
OBJD-T: 4424060fb7730a8b2bb90200000089d099f7f9894424080fb7c78944240c8b4c
OBJD-T: 240889ef8b54240466f36d

----------------
IN: 
0x000ebf9e:  
OBJD-T: 66f36d

----------------
IN: 
0x000ebfa1:  
OBJD-T: 8b042401c5668b4424068d5002ec

----------------
IN: 
0x000ebfaf:  
OBJD-T: 8b44240ce85bfeffff

----------------
IN: 
0x000ebfb8:  
OBJD-T: 85c07906

----------------
IN: 
0x000ebfc2:  
OBJD-T: 25890000004e7410

----------------
IN: 
0x000ebfda:  
OBJD-T: 85c07405

----------------
IN: 
0x000ebfe3:  
OBJD-T: 83c4105b5e5f5dc3

----------------
IN: 
0x06fee9b9:  
OBJD-T: 89c1b00889daee

----------------
IN: 
0x06fee9c0:  
OBJD-T: 89c883c4205b5e5fc3

----------------
IN: 
0x06ff9ab7:  
OBJD-T: 85c07411

----------------
IN: 
0x06ff9acc:  
OBJD-T: 8d5424748d442440e8a846ffff

----------------
IN: 
0x06fee181:  
OBJD-T: 57565389c789d6b834000000e83efcffff

----------------
IN: 
0x06fee192:  
OBJD-T: 89c385c07511

----------------
IN: 
0x06fee1a9:  
OBJD-T: b93400000031d2e8e5bd0ff9

----------------
IN: 
0x06fee1b5:  
OBJD-T: 8b472c89432c0fb657308853300fb6400801c001d08943140fb706c0e8078843
OBJD-T: 1889d85b5e5fc3

----------------
IN: 
0x06ff9ad9:  
OBJD-T: 89c385c074dc

----------------
IN: 
0x06ff9adf:  
OBJD-T: c6002166c7401a0008c7400cffffffffc74010ffffffff0fb67c247583e71fbd
OBJD-T: c6300f006683ff057505

----------------
IN: 
0x06ff9b09:  
OBJD-T: bdbf300f008d442474e81e19ffff

----------------
IN: 
0x06feb435:  
OBJD-T: 0fb790a000000089d0c1e80fb80e0000007510

----------------
IN: 
0x06feb448:  
OBJD-T: 85c0740e

----------------
IN: 
0x06feb44c:  
OBJD-T: 8d48ff0fa3c27206

----------------
IN: 
0x06feb454:  
OBJD-T: 89c8ebf0

----------------
IN: 
0x06feb45a:  
OBJD-T: 0fb6c0c3

----------------
IN: 
0x06ff9b17:  
OBJD-T: 89c68d5424748d442417e8342bffff

----------------
IN: 
0x06fec65a:  
OBJD-T: 5389c331c0668b4c423686e966890c434083f81475ef

----------------
IN: 
0x06fec65f:  
OBJD-T: 668b4c423686e966890c434083f81475ef

----------------
IN: 
0x06fec670:  
OBJD-T: c643280089d8e8f3eaffff

----------------
IN: 
0x06feb16e:  
OBJD-T: 5389c3e886de0ff9

----------------
IN: 
0x06feb176:  
OBJD-T: 8d4403ff39d87304

----------------
IN: 
0x06feb182:  
OBJD-T: 8038207ff7

----------------
IN: 
0x06feb187:  
OBJD-T: 48c6400100ebec

----------------
IN: 
0x06feb17a:  
OBJD-T: 39d87304

----------------
IN: 
0x06feb17e:  
OBJD-T: 89d8eb12

----------------
IN: 
0x06feb194:  
OBJD-T: 8a1084d275f4

----------------
IN: 
0x06feb18e:  
OBJD-T: 80fa207f07

----------------
IN: 
0x06feb19a:  
OBJD-T: 5bc3

----------------
IN: 
0x06fec67b:  
OBJD-T: 89d85bc3

----------------
IN: 
0x06ff9b26:  
OBJD-T: 5556500fb64330508b432c0fb640085068cd300f006a50e80e9fffff

----------------
IN: 
0x06ff9b42:  
OBJD-T: 89c65068ef300f00e850200ff9

----------------
IN: 
0x06ff9b4f:  
OBJD-T: 83c4246683ff050f859f010000

----------------
IN: 
0x06ff9b5c:  
OBJD-T: 8b432c0fb64b300fb650078b4010e8759dffff

----------------
IN: 
0x06ff38e4:  
OBJD-T: 85c07443

----------------
IN: 
0x06ff38e8:  
OBJD-T: 565381ec0001000089d389ce89c1bac90f0f0089e0e8e5fdffff

----------------
IN: 
0x06ff3775:  
OBJD-T: 0fb6c05068900f0f0029de5653e87aeaffff

----------------
IN: 
0x06ff3787:  
OBJD-T: 01c383c41089d85b5e5f5dc3

----------------
IN: 
0x06ff3902:  
OBJD-T: 565368cb0f0f008d94240c01000029c25250e8e8e8ffff

----------------
IN: 
0x06ff3919:  
OBJD-T: 8d442414e882b7ffff

----------------
IN: 
0x06ff3922:  
OBJD-T: 81c4140100005b5ec3

----------------
IN: 
0x06ff9b6f:  
OBJD-T: 89c78b432c0fb64b300fb650078b40108d6b0255e85d9effff

----------------
IN: 
0x06ff39e5:  
OBJD-T: 57565381ec000100008b9c241001000085c0744d

----------------
IN: 
0x06ff39f9:  
OBJD-T: 89d689cf89c1bac90f0f0089e0e8dcfcffff

----------------
IN: 
0x06ff3a0b:  
OBJD-T: 575668cb0f0f008d94240c01000029c25250e8dfe7ffff

----------------
IN: 
0x06ff3a22:  
OBJD-T: 8d442414e830b6ffff

----------------
IN: 
0x06fef05b:  
OBJD-T: 555756535189c650686dfe0e00e832cb0ff9

----------------
IN: 
0x06fef06d:  
OBJD-T: a130ffff06894424088b1d38feff065f5d31ff393c247e15

----------------
IN: 
0x06fef09a:  
OBJD-T: 31ed89e85a5b5e5f5dc3

----------------
IN: 
0x06ff3a2b:  
OBJD-T: 83c41485c07414

----------------
IN: 
0x06ff3a46:  
OBJD-T: 81c4000100005b5e5fc3

----------------
IN: 
0x06ff9b88:  
OBJD-T: 89f989f289d8e821fdffff

----------------
IN: 
0x06ff98b4:  
OBJD-T: 5557565389c589d389cef605e0550f00017425

----------------
IN: 
0x06ff98c7:  
OBJD-T: e82bffffff

----------------
IN: 
0x06ff97f7:  
OBJD-T: 5381ec1408000089c3b91400000031d289e0e88c070ff9

----------------
IN: 
0x06ff980e:  
OBJD-T: 895c2404e8bd520ff9

----------------
IN: 
0x000eead4:  
OBJD-T: 5557565383ec2889c3b888130000e855c6ffff

----------------
IN: 
0x000eeae7:  
OBJD-T: 89042431edbe030000008b0424e89ac6ffff

----------------
IN: 
0x000eeaf9:  
OBJD-T: 85c07410

----------------
IN: 
0x000eeb0d:  
OBJD-T: 8d7c2416b91000000031d289f8e87bb4ffff

----------------
IN: 
0x000eeb1f:  
OBJD-T: c644241600c643082031c08903897b1031c089430a89d8e857ffffff

----------------
IN: 
0x000eea92:  
OBJD-T: 565389c30fb7700a8b40040fb7401a0fafc63d000001007e0d

----------------
IN: 
0x000eeab8:  
OBJD-T: 89d8e875f3ffff

----------------
IN: 
0x000ede34:  
OBJD-T: 5557565381ecf00000008904248b68048a45003c710f847d010000

----------------
IN: 
0x000ede4f:  
OBJD-T: 7724

----------------
IN: 
0x000ede51:  
OBJD-T: 3c600f84ad010000

----------------
IN: 
0x000ede59:  
OBJD-T: 7711

----------------
IN: 
0x000ede5b:  
OBJD-T: 3c50746f

----------------
IN: 
0x000ede5f:  
OBJD-T: 3c510f8494000000

----------------
IN: 
0x000ede67:  
OBJD-T: e9c4050000

----------------
IN: 
0x000ee430:  
OBJD-T: 3c217424

----------------
IN: 
0x000ee458:  
OBJD-T: 8b04248b70088d46fda8fd0f8417060000

----------------
IN: 
0x000ee469:  
OBJD-T: b90c0000008d5424518b0424e85bbdffff

----------------
IN: 
0x000ea1d5:  
OBJD-T: 5557565389c389d58a40083c037706

----------------
IN: 
0x000ea1ea:  
OBJD-T: 3c20743a

----------------
IN: 
0x000ea228:  
OBJD-T: 8b731089d7f3a4

----------------
IN: 
0x000ea22d:  
OBJD-T: f3a4

----------------
IN: 
0x000ea22f:  
OBJD-T: 0fb7430c5b5e5f5dc3

----------------
IN: 
0x000ee47a:  
OBJD-T: 89c389f085db0f88b7040000

----------------
IN: 
0x000ee486:  
OBJD-T: 8b452c668b38668b7002b90c00000031d28d842484000000e8f7baffff

----------------
IN: 
0x000ee4a3:  
OBJD-T: 66899c2487000000c684248a000000a08d46026689442404b00a8b542404ee

----------------
IN: 
0x000ee4c2:  
OBJD-T: 8d94248400000089e8e8a8d9ffff

----------------
IN: 
0x000ee4d0:  
OBJD-T: 85c0754e

----------------
IN: 
0x000ee4d4:  
OBJD-T: 0fb7ef89e8e878d9ffff

----------------
IN: 
0x000ee4de:  
OBJD-T: 85c07540

----------------
IN: 
0x000ee4e2:  
OBJD-T: b9060000008d74245189fa2666f36f

----------------
IN: 
0x000ee4ed:  
OBJD-T: 2666f36f

----------------
IN: 
0x000ee4f1:  
OBJD-T: 8b542404ec

----------------
IN: 
0x000ee4f6:  
OBJD-T: 89e8e816d9ffff

----------------
IN: 
0x000ee4fd:  
OBJD-T: 85c07821

----------------
IN: 
0x000ee501:  
OBJD-T: 89c683e6017406

----------------
IN: 
0x000ee50e:  
OBJD-T: 85db750c

----------------
IN: 
0x000ee512:  
OBJD-T: b0088b542404ee

----------------
IN: 
0x000ee519:  
OBJD-T: e967050000

----------------
IN: 
0x000eea85:  
OBJD-T: 89f081c4f00000005b5e5f5dc3

----------------
IN: 
0x000eeabf:  
OBJD-T: 85c0740e

----------------
IN: 
0x000eead1:  
OBJD-T: 5b5ec3

----------------
IN: 
0x000eeb3b:  
OBJD-T: 85c00f8496000000

----------------
IN: 
0x000eebd9:  
OBJD-T: 83c4285b5e5f5dc3

----------------
IN: 
0x06ff9817:  
OBJD-T: 85c07407

----------------
IN: 
0x06ff9822:  
OBJD-T: c644240802c744240c1100000031d28954241066c744240a01008d5c2414891c
OBJD-T: 2489e0e848520ff9

----------------
IN: 
0x000ea1e4:  
OBJD-T: 3c01770b

----------------
IN: 
0x000ea1f3:  
OBJD-T: 31d289e8e89efdffff

----------------
IN: 
0x000ea1fc:  
OBJD-T: 807b08020f95c08d4400288845008b430ce811f6ffff

----------------
IN: 
0x000ea212:  
OBJD-T: 894502668b430a86e0668945078b43040fb7401aeb0b

----------------
IN: 
0x000ea233:  
OBJD-T: 5b5e5f5dc3

----------------
IN: 
0x000ee51e:  
OBJD-T: a808750c

----------------
IN: 
0x000ee52e:  
OBJD-T: 89da8b0424e81edaffff

----------------
IN: 
0x000ee538:  
OBJD-T: 89c1b0088b542404ee

----------------
IN: 
0x000ee541:  
OBJD-T: 85c9e9cd030000

----------------
IN: 
0x000ee915:  
OBJD-T: 0f854b010000

----------------
IN: 
0x000ee91b:  
OBJD-T: e965010000

----------------
IN: 
0x06ff984a:  
OBJD-T: 85c075cd

----------------
IN: 
0x06ff984e:  
OBJD-T: 807c24140075c6

----------------
IN: 
0x06ff9855:  
OBJD-T: bacf2f0f008d442415e8cbf70ef9

----------------
IN: 
0x06ff9863:  
OBJD-T: 85c075b4

----------------
IN: 
0x06ff9867:  
OBJD-T: c644240802c744240c1000000031c08944241066c744240a0100891c2489e0e8
OBJD-T: 07520ff9

----------------
IN: 
0x06ff988b:  
OBJD-T: 85c0758c

----------------
IN: 
0x06ff988f:  
OBJD-T: 8d44243c50688d0f0f006a1ee8b0a1ffff

----------------
IN: 
0x06feb14d:  
OBJD-T: c3

----------------
IN: 
0x06ff3aa4:  
OBJD-T: 8d42ffc6000089d883c40c5bc3

----------------
IN: 
0x06ff98a0:  
OBJD-T: 89c3e8c718ffff

----------------
IN: 
0x06ff98a7:  
OBJD-T: 83c40c89d881c4140800005bc3

----------------
IN: 
0x06ff98cc:  
OBJD-T: 89c785c0741a

----------------
IN: 
0x06ff98d2:  
OBJD-T: 505368b7300f006a50e870a1ffff

----------------
IN: 
0x06ff98e0:  
OBJD-T: 89c389f8e8433dffff

----------------
IN: 
0x06ff98e9:  
OBJD-T: 83c410a12cfeff0685f67902

----------------
IN: 
0x06ff98f5:  
OBJD-T: 89c65389e989f2b803000000e83746ffff

----------------
IN: 
0x06fedfa3:  
OBJD-T: 397af87feb

----------------
IN: 
0x06fedfa8:  
OBJD-T: 7c24

----------------
IN: 
0x06fedfce:  
OBJD-T: 8914248b12ebba

----------------
IN: 
0x06fedf8f:  
OBJD-T: 85d27510

----------------
IN: 
0x06ff9906:  
OBJD-T: 585b5e5f5dc3

----------------
IN: 
0x06ff9b93:  
OBJD-T: 58e962010000

----------------
IN: 
0x06ff9cfb:  
OBJD-T: 668b84242e010000be01000000807c240300751b

----------------
IN: 
0x06ff9d0f:  
OBJD-T: 662561df663d41407411

----------------
IN: 
0x06fee9bb:  
OBJD-T: b00889daee

----------------
IN: 
0x06ff9abb:  
OBJD-T: 8d5507ec

----------------
IN: 
0x06ff9abf:  
OBJD-T: 84c00f84e9000000

----------------
IN: 
0x06ff9bb0:  
OBJD-T: be01000000e969010000

----------------
IN: 
0x06fed6cf:  
OBJD-T: 686dfc0e00e8c6e40ff9

----------------
IN: 
0x06fed6d9:  
OBJD-T: 58c3

----------------
IN: 
0x06fed3a1:  
OBJD-T: c3

----------------
IN: 
0x06ffbc78:  
OBJD-T: e8b094ffff

----------------
IN: 
0x06ff512d:  
OBJD-T: 578d7c240883e4f8ff77fc5589e557565381ec1403000068ca140f00e8516a0f
OBJD-T: f9

----------------
IN: 
0x06ff514e:  
OBJD-T: b90003000031d28d85f0fcffffe83a4e0ff9

----------------
IN: 
0x06ff5160:  
OBJD-T: 8b3540feff06a1c8fdff068d58fc5983fbfc7428

----------------
IN: 
0x06ff5174:  
OBJD-T: 8b4314247f663d00037415

----------------
IN: 
0x06ff517f:  
OBJD-T: 837b1c00750f

----------------
IN: 
0x06ff5185:  
OBJD-T: 8d8df0fcffff31d289d8e86dfeffff

----------------
IN: 
0x06fef042:  
OBJD-T: 89f1ba300000008b0424e8fd9f0ff9

----------------
IN: 
0x06fef051:  
OBJD-T: 31db89d85a5b5e5f5dc3

----------------
IN: 
0x06ff5194:  
OBJD-T: 8b5b0483eb04ebd3

----------------
IN: 
0x06ff516f:  
OBJD-T: 83fbfc7428

----------------
IN: 
0x06feb559:  
OBJD-T: 89c883c01089430889d0eb02

----------------
IN: 
0x06ff509e:  
OBJD-T: 85ff7414

----------------
IN: 
0x06ff50a2:  
OBJD-T: 8d900000f4ffc1ea0b891cd7c744d704020000000fb7138b4c240489442414e8
OBJD-T: eafdffff

----------------
IN: 
0x06ff4f54:  
OBJD-T: 0fb7431a813c0324506e507510

----------------
IN: 
0x000ca003:  
OBJD-T: e9a200

----------------
IN: 
0x000ca0a8:  
OBJD-T: 601e060fa00fa8fc0e1fbe270331ffe84d04

----------------
IN: 
0x000ca507:  
OBJD-T: 50ac84c07405

----------------
IN: 
0x000ca50d:  
OBJD-T: e8d0ff

----------------
IN: 
0x000ca4e0:  
OBJD-T: 50535585ff7405

----------------
IN: 
0x000ca4ec:  
OBJD-T: bb0700b40e3c0a7504

----------------
IN: 
0x000ca4f5:  
OBJD-T: cd10

----------------
IN: 
0x000ca4f7:  
OBJD-T: b00dcd10

----------------
IN: 
0x000ca4fb:  
OBJD-T: 5d5b58c3

----------------
IN: 
0x000ca510:  
OBJD-T: ebf6

----------------
IN: 
0x000ca508:  
OBJD-T: ac84c07405

----------------
IN: 
0x000ca4f9:  
OBJD-T: cd10

----------------
IN: 
0x000ca512:  
OBJD-T: 58c3

----------------
IN: 
0x000ca0ba:  
OBJD-T: 8eeb31ffe83e04

----------------
IN: 
0x000ca4ff:  
OBJD-T: 50b020e8dbff

----------------
IN: 
0x000ca505:  
OBJD-T: 58c3

----------------
IN: 
0x000ca0c1:  
OBJD-T: a37a03e87504

----------------
IN: 
0x000ca53c:  
OBJD-T: 5086c4e8e4ff

----------------
IN: 
0x000ca526:  
OBJD-T: c0c804e80300

----------------
IN: 
0x000ca52f:  
OBJD-T: 50240f3c0a1c692fe8a6ff

----------------
IN: 
0x000ca53a:  
OBJD-T: 58c3

----------------
IN: 
0x000ca52c:  
OBJD-T: c0c80450240f3c0a1c692fe8a6ff

----------------
IN: 
0x000ca542:  
OBJD-T: b03ae899ff

----------------
IN: 
0x000ca547:  
OBJD-T: 88e0c0e803e8d7ff

----------------
IN: 
0x000ca54f:  
OBJD-T: b02ee88cff

----------------
IN: 
0x000ca554:  
OBJD-T: 88e02407e8d4ff

----------------
IN: 
0x000ca55b:  
OBJD-T: 58c3

----------------
IN: 
0x000ca0c7:  
OBJD-T: bf7b00e86f04

----------------
IN: 
0x000ca4e7:  
OBJD-T: 880547eb0f

----------------
IN: 
0x000ca0cd:  
OBJD-T: c60675002031ffe82804

----------------
IN: 
0x000ca0d7:  
OBJD-T: 8cc8e84304

----------------
IN: 
0x000ca51f:  
OBJD-T: 86c4e80200

----------------
IN: 
0x000ca524:  
OBJD-T: 86c4c0c804e80300

----------------
IN: 
0x000ca0dc:  
OBJD-T: 665366526657f9b801b1cd1a

----------------
IN: 
0x000ffe6e:  
OBJD-T: 80fcb10f8492d3

----------------
IN: 
0x000fd207:  
OBJD-T: fafc6650665166526653665566566657061e8cd08ed86689e3660fb7e46689e0
OBJD-T: 66e854f9ffff

----------------
IN: 
0x000fcb81:  
OBJD-T: 66556657665666536689c3678a401c3c0a0f842002

----------------
IN: 
0x000fcb96:  
OBJD-T: 777d

----------------
IN: 
0x000fcb98:  
OBJD-T: 3c030f845401

----------------
IN: 
0x000fcb9e:  
OBJD-T: 772c

----------------
IN: 
0x000fcba0:  
OBJD-T: 3c010f84c300

----------------
IN: 
0x000fcc69:  
OBJD-T: 67c7431010022e66a1ec55678843186766c74314504349206766c74304d9d10f
OBJD-T: 00e93302

----------------
IN: 
0x000fcec0:  
OBJD-T: 6689d8665b665e665f665de9b29c

----------------
IN: 
0x000f6b80:  
OBJD-T: 67c6401d0067836024fe66c3

----------------
IN: 
0x000fd22d:  
OBJD-T: 6689dc1f07665f665e665d665b665a66596658cf

----------------
IN: 
0x000ca0e8:  
OBJD-T: 7256

----------------
IN: 
0x000ca0ea:  
OBJD-T: 6681fa50434920754d

----------------
IN: 
0x000ca0f3:  
OBJD-T: 84e47549

----------------
IN: 
0x000ca0f7:  
OBJD-T: be410331ffe80804

----------------
IN: 
0x000ca0ff:  
OBJD-T: 88f8e82b04

----------------
IN: 
0x000ca104:  
OBJD-T: b02ee8d703

----------------
IN: 
0x000ca109:  
OBJD-T: 88d8e81804

----------------
IN: 
0x000ca10e:  
OBJD-T: 80ff03722d

----------------
IN: 
0x000ca140:  
OBJD-T: 0e0fa9665f665a665bbbffef43742a

----------------
IN: 
0x000ca14f:  
OBJD-T: 8ec32666813e000024506e5075ef

----------------
IN: 
0x000ca14c:  
OBJD-T: 43742a

----------------
IN: 
0x000ca15d:  
OBJD-T: 31d231f6260fb60e050026ac00c2e2fa

----------------
IN: 
0x000ca167:  
OBJD-T: 26ac00c2e2fa

----------------
IN: 
0x000ca16d:  
OBJD-T: 75dd

----------------
IN: 
0x000ca16f:  
OBJD-T: be460331ffe89003

----------------
IN: 
0x000ca177:  
OBJD-T: eb00

----------------
IN: 
0x000ca179:  
OBJD-T: bbffdf430f84ad00

----------------
IN: 
0x000ca181:  
OBJD-T: 8ec32666813e000024504d4d75ed

----------------
IN: 
0x000ca17c:  
OBJD-T: 430f84ad00

----------------
IN: 
0x000ca18f:  
OBJD-T: 31d231f6260fb60e050026ac00c2e2fa

----------------
IN: 
0x000ca199:  
OBJD-T: 26ac00c2e2fa

----------------
IN: 
0x000ca19f:  
OBJD-T: 75db

----------------
IN: 
0x000ca1a1:  
OBJD-T: be4b0331ffe85e03

----------------
IN: 
0x000ca1a9:  
OBJD-T: 6660660fb60e0200030e800383c10783e1f866c1e10566bb0010ae18bd0e03e8
OBJD-T: ef00

----------------
IN: 
0x000ca2ba:  
OBJD-T: 665057bf200066536a0126ff1e0700

----------------
IN: 
0x06ffedd5:  
OBJD-T: 8b4b0283f9ff0f84ecfeffff

----------------
IN: 
0x06ffede1:  
OBJD-T: 31d28b049544feff068b0085c0740f

----------------
IN: 
0x06ffedf0:  
OBJD-T: 3b400875f5

----------------
IN: 
0x06ffedea:  
OBJD-T: 8b0085c0740f

----------------
IN: 
0x06ffedff:  
OBJD-T: 4283fa0575de

----------------
IN: 
0x06ffede3:  
OBJD-T: 8b049544feff068b0085c0740f

----------------
IN: 
0x06ffedf5:  
OBJD-T: 3b482875f0

----------------
IN: 
0x06ffee05:  
OBJD-T: e9c3feffff

----------------
IN: 
0x06ffeccd:  
OBJD-T: 31c0e94b010000

----------------
IN: 
0x000ca2c9:  
OBJD-T: 83c4065250665e6646740c

----------------
IN: 
0x000ca2d4:  
OBJD-T: 664e7408

----------------
IN: 
0x000ca2e0:  
OBJD-T: 6a02665366516a0026ff1e0700

----------------
IN: 
0x06ffeca0:  
OBJD-T: bf58feff06b85cfeff06eb0a

----------------
IN: 
0x06ffecb6:  
OBJD-T: 85f67549

----------------
IN: 
0x06ffed44:  
OBJD-T: 894c240489f289f8e863effeff

----------------
IN: 
0x06ffed51:  
OBJD-T: 89c385c0755d

----------------
IN: 
0x06ffedb9:  
OBJD-T: 89d8e8b8c6feff

----------------
IN: 
0x06ffedc0:  
OBJD-T: 85c0740d

----------------
IN: 
0x06ffedc4:  
OBJD-T: 39c37457

----------------
IN: 
0x06ffedc8:  
OBJD-T: 837810007403

----------------
IN: 
0x06ffedce:  
OBJD-T: 89681489d8eb4a

----------------
IN: 
0x000ca2ed:  
OBJD-T: 83c40c5250665ebf2b0089f831ffe8e201

----------------
IN: 
0x000ca2fe:  
OBJD-T: 6689f0e81002

----------------
IN: 
0x000ca514:  
OBJD-T: 66c1c810e80400

----------------
IN: 
0x000ca51b:  
OBJD-T: 66c1c81086c4e80200

----------------
IN: 
0x000ca304:  
OBJD-T: 66467402

----------------
IN: 
0x000ca308:  
OBJD-T: 664e5f6658c3

----------------
IN: 
0x000ca1cb:  
OBJD-T: 6689367c037420

----------------
IN: 
0x000ca1d2:  
OBJD-T: 0631c08ec06689f76631f6660fb60e020066c1e1076766f3a5

----------------
IN: 
0x000ca1e7:  
OBJD-T: 6766f3a5

----------------
IN: 
0x000ca1eb:  
OBJD-T: 07a0a200a2020066b99fab00006681c1ff2000006681e100e0ffff6689cbc1eb
OBJD-T: 0c6681cb0020ae18bd2503e8a100

----------------
IN: 
0x000ca219:  
OBJD-T: 6681c6ff0f00006681e600f0ffff6689368203666131db31f60fb60e0200c1e1
OBJD-T: 09ac00c3e2fb

----------------
IN: 
0x000ca23a:  
OBJD-T: ac00c3e2fb

----------------
IN: 
0x000ca23f:  
OBJD-T: 281e06008ce88ec00fb60e020031ffe8ae02

----------------
IN: 
0x000ca251:  
OBJD-T: e8cb02

----------------
IN: 
0x000ca254:  
OBJD-T: 8cce39f0740d

----------------
IN: 
0x000ca267:  
OBJD-T: c1e10931f631ff2ef3a4

----------------
IN: 
0x000ca26e:  
OBJD-T: 2ef3a4

----------------
IN: 
0x000ca26e:  
OBJD-T: 2ef3a4

----------------
IN: 
0x000ca26e:  
OBJD-T: 2ef3a4

----------------
IN: 
0x000ca26e:  
OBJD-T: 2ef3a4

----------------
IN: 
0x000ca26e:  
OBJD-T: 2ef3a4

----------------
IN: 
0x000ca26e:  
OBJD-T: 2ef3a4

----------------
IN: 
0x000ca26e:  
OBJD-T: 2ef3a4

----------------
IN: 
0x000ca271:  
OBJD-T: f6067a03077530

----------------
IN: 
0x000ca278:  
OBJD-T: be570331ffe88702

----------------
IN: 
0x000ca507:  
OBJD-T: 50ac84c07405

----------------
IN: 
0x000ca50d:  
OBJD-T: e8d0ff

----------------
IN: 
0x000ca4e0:  
OBJD-T: 50535585ff7405

----------------
IN: 
0x000ca4ec:  
OBJD-T: bb0700b40e3c0a7504

----------------
IN: 
0x000ca4f5:  
OBJD-T: cd10

----------------
IN: 
0x000ca4f7:  
OBJD-T: b00dcd10

----------------
IN: 
0x000ca4fb:  
OBJD-T: 5d5b58c3

----------------
IN: 
0x000ca510:  
OBJD-T: ebf6

----------------
IN: 
0x000ca508:  
OBJD-T: ac84c07405

----------------
IN: 
0x000ca4f9:  
OBJD-T: cd10

----------------
IN: 
0x000ca512:  
OBJD-T: 58c3

----------------
IN: 
0x000ca280:  
OBJD-T: be7100e88102

----------------
IN: 
0x000ca286:  
OBJD-T: be7303e87b02

----------------
IN: 
0x000ca28c:  
OBJD-T: bb02ffe8c801

----------------
IN: 
0x000ca45a:  
OBJD-T: 5150b401cd16

----------------
IN: 
0x000fe82e:  
OBJD-T: 6668b5bb0000e937eb

----------------
IN: 
0x000fd36e:  
OBJD-T: fafc1e665066b800d900008ed866a110f66683e83067668f401c678f00676689
OBJD-T: 78046766897008676689680c676689581067668950146766894818678c400266
OBJD-T: 596766896028678c502c67668f4020678f40248cda8ed2

----------------
IN: 
0x000fd3c5:  
OBJD-T: 6689c4

----------------
IN: 
0x000fd3c8:  
OBJD-T: 66ffd1

----------------
IN: 
0x000fbbb5:  
OBJD-T: 66536689c366e8a0330000

----------------
IN: 
0x000fef60:  
OBJD-T: 66566653665266be400000008ec626a11700c1e8046683e0076788442403268a
OBJD-T: 1e970088da6683e20738d07431

----------------
IN: 
0x000fefbe:  
OBJD-T: 6658665b665e66c3

----------------
IN: 
0x000fbbc0:  
OBJD-T: 678a431d3c0a0f848000

----------------
IN: 
0x000fbbca:  
OBJD-T: 7726

----------------
IN: 
0x000fbbcc:  
OBJD-T: 3c02744d

----------------
IN: 
0x000fbbd0:  
OBJD-T: 770e

----------------
IN: 
0x000fbbd2:  
OBJD-T: 6631c984c00f858500

----------------
IN: 
0x000fbc60:  
OBJD-T: 6631d26689d8665be95bfb

----------------
IN: 
0x000fb7c6:  
OBJD-T: 66556657665666536689c36689d66689cf66e831d2ffff

----------------
IN: 
0x000f8a19:  
OBJD-T: 66b90e8a00006631d26631c0e98ef2

----------------
IN: 
0x000fb7dd:  
OBJD-T: 66bd400000008ec5268b161a0026a11c0039d07515

----------------
IN: 
0x000fb7f2:  
OBJD-T: 6685f67508

----------------
IN: 
0x000fb7f7:  
OBJD-T: 67834b2440e99600

----------------
IN: 
0x000fb895:  
OBJD-T: 665b665e665f665d66c3

----------------
IN: 
0x000fd3cb:  
OBJD-T: 6689e0678e502c

----------------
IN: 
0x000fd3d2:  
OBJD-T: 67668b6028

----------------
IN: 
0x000fd3d7:  
OBJD-T: 665a5a67ff70246766ff702067668b780467668b700867668b680c67668b5810
OBJD-T: 67668b501467668b4818678e40026766ff701c678e186658cf

----------------
IN: 
0x000ca460:  
OBJD-T: 7406

----------------
IN: 
0x000ca468:  
OBJD-T: b90000497815

----------------
IN: 
0x000ca483:  
OBJD-T: 5859c3

----------------
IN: 
0x000ca292:  
OBJD-T: 9c31ffe8c502

----------------
IN: 
0x000ca55d:  
OBJD-T: 5051b00de87cff

----------------
IN: 
0x000ca564:  
OBJD-T: b94f00e895ff

----------------
IN: 
0x000ca4ff:  
OBJD-T: 50b020e8dbff

----------------
IN: 
0x000ca505:  
OBJD-T: 58c3

----------------
IN: 
0x000ca56a:  
OBJD-T: e2fb

----------------
IN: 
0x000ca567:  
OBJD-T: e895ff

----------------
IN: 
0x000ca56c:  
OBJD-T: e871ff

----------------
IN: 
0x000ca56f:  
OBJD-T: 5958c3

----------------
IN: 
0x000ca298:  
OBJD-T: be7703e86902

----------------
IN: 
0x000ca29e:  
OBJD-T: 9d

----------------
IN: 
0x000ca29f:  
OBJD-T: 7507

----------------
IN: 
0x000ca2a8:  
OBJD-T: b00a31ffe83102

----------------
IN: 
0x000ca2af:  
OBJD-T: 0fa90fa1071f61b82000cb

----------------
IN: 
0x06ff519c:  
OBJD-T: 8d8df0fcffff31d2b8e0140f00e809feffff

----------------
IN: 
0x06ff4fd2:  
OBJD-T: e82587ffff

----------------
IN: 
0x06fed6fc:  
OBJD-T: 57565389c68bb88400000089f8e81fdeffff

----------------
IN: 
0x06fed70e:  
OBJD-T: 85c07511

----------------
IN: 
0x06fed723:  
OBJD-T: 89c389f989c289f0ff9688000000

----------------
IN: 
0x06fed731:  
OBJD-T: 85c07f02

----------------
IN: 
0x06fed737:  
OBJD-T: 89d85b5e5fc3

----------------
IN: 
0x06ff4fd7:  
OBJD-T: 85c074e8

----------------
IN: 
0x06ff4fdb:  
OBJD-T: 85f67412

----------------
IN: 
0x06ff4fdf:  
OBJD-T: 8d900000f4ffc1ea0b891cd631c9894cd60489f931d2e8b6feffff

----------------
IN: 
0x06ff4ffa:  
OBJD-T: ebc7

----------------
IN: 
0x06ff4fc3:  
OBJD-T: 89da89e8e8eb65ffff

----------------
IN: 
0x06ff51ae:  
OBJD-T: 31c0e87863ffff

----------------
IN: 
0x06ff51b5:  
OBJD-T: 3b3540feff060f836f010000

----------------
IN: 
0x06ff51c1:  
OBJD-T: 89f0e8357f0ff9

----------------
IN: 
0x06ff51c8:  
OBJD-T: 85c07508

----------------
IN: 
0x06ff51d4:  
OBJD-T: 8a46028885e7fcffff0fb75e1a01f389f7c1ef0489f8813b24506e50751b

----------------
IN: 
0x06ff51f2:  
OBJD-T: c785ecfcffff01000000c1e0108985e8fcffff85db0f85a6000000

----------------
IN: 
0x06ff52b3:  
OBJD-T: 8b85ecfcffff8d48ff66837b1a007583

----------------
IN: 
0x06ff5246:  
OBJD-T: 89f28d85f0fcffffe8f6e5ffff

----------------
IN: 
0x06ff3849:  
OBJD-T: 565381ec0001000089ce81ea00000c00c1ea0b8b0cd08b5cd00485db7504

----------------
IN: 
0x06ff386b:  
OBJD-T: 89c883e3027432

----------------
IN: 
0x06ff3872:  
OBJD-T: bac90f0f0089e0e869feffff

----------------
IN: 
0x06ff387e:  
OBJD-T: 85f67419

----------------
IN: 
0x06ff389b:  
OBJD-T: 89e0e802b8ffff

----------------
IN: 
0x06ff38a2:  
OBJD-T: eb15

----------------
IN: 
0x06ff38b9:  
OBJD-T: 81c4000100005b5ec3

----------------
IN: 
0x06ff5253:  
OBJD-T: 89c20fb77b100fb74b1ab8b0140f006685ff7409

----------------
IN: 
0x06ff5267:  
OBJD-T: 89f025f0ff0f0001f88bbde8fcffff09f98b3d24feff0685d27902

----------------
IN: 
0x06ff5282:  
OBJD-T: 89fa50b880000000e8ae8cffff

----------------
IN: 
0x06ff528f:  
OBJD-T: c70524feff060f270000580fb75b066685db7472

----------------
IN: 
0x06ff5315:  
OBJD-T: 0fb685e7fcffffc1e00905ff0700002500f8ffff01c6e985feffff

----------------
IN: 
0x06ff520d:  
OBJD-T: 31c989f28d85f0fcffffe82de6ffff

----------------
IN: 
0x06ff3867:  
OBJD-T: 85c9744b

----------------
IN: 
0x06ff38a4:  
OBJD-T: 83c00489f281c4000100005b5ee996e9ffff

----------------
IN: 
0x06ff224c:  
OBJD-T: 565381ec0001000089d650683f0d0f0068000100008d5c240c53e896ffffff

----------------
IN: 
0x06ff226b:  
OBJD-T: 89dc85f67418

----------------
IN: 
0x06ff2289:  
OBJD-T: 89d8e814ceffff

----------------
IN: 
0x06ff2290:  
OBJD-T: 81c4000100005b5ec3

----------------
IN: 
0x06ff521c:  
OBJD-T: 89c2c1e71089f983c903a128feff0685d27902

----------------
IN: 
0x06ff522f:  
OBJD-T: 89c268b8140f00b881000000e8fd8cffff

----------------
IN: 
0x06ff5240:  
OBJD-T: 5ae9cf000000

----------------
IN: 
0x06ff5330:  
OBJD-T: 8d65f45b5e5f5d8d67f85fc3

----------------
IN: 
0x06ffbc7d:  
OBJD-T: ba0100000031c9b82d0e0f00e87116ffff

----------------
IN: 
0x06ffbc8e:  
OBJD-T: 85c00f84791f0000

----------------
IN: 
0x06ffdc0f:  
OBJD-T: e87af7feff

----------------
IN: 
0x06ffdc14:  
OBJD-T: a0e44c0f003c017409

----------------
IN: 
0x06ffdc1d:  
OBJD-T: 3c02742e

----------------
IN: 
0x06ffdc21:  
OBJD-T: e9cd010000

----------------
IN: 
0x06ffddf3:  
OBJD-T: baee3e0f00b804000000e8decb0ef9

----------------
IN: 
0x000ea9e0:  
OBJD-T: 565389c689d389d0e80fe6ffff

----------------
IN: 
0x000ea9ed:  
OBJD-T: 50535089d9ba0500000089f0e848ffffff

----------------
IN: 
0x000ea946:  
OBJD-T: 803d81850e00000f848c000000

----------------
IN: 
0x000ea9df:  
OBJD-T: c3

----------------
IN: 
0x000ea9fe:  
OBJD-T: 83c40c5b5ec3

----------------
IN: 
0x06ffde02:  
OBJD-T: 31db6a0468c4f4ff066a04b9c4f4ff06ba0400000089d8e828cb0ef9

----------------
IN: 
0x06ffde1e:  
OBJD-T: 4383c40c83fb0875dd

----------------
IN: 
0x06ffde04:  
OBJD-T: 6a0468c4f4ff066a04b9c4f4ff06ba0400000089d8e828cb0ef9

----------------
IN: 
0x06ffde27:  
OBJD-T: b8abfe0e00e87312ffff

----------------
IN: 
0x06ffde31:  
OBJD-T: 89c285c07812

----------------
IN: 
0x06ffde49:  
OBJD-T: a120feff068d70f083fef00f8429040000

----------------
IN: 
0x06ffde5a:  
OBJD-T: 8b0683f8030f84fa030000

----------------
IN: 
0x06ffde65:  
OBJD-T: 7f0f

----------------
IN: 
0x06ffde76:  
OBJD-T: 3d810000000f85f0030000

----------------
IN: 
0x06ffde81:  
OBJD-T: 0fb756040fb74606c1e00431c9e8a6fd0ef9

----------------
IN: 
0x000cb003:  
OBJD-T: 060e0731c0b900108d3e0003fcf3ab

----------------
IN: 
0x000cb010:  
OBJD-T: f3ab

----------------
IN: 
0x000cb012:  
OBJD-T: 07b82000e77e

----------------
IN: 
0x000cb018:  
OBJD-T: cb

----------------
IN: 
0x06ffde93:  
OBJD-T: e9be030000

----------------
IN: 
0x06ffe256:  
OBJD-T: 31d2b802000000eb17

----------------
IN: 
0x06ffe276:  
OBJD-T: e837d4feff

----------------
IN: 
0x06feb6b2:  
OBJD-T: 5389d183f8027537

----------------
IN: 
0x06feb6ba:  
OBJD-T: 8b1528ffff068d5a01891d28ffff0685d2753a

----------------
IN: 
0x06feb6cd:  
OBJD-T: 8b15e84c0f0083fa13772f

----------------
IN: 
0x06feb6d8:  
OBJD-T: 8d5a01891de84c0f008904d5004d0f00890cd5044d0f00eb16

----------------
IN: 
0x06feb707:  
OBJD-T: 5bc3

----------------
IN: 
0x06ffe27b:  
OBJD-T: 8b4610e9cbfbffff

----------------
IN: 
0x06ffde4e:  
OBJD-T: 8d70f083fef00f8429040000

----------------
IN: 
0x06ffde67:  
OBJD-T: 83f801742c

----------------
IN: 
0x06ffde98:  
OBJD-T: 8b4e04bac0610f00b800610f00e831f8feff

----------------
IN: 
0x06fed6db:  
OBJD-T: 5389c30fb6023c0f7610

----------------
IN: 
0x06fed6f5:  
OBJD-T: 890c83fe025bc3

----------------
IN: 
0x06ffdeaa:  
OBJD-T: 803dc0610f0001751a

----------------
IN: 
0x06ffdeb3:  
OBJD-T: a11004000083e0be83c80166a310040000c6058f04000007eb11

----------------
IN: 
0x06ffdede:  
OBJD-T: 31d2b801000000e98c030000

----------------
IN: 
0x06feb6f1:  
OBJD-T: 83f80175d7

----------------
IN: 
0x06feb6f6:  
OBJD-T: 8b1524ffff068d5a01891d24ffff06ebc2

----------------
IN: 
0x06feb6c9:  
OBJD-T: 85d2753a

----------------
IN: 
0x06ffe25f:  
OBJD-T: 8b4e04ba44ffff06b880610f00e86af4feff

----------------
IN: 
0x06ffe271:  
OBJD-T: 8b56048b06e837d4feff

----------------
IN: 
0x06ffe283:  
OBJD-T: 31d2b801000000e823d4feff

----------------
IN: 
0x06ffe28f:  
OBJD-T: 31d2b802000000e817d4feff

----------------
IN: 
0x06ffe29b:  
OBJD-T: 803d44ffff06007450

----------------
IN: 
0x06ffe2a4:  
OBJD-T: e8a6fefeff

----------------
IN: 
0x06fee14f:  
OBJD-T: 833dec600f00007526

----------------
IN: 
0x06fee158:  
OBJD-T: b800080000e85dfcffff

----------------
IN: 
0x06feddbf:  
OBJD-T: 89c2b910000000b868feff06e9e4feffff

----------------
IN: 
0x06fee162:  
OBJD-T: 85c07513

----------------
IN: 
0x06fee179:  
OBJD-T: a3ec600f0031c0c3

----------------
IN: 
0x06ffe2a9:  
OBJD-T: 85c07847

----------------
IN: 
0x06ffe2ad:  
OBJD-T: b82c000000e819fbfeff

----------------
IN: 
0x06ffe2b7:  
OBJD-T: 85c07511

----------------
IN: 
0x06ffe2cc:  
OBJD-T: a3e8600f00b92c00000031d2e8bdbc0ef9

----------------
IN: 
0x06ffe2dd:  
OBJD-T: c6004066c7401a0002c7400cffffffffc74010ffffffff31db891df0550f0089
OBJD-T: 1df7550f00e8ddae0ef9

----------------
IN: 
0x06ffe307:  
OBJD-T: 89c6a140feff0689f129c131d2e881bc0ef9

----------------
IN: 
0x06ffe319:  
OBJD-T: 66c70655aab800000f0029f089c2c1ea093dffff01007605

----------------
IN: 
0x06ffe336:  
OBJD-T: 8856020fb71d13040000c1e30a89d8996a02b900000a0029d931db5351e8a6f8
OBJD-T: feff

----------------
IN: 
0x06fedb63:  
OBJD-T: 03410813510c89442410895424148b4424103904248b4424041b4424147209

----------------
IN: 
0x06fedb82:  
OBJD-T: 89d8e821f5ffff

----------------
IN: 
0x06fed0aa:  
OBJD-T: 538b1d04560f008d4bff890d04560f008d50016bd21429c16bc9148d9a20560f
OBJD-T: 008d820c560f0089da5be9b3ffffff

----------------
IN: 
0x06fed094:  
OBJD-T: 89c7f3a4

----------------
IN: 
0x06fed096:  
OBJD-T: f3a4

----------------
IN: 
0x06fed098:  
OBJD-T: eb0d

----------------
IN: 
0x06fedb89:  
OBJD-T: ebaf

----------------
IN: 
0x06fedb3a:  
OBJD-T: 3b1d04560f000f8d81000000

----------------
IN: 
0x06ffe358:  
OBJD-T: 8b1d60feff0683c40c31ff85db7406

----------------
IN: 
0x06ffe367:  
OBJD-T: 89df8b1bebf6

----------------
IN: 
0x06ffe363:  
OBJD-T: 85db7406

----------------
IN: 
0x06ffe36d:  
OBJD-T: 8b47088b4f0c29c131d2e81ebc0ef9

----------------
IN: 
0x06ffe37c:  
OBJD-T: ff770cff770856ff3540feff0668393f0f00e80cd80ef9

----------------
IN: 
0x06ffe393:  
OBJD-T: a164feff0683c41485c07406

----------------
IN: 
0x06ffe39f:  
OBJD-T: 89c38b00ebf6

----------------
IN: 
0x06ffe39b:  
OBJD-T: 85c07406

----------------
IN: 
0x06ffe3a5:  
OBJD-T: 85db7429

----------------
IN: 
0x06ffe3a9:  
OBJD-T: 8b43088b5b0c29c381e300f0ffff31d26a0131ff5753e83af8feff

----------------
IN: 
0x06fedaac:  
OBJD-T: 43ebb8

----------------
IN: 
0x06feda67:  
OBJD-T: 8b44242039c30f8d54010000

----------------
IN: 
0x06fedace:  
OBJD-T: 8b04248b54240429f019fa894424188954241c89742408897c240ceb4c

----------------
IN: 
0x06fedb8b:  
OBJD-T: 8b04248b542404898620560f00899624560f008b4424108b5424142b04241b54
OBJD-T: 240489410889510c3b6910750f

----------------
IN: 
0x06ffe3c4:  
OBJD-T: 5368603f0f00e8d0d70ef9

----------------
IN: 
0x06ffe3cf:  
OBJD-T: 83c414e892d1feff

----------------
IN: 
0x06ffe3d7:  
OBJD-T: ff3504560f00687f3f0f00e8b8d70ef9

----------------
IN: 
0x06ffe3e7:  
OBJD-T: bb20560f005a5931f63b3504560f007d4d

----------------
IN: 
0x06ffe3f8:  
OBJD-T: 8b038b530489c789d5037b08136b0c893c24896c24048b4b108d69ffbff1360f
OBJD-T: 0083fd047707

----------------
IN: 
0x06ffe41e:  
OBJD-T: 8b3cad38efff065751ff74240cff74240c52505668973f0f00e863d70ef9

----------------
IN: 
0x06ffe43c:  
OBJD-T: 4683c31483c420ebab

----------------
IN: 
0x06ffe3f0:  
OBJD-T: 3b3504560f007d4d

----------------
IN: 
0x000eb50c:  
OBJD-T: 83e90855508b442408e88ddaffff

----------------
IN: 
0x000eb51a:  
OBJD-T: 55b9080000008b5424148b44240ce8e1d9ffff

----------------
IN: 
0x000eb52d:  
OBJD-T: 83c40ceb67

----------------
IN: 
0x06ffe445:  
OBJD-T: c70528620f0002000000ba00000100b800000f00e866ba0ef9

----------------
IN: 
0x06ffe45e:  
OBJD-T: 2805ffff0f00e8f7ed0ef9

----------------
IN: 
0x000ed260:  
OBJD-T: 53e8f4bbffff

----------------
IN: 
0x000ed266:  
OBJD-T: 85c0753e

----------------
IN: 
0x000ed26a:  
OBJD-T: 8b1d184a0f0085db790d

----------------
IN: 
0x000ed281:  
OBJD-T: 0fb7dbba0200000089d8e8b9beffff

----------------
IN: 
0x000ed290:  
OBJD-T: ba59000000663d37127405

----------------
IN: 
0x000ed2a0:  
OBJD-T: 89d85be996bfffff

----------------
IN: 
0x000e923e:  
OBJD-T: 5557565383ec1089d60f0989d383e3fc0fb7c089042489dae8bafeffff

----------------
IN: 
0x000e925b:  
OBJD-T: 894424088d43048944240489c28b0424e8a5feffff

----------------
IN: 
0x000e9270:  
OBJD-T: 8944240c83e60389f28d7c3408e862ffffff

----------------
IN: 
0x000e9282:  
OBJD-T: 89c13dff7f0c00b8000000007710

----------------
IN: 
0x000e92a0:  
OBJD-T: c6440701114083f8067417

----------------
IN: 
0x000e92ab:  
OBJD-T: 89c6c1e60f8dae00800c0039e973e6

----------------
IN: 
0x000e92ba:  
OBJD-T: 81c600400c00ebd3

----------------
IN: 
0x000e9295:  
OBJD-T: 39f17229

----------------
IN: 
0x000e9299:  
OBJD-T: c644070131eb22

----------------
IN: 
0x000e92c2:  
OBJD-T: c6441408108b4c240889da8b0424e879fdffff

----------------
IN: 
0x000e92d5:  
OBJD-T: 8b4c240c8b5424048b042483c4105b5e5f5de962fdffff

----------------
IN: 
0x06ffe469:  
OBJD-T: 81c4280100005b5e5f5de9e80e0ff9

----------------
IN: 
0x000ef360:  
OBJD-T: 83ec28b90090080031d2b800700000e826acffff

----------------
IN: 
0x000ef374:  
OBJD-T: b9260000008d442402e818acffff

----------------
IN: 
0x000ef382:  
OBJD-T: 66c74424260002ba6bfa0f000fb7d2e860c7ffff

----------------
IN: 
0x000ffa6b:  
OBJD-T: cd19

----------------
IN: 
0x000fe6f2:  
OBJD-T: e95aed

----------------
IN: 
0x000fd44f:  
OBJD-T: 31d28ed2

----------------
IN: 
0x000fd453:  
OBJD-T: 66bc00700000

----------------
IN: 
0x000fd459:  
OBJD-T: 66baabf40e00e9a917

----------------
IN: 
0x000fec0b:  
OBJD-T: fafc6689c166b88f000000e670

----------------
IN: 
0x000fec18:  
OBJD-T: e471

----------------
IN: 
0x000fec1a:  
OBJD-T: e492

----------------
IN: 
0x000fec1c:  
OBJD-T: 0c02e692

----------------
IN: 
0x000fec20:  
OBJD-T: 6689c82e0f011e18622e0f0116d8610f20c1

----------------
IN: 
0x000fec48:  
OBJD-T: b9100000008ed9

----------------
IN: 
0x000fec4f:  
OBJD-T: 8ec1

----------------
IN: 
0x000ef4ab:  
OBJD-T: 6820480f006897420f00e8e5c6ffff

----------------
IN: 
0x000ef4ba:  
OBJD-T: 68a2420f00e8dbc6ffff

----------------
IN: 
0x000ef4c4:  
OBJD-T: 31c0a398850e0083c40c31c0e9f2f9ffff

----------------
IN: 
0x000eeec7:  
OBJD-T: 565383ec283905e84c0f000f8e2e010000

----------------
IN: 
0x000eeed8:  
OBJD-T: 8b14c5004d0f0083fa037460

----------------
IN: 
0x000eeee4:  
OBJD-T: 7f24

----------------
IN: 
0x000eeee6:  
OBJD-T: 83fa01743c

----------------
IN: 
0x000eeeeb:  
OBJD-T: 83fa020f8517010000

----------------
IN: 
0x000eeef4:  
OBJD-T: 682d300f00e8aeecffff

----------------
IN: 
0x000eb763:  
OBJD-T: 833d28620f00017405

----------------
IN: 
0x000eb76c:  
OBJD-T: b97fcf0f0089f0ba56620000ffe1

----------------
IN: 
0x000fcf7f:  
OBJD-T: b9200000008ed9

----------------
IN: 
0x000fcf86:  
OBJD-T: 8ec1

----------------
IN: 
0x000fcf88:  
OBJD-T: 8ed1

----------------
IN: 
0x000fcf8a:  
OBJD-T: 8ee1

----------------
IN: 
0x000fcf8c:  
OBJD-T: 8ee966eaa9cf1800

----------------
IN: 
0x000eeefe:  
OBJD-T: ba01000000b880000000eb2f

----------------
IN: 
0x000eef39:  
OBJD-T: e8eeedffff

----------------
IN: 
0x000edd2c:  
OBJD-T: 565383ec2889c389d6b92600000031d28d442402e855c2ffff

----------------
IN: 
0x000edd45:  
OBJD-T: 66c74424260002885c241666c7442404c00766c744241e0102c644241a01ba63
OBJD-T: d00f000fb7d2e886ddffff

----------------
IN: 
0x000fd063:  
OBJD-T: cd13

----------------
IN: 
0x000fe3fe:  
OBJD-T: e90ff0

----------------
IN: 
0x000fd410:  
OBJD-T: 666839ba0000e955ff

----------------
IN: 
0x000fba39:  
OBJD-T: 665766566653678a501466bb00d900006780781d4b753d

----------------
IN: 
0x000fba8d:  
OBJD-T: 8ec3268a0eedf584c97436

----------------
IN: 
0x000fbace:  
OBJD-T: 660fb6d2665b665e665fe94bfc

----------------
IN: 
0x000fb726:  
OBJD-T: 84d27837

----------------
IN: 
0x000fb761:  
OBJD-T: 80fadf7610

----------------
IN: 
0x000fb776:  
OBJD-T: 67668d4a8080f90f771a

----------------
IN: 
0x000fb780:  
OBJD-T: 6683ea70660fb6d22e67668b1495006100006685d27403

----------------
IN: 
0x000fb79a:  
OBJD-T: 66ba01d90200e961b9

----------------
IN: 
0x000f7104:  
OBJD-T: 66b94000000067807814007809

----------------
IN: 
0x000f711a:  
OBJD-T: 8ec1268816740084d2740b

----------------
IN: 
0x000f7125:  
OBJD-T: 6788501d678348240166c3

----------------
IN: 
0x000fd065:  
OBJD-T: cb

----------------
IN: 
0x000edd70:  
OBJD-T: f6442426017407

----------------
IN: 
0x000edd77:  
OBJD-T: 683e150f00eb14

----------------
IN: 
0x000edd92:  
OBJD-T: e815feffff

----------------
IN: 
0x000edd97:  
OBJD-T: 58e981000000

----------------
IN: 
0x000ede1e:  
OBJD-T: 83c4285b5ec3

----------------
IN: 
0x000eef3e:  
OBJD-T: 5be9c7000000

----------------
IN: 
0x000ef00b:  
OBJD-T: b92600000031d28d442402e87fafffff

----------------
IN: 
0x000ef01b:  
OBJD-T: 66c74424260002baeee60f000fb7d2e8c7caffff

----------------
IN: 
0x000fe6ee:  
OBJD-T: cd18

----------------
IN: 
0x000fd462:  
OBJD-T: 31d28ed2

----------------
IN: 
0x000fd466:  
OBJD-T: 66bc00700000

----------------
IN: 
0x000fd46c:  
OBJD-T: 66ba7ff40e00e99617

----------------
IN: 
0x000ef47f:  
OBJD-T: 682c480f006897420f00e811c7ffff

----------------
IN: 
0x000ef48e:  
OBJD-T: 68a2420f00e807c7ffff

----------------
IN: 
0x000ef498:  
OBJD-T: a198850e0040a398850e0083c40ce91cfaffff

----------------
IN: 
0x000eef27:  
OBJD-T: 6815300f00e87becffff

----------------
IN: 
0x000eef31:  
OBJD-T: 8b15204a0f0031c0e8eeedffff

----------------
IN: 
0x000fb72a:  
OBJD-T: 80fa0f776b

----------------
IN: 
0x000fb72f:  
OBJD-T: 660fb6d22e67668b1495006100006685d27458

----------------
IN: 
0x000fb742:  
OBJD-T: 678a481d80f9167758

----------------
IN: 
0x000fb74b:  
OBJD-T: 665366bb3f016000660fa3cb7304

----------------
IN: 
0x000fb759:  
OBJD-T: 665beb3a

----------------
IN: 
0x000fb797:  
OBJD-T: e97d3d

----------------
IN: 
0x000ff517:  
OBJD-T: 66536689c366b9400000008ec16631c026a28e00678a431d3c140f844801

----------------
IN: 
0x000ff535:  
OBJD-T: 776a

----------------
IN: 
0x000ff537:  
OBJD-T: 3c080f841e01

----------------
IN: 
0x000ff53d:  
OBJD-T: 7730

----------------
IN: 
0x000ff53f:  
OBJD-T: 3c030f840001

----------------
IN: 
0x000ff545:  
OBJD-T: 7714

----------------
IN: 
0x000ff547:  
OBJD-T: 3c010f84be00

----------------
IN: 
0x000ff54d:  
OBJD-T: 3c020f84ea00

----------------
IN: 
0x000ff63d:  
OBJD-T: 66b902000000eb06

----------------
IN: 
0x000ff64b:  
OBJD-T: 6689d8665be968bd

----------------
IN: 
0x000fb3bb:  
OBJD-T: 6657665666536683ec186689c36689d767668954240867884c240c678a401c67
OBJD-T: 8844240367660fb65319678a4b1888c86683e03f6788442401678a4315678844
OBJD-T: 2402678a442403fec87808

----------------
IN: 
0x000fb406:  
OBJD-T: 67807c2401007509

----------------
IN: 
0x000fb417:  
OBJD-T: 67668d348d0000000081e600036609d667660fb6442403678944240e6689f866
OBJD-T: e8b0b9ffff

----------------
IN: 
0x000f6dec:  
OBJD-T: 6689c22e66a1e8606639c27547

----------------
IN: 
0x000f6e40:  
OBJD-T: 665367668d42046689c166c1e9048ec16683e00f26678b0867668d42026689c3
OBJD-T: 66c1eb048ec36683e00f26678b006683c2066689d366c1eb048ec36683e20f26
OBJD-T: 678b1266c1e110660fb7c06609c8660fb7d2665b66c3

----------------
IN: 
0x000fb43c:  
OBJD-T: 6689c767660fb644240239f80f93c167660fb644240139c20f92c008c8750b

----------------
IN: 
0x000fb45b:  
OBJD-T: 6689f866c1e81039c67208

----------------
IN: 
0x000fb46e:  
OBJD-T: 660fbff6660fb7ff660faff767660fb64424026601c6660fb7d2660faff26766
OBJD-T: 0fb64c240167668d440eff6766894424106631c067668944241467660fb74302
OBJD-T: 66c1e00467660fb753106601d067668944240467668d44240466e806f9ffff

----------------
IN: 
0x000fadd3:  
OBJD-T: 665566576656665366516689c667660fb7780a67668b580467668d431a6689c2
OBJD-T: 66c1ea048ec26683e00f26678b00660fb7c0660fafc7663d000001007e0f

----------------
IN: 
0x000fae20:  
OBJD-T: 6689d866c1e8048ec06689d86683e00f26678a003c300f840502

----------------
IN: 
0x000fae3a:  
OBJD-T: 770d

----------------
IN: 
0x000fae3c:  
OBJD-T: 3c107412

----------------
IN: 
0x000fae52:  
OBJD-T: 678a46083c037462

----------------
IN: 
0x000fae5a:  
OBJD-T: 770a

----------------
IN: 
0x000fae5c:  
OBJD-T: 84c07417

----------------
IN: 
0x000fae60:  
OBJD-T: 3c02744c

----------------
IN: 
0x000faeb0:  
OBJD-T: 6689f066e852f4ffff

----------------
IN: 
0x000fa30b:  
OBJD-T: 6657665666536683ec0c6689c366e887caffff

----------------
IN: 
0x000f6da5:  
OBJD-T: 665367668b48042e678b910600f1ff660fb7da67668b400c6631d266f7f36689
OBJD-T: d32e678b890200f1ff660fb7c96631d266f7f166c1e0106609d0660fb7cb4166
OBJD-T: 0fb7d1665b66c3

----------------
IN: 
0x000fa31e:  
OBJD-T: 6689c76689d66689c166c1e910660fb6d16766890c2467668b430466e88ffcff
OBJD-T: ff

----------------
IN: 
0x000f9fce:  
OBJD-T: 66556657665666536683ec286689c367668954240c2e67668b801400f1ff6766
OBJD-T: 8944240866b8400000008ec026a03e00

----------------
IN: 
0x000f9ffe:  
OBJD-T: 67660fb6742408

----------------
IN: 
0x000fa005:  
OBJD-T: 6766893424660fb6c067668b7c2408660fa3f87229

----------------
IN: 
0x000fa01a:  
OBJD-T: 678a442408678844242167668d4c242166ba0701010067668b042466e8a7fdff
OBJD-T: ff

----------------
IN: 
0x000f9de2:  
OBJD-T: 665566576656665366536689c76689d36766890c2466be00d900008ec626a0a0
OBJD-T: f5a804744c

----------------
IN: 
0x000f9e53:  
OBJD-T: 66e826ffffff

----------------
IN: 
0x000f9d7f:  
OBJD-T: 6653665166ba0800000066b80400000066e89cd5ffff

----------------
IN: 
0x000f7331:  
OBJD-T: 66b900d900008ec1268a0ea0f566f7d06621c86609d066baf2030000ee

----------------
IN: 
0x000f734e:  
OBJD-T: 26a2a0f566c3

----------------
IN: 
0x000f9d95:  
OBJD-T: 66b80400000066e817450000

----------------
IN: 
0x000fe2b8:  
OBJD-T: 66e81993ffff

----------------
IN: 
0x000f75d7:  
OBJD-T: 66536689c366e83cffffff

----------------
IN: 
0x000f751e:  
OBJD-T: 2e8b16986085d2751b

----------------
IN: 
0x000f7542:  
OBJD-T: 66b900d9000083fa40742a

----------------
IN: 
0x000f754d:  
OBJD-T: 66ed

----------------
IN: 
0x000f754f:  
OBJD-T: 8ec126668b16b4f56631d06625ffffff006631d06639d07306

----------------
IN: 
0x000f756e:  
OBJD-T: 8ec12666a3b4f566c3

----------------
IN: 
0x000f75e2:  
OBJD-T: 6689c12e66a19c60660fafc36605e703000066bbe80300006631d266f7f36601
OBJD-T: c8665b66c3

----------------
IN: 
0x000fe2be:  
OBJD-T: e9850d

----------------
IN: 
0x000ff046:  
OBJD-T: 66536689c36689d866e8b385ffff

----------------
IN: 
0x000f7607:  
OBJD-T: 66536689c366e80cffffff

----------------
IN: 
0x000f7612:  
OBJD-T: 6629d86685c00f9fc0660fb6c0665b66c3

----------------
IN: 
0x000ff054:  
OBJD-T: 6685c07508

----------------
IN: 
0x000ff061:  
OBJD-T: 665b66c3

----------------
IN: 
0x000f9da1:  
OBJD-T: 66ba0c0000006631c066e881d5ffff

----------------
IN: 
0x000f9db0:  
OBJD-T: 66e803feffff

----------------
IN: 
0x000f9bb9:  
OBJD-T: 6656665366b8400000008ec026a03e006683e07f26a23e0066b88813000066e8
OBJD-T: ded9ffff

----------------
IN: 
0x000f75bb:  
OBJD-T: 66536689c366e858ffffff

----------------
IN: 
0x000f75c6:  
OBJD-T: 2e668b169c60660fafda6601d8665b66c3

----------------
IN: 
0x000f9bdd:  
OBJD-T: 6689c366be400000006689d866e818daffff

----------------
IN: 
0x000f9bef:  
OBJD-T: 6685c07420

----------------
IN: 
0x000f9c14:  
OBJD-T: 8ec6268a163e0084d27808

----------------
IN: 
0x000f9c1f:  
OBJD-T: 66e8e9edffff

----------------
IN: 
0x000fef57:  
OBJD-T: 666865cf0000e981e3

----------------
IN: 
0x000fcf65:  
OBJD-T: 66b8400000008ec026a03e006683c88026a23e00b020e620

----------------
IN: 
0x000fcf7d:  
OBJD-T: 66c3

----------------
IN: 
0x000f9c25:  
OBJD-T: ebbf

----------------
IN: 
0x000f9be6:  
OBJD-T: 6689d866e818daffff

----------------
IN: 
0x000f9c27:  
OBJD-T: 6683e27f2688163e00665b665e66c3

----------------
IN: 
0x000f9db6:  
OBJD-T: 6685c07521

----------------
IN: 
0x000f9dbb:  
OBJD-T: 66bb0400000067668d54240266b80820000066e863feffff

----------------
IN: 
0x000f9c36:  
OBJD-T: 665566576656665366516689c36689d666b8e803000066e869d9ffff

----------------
IN: 
0x000f9c52:  
OBJD-T: 67668904246689df66c1ff086683e70f6631ed66baf4030000ec

----------------
IN: 
0x000f9c6c:  
OBJD-T: 84c0782d

----------------
IN: 
0x000f9c9d:  
OBJD-T: a840740f

----------------
IN: 
0x000f9cb0:  
OBJD-T: 6685ed750a

----------------
IN: 
0x000f9cb5:  
OBJD-T: 66baf503000088d8eb0b

----------------
IN: 
0x000f9cca:  
OBJD-T: ee

----------------
IN: 
0x000f9ccb:  
OBJD-T: 67668d45016639fd7cc3

----------------
IN: 
0x000f9cd5:  
OBJD-T: 660fbae310721c

----------------
IN: 
0x000f9cdc:  
OBJD-T: 66b8e803000066e8d3d8ffff

----------------
IN: 
0x000f9ce8:  
OBJD-T: 6689c766c1fb0c6683e30f6631edeb13

----------------
IN: 
0x000f9d0b:  
OBJD-T: 66baf4030000ec

----------------
IN: 
0x000f9d12:  
OBJD-T: 84c0782e

----------------
IN: 
0x000f9d44:  
OBJD-T: 6683e0406639dd7c0b

----------------
IN: 
0x000f9d58:  
OBJD-T: 84c00f8443ff

----------------
IN: 
0x000f9d5e:  
OBJD-T: 67668d4d0166baf5030000ec

----------------
IN: 
0x000f9d6a:  
OBJD-T: 6788042e6689cdeb98

----------------
IN: 
0x000f9d4d:  
OBJD-T: 84c00f854eff

----------------
IN: 
0x000f9d53:  
OBJD-T: 6631c0eb1b

----------------
IN: 
0x000f9d73:  
OBJD-T: 665a665b665e665f665d66c3

----------------
IN: 
0x000f9dd3:  
OBJD-T: 6685c07504

----------------
IN: 
0x000f9dd8:  
OBJD-T: 664b75e5

----------------
IN: 
0x000f9dc1:  
OBJD-T: 67668d54240266b80820000066e863feffff

----------------
IN: 
0x000f9ddc:  
OBJD-T: 665a665b66c3

----------------
IN: 
0x000f9e59:  
OBJD-T: 6685c074a9

----------------
IN: 
0x000f9e07:  
OBJD-T: 66bd400000008ec5b0ff26a240008ec666b8100000006689f966d3e06609f866
OBJD-T: 83c80c66baf2030000ee

----------------
IN: 
0x000f9e31:  
OBJD-T: 26a2a0f567668b14246689d866e8f3fdffff

----------------
IN: 
0x000f9c98:  
OBJD-T: 6689c5ebc8

----------------
IN: 
0x000f9c65:  
OBJD-T: 66baf4030000ec

----------------
IN: 
0x000f9cbf:  
OBJD-T: 678a442eff66baf5030000ee

----------------
IN: 
0x000f9cf8:  
OBJD-T: 66e8bbfeffff

----------------
IN: 
0x000f9cfe:  
OBJD-T: 6685c074d9

----------------
IN: 
0x000f9e43:  
OBJD-T: 8ec5b22526881640006685c0740f

----------------
IN: 
0x000f9e60:  
OBJD-T: 6681e300f001006681fb000001007518

----------------
IN: 
0x000f9e70:  
OBJD-T: 67668b142466b8082000006659665b665e665f665de9aefd

----------------
IN: 
0x000fa03b:  
OBJD-T: 6685c07438

----------------
IN: 
0x000fa078:  
OBJD-T: 66be400000008ec626a03e0066ba01000000678a0c2466d3e26609d026a23e00
OBJD-T: 8ec66631c067668b342426678886940000002e678a830100f1ff678844241e2e
OBJD-T: 67668b8b1400f1ff660fb6f8666bff0a2e678a9f29600000660fb6c167668944
OBJD-T: 240467884c241f66baf703000088d8ee

----------------
IN: 
0x000fa0e8:  
OBJD-T: 67884c242167668d4c242166ba4a71010067668b44240466e8ddfcffff

----------------
IN: 
0x000f9e88:  
OBJD-T: 665a665b665e665f665d66c3

----------------
IN: 
0x000fa105:  
OBJD-T: 6685c07514

----------------
IN: 
0x000fa10a:  
OBJD-T: 678a44241e678844241d67807c24213f0f86eb00

----------------
IN: 
0x000fa11e:  
OBJD-T: 67668db72860000067668d872060000067668944241067668d87226000006766
OBJD-T: 8944241467668d872460000067668944241866bd3260000067c644241d01678a
OBJD-T: 4c241d67384c241e0f848300

----------------
IN: 
0x000fa16a:  
OBJD-T: 2e678a55002e678a0638c27576

----------------
IN: 
0x000fa1ed:  
OBJD-T: 67fe44241d6683c50a67807c241d090f855cff

----------------
IN: 
0x000fa15c:  
OBJD-T: 678a4c241d67384c241e0f848300

----------------
IN: 
0x000fa177:  
OBJD-T: 2e678b45f867668b4c24102e678b1139c27263

----------------
IN: 
0x000fa18a:  
OBJD-T: 2e678b45fa67668b4c24142e678b1139c27250

----------------
IN: 
0x000fa19d:  
OBJD-T: 2e678b45fc67668b5c24182e678b1339c2723d

----------------
IN: 
0x000fa1b0:  
OBJD-T: 2e678a5d0166baf703000088d8ee

----------------
IN: 
0x000fa1be:  
OBJD-T: 678a44241f678844242167668d4c242166ba4a71010067668b44240466e802fc
OBJD-T: ffff

----------------
IN: 
0x000ff143:  
OBJD-T: 664826a2400084c0750f

----------------
IN: 
0x000fa1e0:  
OBJD-T: 6685c07508

----------------
IN: 
0x000fa1e5:  
OBJD-T: 67807c24213f761c

----------------
IN: 
0x000fa209:  
OBJD-T: 66b8400000008ec067668b44240426678a8090000000c0e80666c1e00288da66
OBJD-T: c1e2066609d026a28b00b00467807c241d01740f

----------------
IN: 
0x000fa23d:  
OBJD-T: 67807c241d020f95c067668d44000566c1e3066609c367660fb674241d666bf6
OBJD-T: 0a2e678b96226000002e678b8f2260000088d86683c83039ca7206

----------------
IN: 
0x000fa278:  
OBJD-T: 88d86683c81066ba400000008ec267668b7c2404266788879000000067c74424
OBJD-T: 21af0267668d54242166b80302000066e889f9ffff

----------------
IN: 
0x000fa2ad:  
OBJD-T: 6685c00f84a0fd

----------------
IN: 
0x000fa054:  
OBJD-T: 66bb400000008ec367668b042426678a8094000000673844240c0f854402

----------------
IN: 
0x000fa072:  
OBJD-T: 6631c0e98502

----------------
IN: 
0x000fa2fd:  
OBJD-T: 6683c428665b665e665f665d66c3

----------------
IN: 
0x000fa33f:  
OBJD-T: 6685c07574

----------------
IN: 
0x000fa344:  
OBJD-T: 67668b43042e67668b901400f1ff67668d04bd000000006609d0678844240467
OBJD-T: 668b0c2467884c24056689f867884424066689f0678844240767c64424080267
OBJD-T: 660fb7530a67668d4416ff678844240967c744240a1bff66c1e20967668d4424
OBJD-T: 04665066b9e67801006689d866e8defaffff

----------------
IN: 
0x000f9e94:  
OBJD-T: 665566576656665366536689c76689d567668b5c241867668b10664d6689d066
OBJD-T: c1e8106766890424660fb7c56601d066c1e81067663904240f85ec00

----------------
IN: 
0x000f9ed0:  
OBJD-T: 6689ce6681f9e67801000f95c167668d0c8d46000000b006e60a

----------------
IN: 
0x000f9eea:  
OBJD-T: 6631c0e60c

----------------
IN: 
0x000f9eef:  
OBJD-T: 88d0e604

----------------
IN: 
0x000f9ef3:  
OBJD-T: 66c1ea086689d0e604

----------------
IN: 
0x000f9efc:  
OBJD-T: 6631c0e60c

----------------
IN: 
0x000f9f01:  
OBJD-T: 6689e8e605

----------------
IN: 
0x000f9f06:  
OBJD-T: 6689e8c1e808e605

----------------
IN: 
0x000f9f0e:  
OBJD-T: 88c8e60b

----------------
IN: 
0x000f9f12:  
OBJD-T: 678a0424e681

----------------
IN: 
0x000f9f18:  
OBJD-T: b002e60a

----------------
IN: 
0x000f9f1c:  
OBJD-T: 67668b47042e67668b801400f1ff660fb6c06689d96689f266e8a8feffff

----------------
IN: 
0x000f9f3a:  
OBJD-T: 6685c00f858100

----------------
IN: 
0x000f9f41:  
OBJD-T: 6631d266be40000000678a0c138ec62667884a4266426683fa0775ed

----------------
IN: 
0x000f9f4a:  
OBJD-T: 678a0c138ec62667884a4266426683fa0775ed

----------------
IN: 
0x000f9f5d:  
OBJD-T: 67660fb61380fa3f765b

----------------
IN: 
0x000f9f67:  
OBJD-T: 67660fb64b0166b803000000f6c102754a

----------------
IN: 
0x000f9f78:  
OBJD-T: 67660fb64306665067660fb64305665067660fb64304665067660fb643036650
OBJD-T: 67660fb64302665066516652666865d7000066e834d4ffff

----------------
IN: 
0x000f73e4:  
OBJD-T: 67668d54240867668b44240466e81b700000

----------------
IN: 
0x000fe411:  
OBJD-T: 66556657665666536683ec0c67668904246689d367668b04242e678a0084c00f
OBJD-T: 84ac02

----------------
IN: 
0x000fe434:  
OBJD-T: 3c257515

----------------
IN: 
0x000fe44d:  
OBJD-T: 660fbec0e96f02

----------------
IN: 
0x000fe6c3:  
OBJD-T: 66e8d086ffff

----------------
IN: 
0x000f6d99:  
OBJD-T: 2e8b16946085d27401

----------------
IN: 
0x000f6da3:  
OBJD-T: 66c3

----------------
IN: 
0x000fe6c9:  
OBJD-T: 67668b3424eb03

----------------
IN: 
0x000fe6d3:  
OBJD-T: 67668d46016766890424e945fd

----------------
IN: 
0x000fe425:  
OBJD-T: 67668b04242e678a0084c00f84ac02

----------------
IN: 
0x000fe438:  
OBJD-T: 67668b042467668d700167c644240b206631c0eb1f

----------------
IN: 
0x000fe46c:  
OBJD-T: 2e678a166689d767668d6fd06689e980f90976d4

----------------
IN: 
0x000fe454:  
OBJD-T: 6685c07429

----------------
IN: 
0x000fe482:  
OBJD-T: 80fa3075d2

----------------
IN: 
0x000fe487:  
OBJD-T: 67c644240b306631c0ebd8

----------------
IN: 
0x000fe46a:  
OBJD-T: 66462e678a166689d767668d6fd06689e980f90976d4

----------------
IN: 
0x000fe459:  
OBJD-T: 666bc00a6689f9660fb6f967668d4438d066462e678a166689d767668d6fd066
OBJD-T: 89e980f90976d4

----------------
IN: 
0x000fe480:  
OBJD-T: eb10

----------------
IN: 
0x000fe492:  
OBJD-T: 6631ff80fa6c7522

----------------
IN: 
0x000fe4bc:  
OBJD-T: 80fa640f848f00

----------------
IN: 
0x000fe4c3:  
OBJD-T: 7f40

----------------
IN: 
0x000fe505:  
OBJD-T: 80fa730f849201

----------------
IN: 
0x000fe50c:  
OBJD-T: 7f37

----------------
IN: 
0x000fe545:  
OBJD-T: 80fa757436

----------------
IN: 
0x000fe54a:  
OBJD-T: 80fa78744f

----------------
IN: 
0x000fe59e:  
OBJD-T: 80fa580f94c2660fb6d2676689142467668b136766895424046689f984c9745e

----------------
IN: 
0x000fe61c:  
OBJD-T: 67668d7b0467668b54240466bb0100000066c1ea047404

----------------
IN: 
0x000fe633:  
OBJD-T: 6643ebf6

----------------
IN: 
0x000fe62d:  
OBJD-T: 66c1ea047404

----------------
IN: 
0x000fe637:  
OBJD-T: 6629d86689c167660fbe44240b6685c97e0a

----------------
IN: 
0x000fe653:  
OBJD-T: 67668b0c246689da67668b44240466e89188ffff

----------------
IN: 
0x000f6ef8:  
OBJD-T: 665666536689c36689ce6683fa04746f

----------------
IN: 
0x000f6f08:  
OBJD-T: 7f12

----------------
IN: 
0x000f6f0a:  
OBJD-T: 6683fa020f848d00

----------------
IN: 
0x000f6f9f:  
OBJD-T: 6689d866c1e8046683e00f6689f266e824ffffff

----------------
IN: 
0x000f6ed7:  
OBJD-T: 67668d48306683f809760f

----------------
IN: 
0x000f6ef1:  
OBJD-T: 660fbec1e9a1fe

----------------
IN: 
0x000f6fb3:  
OBJD-T: 6689d86683e00f6689f2665b665ee913ff

----------------
IN: 
0x000fe667:  
OBJD-T: 6689fbeb67

----------------
IN: 
0x000fe649:  
OBJD-T: 66e84a87ffff

----------------
IN: 
0x000fe64f:  
OBJD-T: 6649ebf1

----------------
IN: 
0x000fe644:  
OBJD-T: 6685c97e0a

----------------
IN: 
0x000f6f12:  
OBJD-T: 6683fa030f859900

----------------
IN: 
0x000fe6e0:  
OBJD-T: 6683c40c665b665e665f665d66c3

----------------
IN: 
0x000f73f6:  
OBJD-T: 66c3

----------------
IN: 
0x000f9fb0:  
OBJD-T: 6683c42066b820000000eb06

----------------
IN: 
0x000f9fc2:  
OBJD-T: 665a665b665e665f665d66c3

----------------
IN: 
0x000fa3b6:  
OBJD-T: 665a6683c40c665b665e665f66c3

----------------
IN: 
0x000faeb9:  
OBJD-T: e99701

----------------
IN: 
0x000fb053:  
OBJD-T: 6685c00f85e300

----------------
IN: 
0x000fb13d:  
OBJD-T: 67660fb7560a6639d77506

----------------
IN: 
0x000fb148:  
OBJD-T: 67c7460a0000665a665b665e665f665d66c3

----------------
IN: 
0x000fb4cd:  
OBJD-T: 678b54240e6788531c80cc9e6689c26689d866e81fbcffff

----------------
IN: 
0x000f7111:  
OBJD-T: 8ec12688164100eb07

----------------
IN: 
0x000f7121:  
OBJD-T: 84d2740b

----------------
IN: 
0x000fb4e5:  
OBJD-T: 6683c418665b665e665f66c3

----------------
IN: 
0x000eef44:  
OBJD-T: 8b1cc5044d0f006848300f00e857ecffff

----------------
IN: 
0x000eef55:  
OBJD-T: 89d8e885fcffff

----------------
IN: 
0x000eebe1:  
OBJD-T: 5557565381ec1c08000089c731f63b3cb580610f007409

----------------
IN: 
0x000eec01:  
OBJD-T: b91400000031d28d442408e889b3ffff

----------------
IN: 
0x000eec11:  
OBJD-T: 897c240c83feff0f8466020000

----------------
IN: 
0x000eec1e:  
OBJD-T: 85ff0f845e020000

----------------
IN: 
0x000eec26:  
OBJD-T: e8a9feffff

----------------
IN: 
0x000ebf14:  
OBJD-T: 89f8e807ffffff

----------------
IN: 
0x000ebf1b:  
OBJD-T: 85c079a0

----------------
IN: 
0x000eec2b:  
OBJD-T: c644241002c74424141100000031ed896c241866c744241201008d6c241c896c
OBJD-T: 24088d442408e83cfeffff

----------------
IN: 
0x000eec56:  
OBJD-T: bb0300000085c00f8557020000

----------------
IN: 
0x000eec63:  
OBJD-T: bb04000000807c241c000f8547020000

----------------
IN: 
0x000eec73:  
OBJD-T: bacf2f0f008d44241de8ada3ffff

----------------
IN: 
0x000eec81:  
OBJD-T: bb0500000085c00f852c020000

----------------
IN: 
0x000eec8e:  
OBJD-T: 8b4424638944241431db895c241866c744241201008d442408e8e6fdffff

----------------
IN: 
0x000eecac:  
OBJD-T: 89c385c00f85d5010000

----------------
IN: 
0x000eecb6:  
OBJD-T: 807c241c010f85d1010000

----------------
IN: 
0x000eecc1:  
OBJD-T: 807c241d000f85cd010000

----------------
IN: 
0x000eeccc:  
OBJD-T: 807c243a550f85c9010000

----------------
IN: 
0x000eecd7:  
OBJD-T: 807c243baa0f85be010000

----------------
IN: 
0x000eece2:  
OBJD-T: 807c243c880f85ba010000

----------------
IN: 
0x000eeced:  
OBJD-T: 803d81850e00007437

----------------
IN: 
0x000eed2d:  
OBJD-T: 893de8850e008a54243d668b44243e6685c07505

----------------
IN: 
0x000eed41:  
OBJD-T: b8c007000066a3f8850e0066c705f6850e000000668b4c244266890dfa850e00
OBJD-T: 8b6c2444892df0850e008b7f14893c2489f9d1e9880def850e008b0c2483e101
OBJD-T: 66890df4850e000fb77c244283c703c1ff02896c241431c9894c24180fb7c8c1
OBJD-T: e10489cd896c24086685ff7445

----------------
IN: 
0x000eedae:  
OBJD-T: 0fb7ef83fd207e05

----------------
IN: 
0x000eedbb:  
OBJD-T: 88542407890c2466896c24128d442408e8c2fcffff

----------------
IN: 
0x000eedd0:  
OBJD-T: 85c00f85d6000000

----------------
IN: 
0x000eedd8:  
OBJD-T: 29ef016c24148354241800c1e50b036c24088a5424078b0c24ebb2

----------------
IN: 
0x000eeda5:  
OBJD-T: 896c24086685ff7445

----------------
IN: 
0x000eedf3:  
OBJD-T: 84d2750d

----------------
IN: 
0x000eedf7:  
OBJD-T: 8d46e0a2ee850e00e9b6000000

----------------
IN: 
0x000eeeba:  
OBJD-T: 89d881c41c0800005b5e5f5dc3

----------------
IN: 
0x000eef5c:  
OBJD-T: 5985c07412

----------------
IN: 
0x000eef73:  
OBJD-T: 8a1dee850e00668b35f8850e00803d81850e0000743f

----------------
IN: 
0x000eefc8:  
OBJD-T: 89f0c1e00481e600f00000c1e61025f0ff000009f00fb6d3e8e5ecffff

----------------
IN: 
0x000edcca:  
OBJD-T: 565383ec2889c389d60fb7c05089d8c1e8105068e9140f00e8b8deffff

----------------
IN: 
0x000edce7:  
OBJD-T: b92600000031d28d44240ee8a3c2ffff

----------------
IN: 
0x000edcf7:  
OBJD-T: 66c74424320002895c242e89f08844242266c744242a55aa31c0e8abd8ffff

----------------
IN: 
0x000eb5f3:  
OBJD-T: c6051e8e0e00015bc3

----------------
IN: 
0x000edd16:  
OBJD-T: b931820f0031d28d44240ee8e6d9ffff

----------------
IN: 
0x00007c00:  
OBJD-T: e80000

----------------
IN: 
0x00007c03:  
OBJD-T: eb3b

----------------
IN: 
0x00007c40:  
OBJD-T: 5b31c08ed0

----------------
IN: 
0x00007c45:  
OBJD-T: bc0060

----------------
IN: 
0x00007c48:  
OBJD-T: 8ed88ec0bedd7c2e668b8f0d006609c97476

----------------
IN: 
0x00007c5a:  
OBJD-T: 6681c1ff07000066c1e90b2e668bb70900e80500

----------------
IN: 
0x00007c73:  
OBJD-T: 6631c06a1066466650665668000866506a106631ff89e68b7c106639cf7603

----------------
IN: 
0x00007c95:  
OBJD-T: 897c026651b442cd13

----------------
IN: 
0x000fb766:  
OBJD-T: 67668d4a206683c24080f90f7610

----------------
IN: 
0x000fb784:  
OBJD-T: 660fb6d22e67668b1495006100006685d27403

----------------
IN: 
0x000ff5a1:  
OBJD-T: 3c450f842301

----------------
IN: 
0x000ff5a7:  
OBJD-T: 7737

----------------
IN: 
0x000ff5a9:  
OBJD-T: 3c420f841201

----------------
IN: 
0x000ff6c1:  
OBJD-T: 66b902000000e9d200

----------------
IN: 
0x000ff79c:  
OBJD-T: 6689d8665be9adbe

----------------
IN: 
0x000fb651:  
OBJD-T: 66556657665666536683ec146689c36689cf67660fb77008678e002667668b4e
OBJD-T: 082667668b6e0c6766894c240c6766896c24106689f867884424086766895424
OBJD-T: 046683c20c6689d766c1ef048ec76683e20f2667668b3a2667668b52046639f9
OBJD-T: 6619d566ba01ad00007353

----------------
IN: 
0x000fb6bc:  
OBJD-T: 678e032667668b56046689d066c1e81066c1e004660fb7d26601d06766890424
OBJD-T: 678e0326678b4602678944240a66ba00b5000085c0741c

----------------
IN: 
0x000fb6f3:  
OBJD-T: 6689e066e8d7f6ffff

----------------
IN: 
0x000fae40:  
OBJD-T: 3c200f84ab00

----------------
IN: 
0x000fae46:  
OBJD-T: e94a02

----------------
IN: 
0x000fb093:  
OBJD-T: 6689d866c1e8048ec06683e30f26678a033c807449

----------------
IN: 
0x000fb0a8:  
OBJD-T: 7717

----------------
IN: 
0x000fb0aa:  
OBJD-T: 3c70742b

----------------
IN: 
0x000fb0ae:  
OBJD-T: 3c727433

----------------
IN: 
0x000fb0b2:  
OBJD-T: 3c21755f

----------------
IN: 
0x000fb0b6:  
OBJD-T: 6689f066e895fbffff

----------------
IN: 
0x000fac54:  
OBJD-T: 66556657665666536683ec1c6689c3678a40086683e803a8fd0f844b01

----------------
IN: 
0x000fac71:  
OBJD-T: 66b90c00000067668d5424046689d866e810c4ffff

----------------
IN: 
0x000f7096:  
OBJD-T: 66536689c36689d0678a53086683ea0280fa017751

----------------
IN: 
0x000f70ab:  
OBJD-T: 6631d266e8d3ffffff

----------------
IN: 
0x000f70b4:  
OBJD-T: 67807b08020f95c267668d54122867881067668b530c660fca6766895002678b
OBJD-T: 530a86f26789500767668b43046683c01a6689c266c1ea048ec26683e00f2667
OBJD-T: 8b00660fb7c0eb04

----------------
IN: 
0x000f7100:  
OBJD-T: 665b66c3

----------------
IN: 
0x000fac86:  
OBJD-T: 6689c76685c07913

----------------
IN: 
0x000faca1:  
OBJD-T: 67668b6b042e67668b852c00f1ff2e678b880000f1ff67894c24022e678bb002
OBJD-T: 00f1ff66b90c0000006631d267668d44241066e8aec3ffff

----------------
IN: 
0x000facd9:  
OBJD-T: 67897c241367c6442416a067668d460267890424b00a67668b1424ee

----------------
IN: 
0x000facf5:  
OBJD-T: 67668d5424106689e866e85afbffff

----------------
IN: 
0x000fa85e:  
OBJD-T: 66556657665666536683ec086689d62e67668b902c00f1ff2e678a983000f1ff
OBJD-T: 2e678baa0000f1ff660fb7fd6689f866e83fffffff

----------------
IN: 
0x000fa7d2:  
OBJD-T: 660fb7c86631d266b880000000e97fff

----------------
IN: 
0x000fa761:  
OBJD-T: 66556657665666536689c66689d76689cd66b8007d000066e83dceffff

----------------
IN: 
0x000fa77e:  
OBJD-T: 6689c367668d5507ec

----------------
IN: 
0x000fa787:  
OBJD-T: 6689f26621c26689f938ca7506

----------------
IN: 
0x000fa794:  
OBJD-T: 660fb6c0eb2e

----------------
IN: 
0x000fa7c8:  
OBJD-T: 665b665e665f665d66c3

----------------
IN: 
0x000fa893:  
OBJD-T: 6685c00f88e200

----------------
IN: 
0x000fa89a:  
OBJD-T: 678a56056683e24f80fb016619c06683e0f06683e8506609d088c167668d5506
OBJD-T: ec

----------------
IN: 
0x000fa8bb:  
OBJD-T: 88c388c8ee

----------------
IN: 
0x000fa8c0:  
OBJD-T: 6631d8a810756c

----------------
IN: 
0x000fa8c7:  
OBJD-T: 678a4e0667668d4501678944240267668d7d0267668d5d0367668d4504678944
OBJD-T: 240467668d450567894424066689c86625ee0000006683f8247541

----------------
IN: 
0x000fa943:  
OBJD-T: 678a06678b542402ee

----------------
IN: 
0x000fa94c:  
OBJD-T: 678a46016689faee

----------------
IN: 
0x000fa954:  
OBJD-T: 678a46026689daee

----------------
IN: 
0x000fa95c:  
OBJD-T: 678a460367668b542404ee

----------------
IN: 
0x000fa967:  
OBJD-T: 678a4604678b542406ee

----------------
IN: 
0x000fa971:  
OBJD-T: 67668d550788c8ee

----------------
IN: 
0x000fa979:  
OBJD-T: 6631c06683c408665b665e665f665d66c3

----------------
IN: 
0x000fad04:  
OBJD-T: 6685c07411

----------------
IN: 
0x000fad1a:  
OBJD-T: 67660fb76c24026689e866e808fbffff

----------------
IN: 
0x000fa832:  
OBJD-T: 660fb7c066e8a6ffffff

----------------
IN: 
0x000fa7e2:  
OBJD-T: 665666536689c666e82fcdffff

----------------
IN: 
0x000fa7ef:  
OBJD-T: 6689c12e66a19c606669c09001000066053f420f0066bb40420f006631d266f7
OBJD-T: f367668d1c086689d866e8e9cdffff

----------------
IN: 
0x000fa81e:  
OBJD-T: 6685c07504

----------------
IN: 
0x000fa827:  
OBJD-T: 660fb7c6665b665ee9a0ff

----------------
IN: 
0x000fa83c:  
OBJD-T: 6685c0781b

----------------
IN: 
0x000fa841:  
OBJD-T: a8017511

----------------
IN: 
0x000fa845:  
OBJD-T: 6683e0086683f8016619c06683e0fb66c3

----------------
IN: 
0x000fad2a:  
OBJD-T: 6685c075da

----------------
IN: 
0x000fad2f:  
OBJD-T: 8cd6660fb7f666c1e60467668d4424046601c66689f066c1e8048ec06683e60f
OBJD-T: 66b906000000678b5424022667f36f

----------------
IN: 
0x000fad5a:  
OBJD-T: 2667f36f

----------------
IN: 
0x000fad5e:  
OBJD-T: 67668b1424ec

----------------
IN: 
0x000fad64:  
OBJD-T: 6689e866e865faffff

----------------
IN: 
0x000fad6d:  
OBJD-T: 6685c07897

----------------
IN: 
0x000fad72:  
OBJD-T: 6689c66683e601740a

----------------
IN: 
0x000fad85:  
OBJD-T: 6685ff750a

----------------
IN: 
0x000fad94:  
OBJD-T: a8080f846fff

----------------
IN: 
0x000fad9a:  
OBJD-T: 6689f96631d26689d866e8e1fbffff

----------------
IN: 
0x000fa98a:  
OBJD-T: 66556657665666536683ec186689c36766895424086766894c240c67668b4004
OBJD-T: 2e67668b802c00f1ff2e678bb00000f1ff67897424102e678b800200f1ff6789
OBJD-T: 44241267660fb76b0a67668b03676689042466b90200000067668b44240c6699
OBJD-T: 66f7f9660fb7c0676689442404660fb7c667668944241467668b042466c1e804
OBJD-T: 67668b3c246683e70f6766837c2408007417

----------------
IN: 
0x000faa33:  
OBJD-T: 8ec067668b4c240467668b54241067f36d

----------------
IN: 
0x000faa41:  
OBJD-T: 67f36d

----------------
IN: 
0x000faa44:  
OBJD-T: 67668b74240c6766013424678b44241267668d5002ec

----------------
IN: 
0x000faa5a:  
OBJD-T: 67668b44241466e86cfdffff

----------------
IN: 
0x000faa66:  
OBJD-T: 6685c07906

----------------
IN: 
0x000faa71:  
OBJD-T: 664d7418

----------------
IN: 
0x000faa75:  
OBJD-T: 6625890000006683f8087480

----------------
IN: 
0x000faa01:  
OBJD-T: 67668b042466c1e80467668b3c246683e70f6766837c2408007417

----------------
IN: 
0x000faa8d:  
OBJD-T: 6766837c2408007408

----------------
IN: 
0x000faa9e:  
OBJD-T: 6625890000006685c07406

----------------
IN: 
0x000faaaf:  
OBJD-T: 6683c418665b665e665f665d66c3

----------------
IN: 
0x000fada9:  
OBJD-T: 6689c1b00867668b1424ee

----------------
IN: 
0x000fadb4:  
OBJD-T: 6685c97409

----------------
IN: 
0x000fadc2:  
OBJD-T: 6689f06683c41c665b665e665f665d66c3

----------------
IN: 
0x000fb0bf:  
OBJD-T: eb92

----------------
IN: 
0x000fb05a:  
OBJD-T: 6631c0e9ee00

----------------
IN: 
0x000fb14e:  
OBJD-T: 665a665b665e665f665d66c3

----------------
IN: 
0x000fb6fc:  
OBJD-T: 678e03678b54240a266789560280ccbd6689c26689d866e8ecb9ffff

----------------
IN: 
0x000f7130:  
OBJD-T: e94dfa

----------------
IN: 
0x000fb718:  
OBJD-T: 6683c414665b665e665f665d66c3

----------------
IN: 
0x00007c9e:  
OBJD-T: 7316

----------------
IN: 
0x00007cb6:  
OBJD-T: 89f8c1e00701440666017c0866596629f975c1

----------------
IN: 
0x00007cc9:  
OBJD-T: 83c412c3

----------------
IN: 
0x00007c6e:  
OBJD-T: ea00002008

----------------
IN: 
0x00008200:  
OBJD-T: ea1c820000

----------------
IN: 
0x0000821c:  
OBJD-T: fa31c08ed88ed0

----------------
IN: 
0x00008223:  
OBJD-T: 8ec0

----------------
IN: 
0x00008225:  
OBJD-T: 66bdf01f00006689ecfb

----------------
IN: 
0x0000822f:  
OBJD-T: 88161b82

----------------
IN: 
0x00008233:  
OBJD-T: cd13

----------------
IN: 
0x000ff553:  
OBJD-T: 6689d8665be90bfb

----------------
IN: 
0x000ff066:  
OBJD-T: 66536683ec146689c367668954240467c64424080067c744240a00006689e066
OBJD-T: e848bdffff

----------------
IN: 
0x000f70fc:  
OBJD-T: 6683c8ff665b66c3

----------------
IN: 
0x000fac8e:  
OBJD-T: 678a43086683c41c665b665e665f665de9c6c3

----------------
IN: 
0x000f7067:  
OBJD-T: 88c13c107712

----------------
IN: 
0x000f706d:  
OBJD-T: 66b8b100010066d3e866f7d06683e00166c3

----------------
IN: 
0x000ff08b:  
OBJD-T: 80ccce6689c26689d866e86a80ffff

----------------
IN: 
0x000ff09a:  
OBJD-T: 6683c414665b66c3

----------------
IN: 
0x00008235:  
OBJD-T: 66e897000000

----------------
IN: 
0x000082d2:  
OBJD-T: fa31c08ed8660f0116c0820f20c0

----------------
IN: 
0x000082e0:  
OBJD-T: 6683c8010f22c0

----------------
IN: 
0x000082e7:  
OBJD-T: 66eaef8200000800

----------------
IN: 
0x000082ef:  
OBJD-T: 66b810008ed8

----------------
IN: 
0x000082f5:  
OBJD-T: 8ec0

----------------
IN: 
0x000082f7:  
OBJD-T: 8ee08ee88ed0

----------------
IN: 
0x000082fd:  
OBJD-T: 8b0424

----------------
IN: 
0x00008300:  
OBJD-T: a3f01f0000a16482000089c489c5a1f01f000089042431c00f010dc68200000f
OBJD-T: 011dcc820000c3

----------------
IN: 
0x0000823b:  
OBJD-T: fce862060000

----------------
IN: 
0x000088a3:  
OBJD-T: e86f000000

----------------
IN: 
0x00008917:  
OBJD-T: b964000000e807000000

----------------
IN: 
0x00008928:  
OBJD-T: 535131c0bb00800000538a0b81c3000010008a035b88c5fecd882be680

----------------
IN: 
0x00008945:  
OBJD-T: e680

----------------
IN: 
0x00008947:  
OBJD-T: 5381c3000010008a2b28e85b880b595bc3

----------------
IN: 
0x00008921:  
OBJD-T: 84c07402

----------------
IN: 
0x00008927:  
OBJD-T: c3

----------------
IN: 
0x000088a8:  
OBJD-T: 84c07501

----------------
IN: 
0x000088ac:  
OBJD-T: c3

----------------
IN: 
0x00008241:  
OBJD-T: 8b150882000081c2b80300008b0d108200008d0558890000fce834030000

----------------
IN: 
0x00008593:  
OBJD-T: 5589e557565383ec4c8945bc8955dc894de085c90f84ee020000

----------------
IN: 
0x0000889b:  
OBJD-T: 83c44c5b5e5f5dc3

----------------
IN: 
0x0000825f:  
OBJD-T: e94e070000

----------------
IN: 
0x000089b2:  
OBJD-T: bf00001000be108d0000578b0d0c8200008d1c0f51e8df000000

----------------
IN: 
0x00008aab:  
OBJD-T: 5589e583ec2457fc89dfb9361f0000b800040000f3ab

----------------
IN: 
0x00008abf:  
OBJD-T: f3ab

----------------
IN: 
0x00008ac1:  
OBJD-T: 5f31c08945fc8945f88945ec408945e88945e48945e08945dcf7d88945f440b1
OBJD-T: 05c1e008ace2fa

----------------
IN: 
0x00008ae2:  
OBJD-T: c1e008ace2fa

----------------
IN: 
0x00008ae8:  
OBJD-T: 8945f08b45fc3b45087204

----------------
IN: 
0x00008af7:  
OBJD-T: 83e003508b55ecc1e20401d050e8dcfeffff

----------------
IN: 
0x000089e5:  
OBJD-T: 8d048389c18b018b55f4c1ea0bf7e23b45f07628

----------------
IN: 
0x000089f9:  
OBJD-T: 8945f4ba000800002b11c1ea050111f89c817df400000001730c

----------------
IN: 
0x00008a1f:  
OBJD-T: 9d

----------------
IN: 
0x00008a20:  
OBJD-T: c3

----------------
IN: 
0x00008b09:  
OBJD-T: 0f829a000000

----------------
IN: 
0x00008b0f:  
OBJD-T: 8b45fc83e000c1e0038b55f8c1ea0501d0ba00030000f7e2053607000050428b
OBJD-T: 45e8f7d8ff3407807dec07722f

----------------
IN: 
0x00008b6b:  
OBJD-T: 81fa000100007311

----------------
IN: 
0x00008b73:  
OBJD-T: 5289d003442408e866feffff

----------------
IN: 
0x00008a21:  
OBJD-T: 2945f42945f08b11c1ea052911f9ebd8

----------------
IN: 
0x00008a09:  
OBJD-T: 9c817df400000001730c

----------------
IN: 
0x00008b7f:  
OBJD-T: 5a11d2ebe7

----------------
IN: 
0x00008a13:  
OBJD-T: c165f008ac8845f0c165f4089d

----------------
IN: 
0x00008b84:  
OBJD-T: 83c41088d0e815ffffff

----------------
IN: 
0x00008aa3:  
OBJD-T: 8845f8aaff45fcc3

----------------
IN: 
0x00008b8e:  
OBJD-T: 8a45ec3c047304

----------------
IN: 
0x00008b95:  
OBJD-T: 30c0eb08

----------------
IN: 
0x00008ba1:  
OBJD-T: 8845ece942ffffff

----------------
IN: 
0x00008aeb:  
OBJD-T: 8b45fc3b45087204

----------------
IN: 
0x00008ba9:  
OBJD-T: 8b45ec05c0000000e82ffeffff

----------------
IN: 
0x00008bb6:  
OBJD-T: 0f839a000000

----------------
IN: 
0x00008bbc:  
OBJD-T: 8b45ec05cc000000e81cfeffff

----------------
IN: 
0x00008bc9:  
OBJD-T: 7238

----------------
IN: 
0x00008bcb:  
OBJD-T: 8b042405f0000000e80dfeffff

----------------
IN: 
0x00008bd8:  
OBJD-T: 725f

----------------
IN: 
0x00008c39:  
OBJD-T: b834050000e81afeffff

----------------
IN: 
0x00008a5d:  
OBJD-T: 5083c000e87fffffff

----------------
IN: 
0x00008a66:  
OBJD-T: 587218

----------------
IN: 
0x00008a69:  
OBJD-T: 6a00b10383c0028b54240cd3e201d0e8b4ffffff

----------------
IN: 
0x00008a31:  
OBJD-T: 0fb6c931d252425250515201d0e8a2ffffff

----------------
IN: 
0x00008a43:  
OBJD-T: 5a597309

----------------
IN: 
0x00008a50:  
OBJD-T: 11d258d12424e2e1

----------------
IN: 
0x00008a39:  
OBJD-T: 50515201d0e8a2ffffff

----------------
IN: 
0x00008a58:  
OBJD-T: 5929ca59c3

----------------
IN: 
0x00008a7d:  
OBJD-T: 5801c2c3

----------------
IN: 
0x00008c43:  
OBJD-T: 807dec07c645ec087204

----------------
IN: 
0x00008c51:  
OBJD-T: e9ae000000

----------------
IN: 
0x00008d04:  
OBJD-T: 83c20289d1e9dffeffff

----------------
IN: 
0x00008bed:  
OBJD-T: 8b55e8f7da8a0417e8a9feffff

----------------
IN: 
0x00008bfa:  
OBJD-T: e2f6

----------------
IN: 
0x00008bf2:  
OBJD-T: 8a0417e8a9feffff

----------------
IN: 
0x00008bfc:  
OBJD-T: 5858e9e8feffff

----------------
IN: 
0x00008b3c:  
OBJD-T: 81fa000100007340

----------------
IN: 
0x00008b44:  
OBJD-T: 31c0d0242411c05052c1e0088d8402000100000344240ce885feffff

----------------
IN: 
0x00008b60:  
OBJD-T: 0f92c05a11d25938c874d1

----------------
IN: 
0x00008b99:  
OBJD-T: 2c033c077202

----------------
IN: 
0x00008c56:  
OBJD-T: 8b45e88745e48745e08945dc807dec07c645ec077204

----------------
IN: 
0x00008c70:  
OBJD-T: b832030000e8e3fdffff

----------------
IN: 
0x00008a47:  
OBJD-T: 8b44240409442408f911d258d12424e2e1

----------------
IN: 
0x00008c7a:  
OBJD-T: 52b80300000039c27602

----------------
IN: 
0x00008c86:  
OBJD-T: b106d3e28d82b0010000e89cfdffff

----------------
IN: 
0x00008c95:  
OBJD-T: 8955e883fa047263

----------------
IN: 
0x00008c9d:  
OBJD-T: 89d1d1e9490fb6c224010c02d3e08945e883fa0e730c

----------------
IN: 
0x00008cb3:  
OBJD-T: 8b45e805af02000029d0eb39

----------------
IN: 
0x00008cf8:  
OBJD-T: e834fdffff

----------------
IN: 
0x00008cfd:  
OBJD-T: 014de8ff45e85a83c20289d1e9dffeffff

----------------
IN: 
0x00008bda:  
OBJD-T: 807dec07c645ec097204

----------------
IN: 
0x00008be8:  
OBJD-T: b9010000008b55e8f7da8a0417e8a9feffff

----------------
IN: 
0x00008c84:  
OBJD-T: 89c2b106d3e28d82b0010000e89cfdffff

----------------
IN: 
0x00008d00:  
OBJD-T: ff45e85a83c20289d1e9dffeffff

----------------
IN: 
0x00008c6c:  
OBJD-T: 8045ec03b832030000e8e3fdffff

----------------
IN: 
0x00008b9f:  
OBJD-T: 2c038845ece942ffffff

----------------
IN: 
0x00008c03:  
OBJD-T: 8b45ec05d8000000e8d5fdffff

----------------
IN: 
0x00008c10:  
OBJD-T: 8b55e4731e

----------------
IN: 
0x00008c15:  
OBJD-T: 8b45ec05e4000000e8c3fdffff

----------------
IN: 
0x00008c22:  
OBJD-T: 8b55e07306

----------------
IN: 
0x00008c2d:  
OBJD-T: ff75e48f45e08755e88955e4b834050000e81afeffff

----------------
IN: 
0x00008cbf:  
OBJD-T: 80e90431d2d16df4d1e28b45f43945f07206

----------------
IN: 
0x00008cd7:  
OBJD-T: 3d00000001730c

----------------
IN: 
0x00008cea:  
OBJD-T: e2d8

----------------
IN: 
0x00008cc4:  
OBJD-T: d16df4d1e28b45f43945f07206

----------------
IN: 
0x00008cd1:  
OBJD-T: 2945f080ca013d00000001730c

----------------
IN: 
0x00008cec:  
OBJD-T: b104d3e20155e8b822030000e834fdffff

----------------
IN: 
0x00008cde:  
OBJD-T: c165f408c165f008ac8845f0e2d8

----------------
IN: 
0x00008c33:  
OBJD-T: 8755e88955e4b834050000e81afeffff

----------------
IN: 
0x00008c4d:  
OBJD-T: 8045ec03e9ae000000

----------------
IN: 
0x00008a81:  
OBJD-T: 5083c001e85bffffff

----------------
IN: 
0x00008a8a:  
OBJD-T: 58720b

----------------
IN: 
0x00008a8d:  
OBJD-T: 6a08b1030582000000ebd8

----------------
IN: 
0x00008a70:  
OBJD-T: 8b54240cd3e201d0e8b4ffffff

----------------
IN: 
0x00008a98:  
OBJD-T: 6a100502010000b108ebd5

----------------
IN: 
0x00008a78:  
OBJD-T: e8b4ffffff

----------------
IN: 
0x00008c27:  
OBJD-T: 8b55e08755dcff75e48f45e08755e88955e4b834050000e81afeffff

----------------
IN: 
0x00008af3:  
OBJD-T: 89ec5dc3

----------------
IN: 
0x000089cc:  
OBJD-T: 595e8b1518820000bf27830000b9d2820000b8c6820000ffe6

----------------
IN: 
0x00100000:  
OBJD-T: 898e4100000089be45000000898664010000b9987f0000bf00900000f3a4

----------------
IN: 
0x0010001c:  
OBJD-T: f3a4

----------------
IN: 
0x0010001e:  
OBJD-T: be25900000ffe6

----------------
IN: 
0x00009025:  
OBJD-T: bfa00f0100b94087010029f931c0fcf3aa

----------------
IN: 
0x00009034:  
OBJD-T: f3aa

----------------
IN: 
0x00009036:  
OBJD-T: 8915a00f0100e8ce310000

----------------
IN: 
0x0000c20f:  
OBJD-T: 5589e557565383ec2ce87dfaffff

----------------
IN: 
0x0000bc9a:  
OBJD-T: 5589e557565383ec2c9c5889c13500002000509d

----------------
IN: 
0x0000bcae:  
OBJD-T: 9c5831c885c07466

----------------
IN: 
0x0000bcb6:  
OBJD-T: 31c00fa289c6895ddc894de48955e0b90c000000ba68fa00008d45dce8190a00
OBJD-T: 00

----------------
IN: 
0x0000c6f0:  
OBJD-T: 5589e5565389c389d601c139cb7412

----------------
IN: 
0x0000c6ff:  
OBJD-T: 0fb6030fb61638d07404

----------------
IN: 
0x0000c709:  
OBJD-T: 29d0eb06

----------------
IN: 
0x0000c713:  
OBJD-T: 5b5e5dc3

----------------
IN: 
0x0000bcd7:  
OBJD-T: 85c07541

----------------
IN: 
0x0000bd1c:  
OBJD-T: b8980f01002d0090f0ffa3c0830100e832350000

----------------
IN: 
0x0000f262:  
OBJD-T: 5589e583ec08833d2c87010000740c

----------------
IN: 
0x0000f27d:  
OBJD-T: 8b15ec08010085d27511

----------------
IN: 
0x0000f287:  
OBJD-T: bae0080100b82c870100e805cfffff

----------------
IN: 
0x0000c19b:  
OBJD-T: 8942048b0885c97403

----------------
IN: 
0x0000c1a7:  
OBJD-T: 890a8910c3

----------------
IN: 
0x0000f296:  
OBJD-T: eb0b

----------------
IN: 
0x0000f2a3:  
OBJD-T: 833d2887010000740c

----------------
IN: 
0x0000f2b8:  
OBJD-T: 8b154c09010085d27510

----------------
IN: 
0x0000f2c2:  
OBJD-T: ba40090100b828870100c9e9c9ceffff

----------------
IN: 
0x0000bd30:  
OBJD-T: 31d2b8f9ba0000e82f010000

----------------
IN: 
0x0000be6b:  
OBJD-T: 5589e557565383ec4c8945c48955c0bb008006008d43048945b4c1e804668945
OBJD-T: b231c08945b88945bcb91800000031d289d8e8ea090000

----------------
IN: 
0x0000c88c:  
OBJD-T: 5589e557565383ec0889c38855f383f90b7712

----------------
IN: 
0x0000c8b1:  
OBJD-T: 0fb6d269c2010101018945ec89d8f6c3037409

----------------
IN: 
0x0000c8cd:  
OBJD-T: 89c28d3408eb04

----------------
IN: 
0x0000c8d8:  
OBJD-T: 89f729d783ff0376c0

----------------
IN: 
0x0000c8e1:  
OBJD-T: 8b7dec893a83c204ebed

----------------
IN: 
0x0000c8a1:  
OBJD-T: 89cac1ea026bd2fc01d129d001c1eb3a

----------------
IN: 
0x0000c8eb:  
OBJD-T: 39c87408

----------------
IN: 
0x0000c8f7:  
OBJD-T: 89d85a595b5e5f5dc3

----------------
IN: 
0x0000bea2:  
OBJD-T: 66c745d00002668b45b2668945cc8b45b483e00f8945dc8b45bc8945d4c745d8
OBJD-T: 14000000c745e450414d53c745c820e800008d55c8b815000000e8bbd1ffff

----------------
IN: 
0x0000909c:  
OBJD-T: 9cfa9d

----------------
IN: 
0x0000909f:  
OBJD-T: 55515053565752a2039100008b02a3fe900000668b420466a3ee900000668b42
OBJD-T: 0666a3f3900000668b420866a3f89000008b5a0c8b4a108b7a148b72188b521c
OBJD-T: 9090a145900000ffd0

----------------
IN: 
0x00008327:  
OBJD-T: 0f0115c08200000f010dcc8200000f011dc682000089e0a3648200008b0424a3
OBJD-T: f01f0000b8f01f000089c489c566b820008ed8

----------------
IN: 
0x0000835a:  
OBJD-T: 8ec0

----------------
IN: 
0x0000835c:  
OBJD-T: 8ee08ee88ed0

----------------
IN: 
0x00008362:  
OBJD-T: ea698300001800

----------------
IN: 
0x00008369:  
OBJD-T: 0f20c0

----------------
IN: 
0x0000836c:  
OBJD-T: 6683e0fe0f22c0

----------------
IN: 
0x00008373:  
OBJD-T: 66ea7b8300000000

----------------
IN: 
0x0000837b:  
OBJD-T: 6631c08ed88ec08ee08ee88ed0

----------------
IN: 
0x00008388:  
OBJD-T: fb

----------------
IN: 
0x00008389:  
OBJD-T: 66c3

----------------
IN: 
0x000090e8:  
OBJD-T: 9cfa8cd850b800688ec0b800008ed8b80002509d

----------------
IN: 
0x000090fc:  
OBJD-T: 66b820e80000cd15

----------------
IN: 
0x000ff859:  
OBJD-T: 80fc890f84e1d9

----------------
IN: 
0x000ff860:  
OBJD-T: 66683fbd0000e905db

----------------
IN: 
0x000fbd3f:  
OBJD-T: 66556657665666536683ec086689c3678a401d3c860f849802

----------------
IN: 
0x000fbd58:  
OBJD-T: 7730

----------------
IN: 
0x000fbd8a:  
OBJD-T: 3cc00f84f903

----------------
IN: 
0x000fbd90:  
OBJD-T: 7717

----------------
IN: 
0x000fbda9:  
OBJD-T: 3cc20f84ed03

----------------
IN: 
0x000fbdaf:  
OBJD-T: 3ce80f84ec05

----------------
IN: 
0x000fc3a1:  
OBJD-T: 678a431c3c017407

----------------
IN: 
0x000fc3a9:  
OBJD-T: 3c207444

----------------
IN: 
0x000fc3f1:  
OBJD-T: 2e668b1604566766817b1450414d537513

----------------
IN: 
0x000fc402:  
OBJD-T: 67660fb773106639f27e08

----------------
IN: 
0x000fc40d:  
OBJD-T: 6766837b1813770c

----------------
IN: 
0x000fc421:  
OBJD-T: 8ccd67660fb77b04678e4302666bf6146681c62056000066b9140000008cd88e
OBJD-T: ddf3a4

----------------
IN: 
0x000fc442:  
OBJD-T: f3a4

----------------
IN: 
0x000fc444:  
OBJD-T: 8ed867660fb74b10664a6631c06639d17407

----------------
IN: 
0x000fc456:  
OBJD-T: 67668b4310664067668943106766c7431c50414d536766c74318140000006783
OBJD-T: 6324feeb24

----------------
IN: 
0x000fc49f:  
OBJD-T: 6683c408665b665e665f665d66c3

----------------
IN: 
0x00009104:  
OBJD-T: 2e66a3fe908cd82ea3f390588ed89c58a3f8908cc0a3ee909d

----------------
IN: 
0x0000911d:  
OBJD-T: 909066a1419066ffd0

----------------
IN: 
0x000082ef:  
OBJD-T: 66b810008ed8

----------------
IN: 
0x000082f5:  
OBJD-T: 8ec0

----------------
IN: 
0x00009126:  
OBJD-T: 5889580c89481089781489701889501c89c2a1fe900000890266a1ee90000066
OBJD-T: 89420466a1f39000006689420666a1f8900000668942085f5e5b58595dc3

----------------
IN: 
0x0000bee1:  
OBJD-T: 31c0f645d0017519

----------------
IN: 
0x0000bee9:  
OBJD-T: 817dc850414d537510

----------------
IN: 
0x0000bef2:  
OBJD-T: 8b45d88d50ec81faec0300007602

----------------
IN: 
0x0000bf02:  
OBJD-T: 89038b7dd4897dbc85c0743a

----------------
IN: 
0x0000bf0e:  
OBJD-T: 8b730c8b7b1085ff7504

----------------
IN: 
0x0000bf18:  
OBJD-T: 85f67422

----------------
IN: 
0x0000bf1c:  
OBJD-T: 8b43048b5308ff75c0ff731457568b4dc4ffd1

----------------
IN: 
0x0000baf9:  
OBJD-T: 5589e55756538b75088b7d0cb9ffff0f0039c1b90000000019d17227

----------------
IN: 
0x0000bb15:  
OBJD-T: b90000100031db29c119d339f119fb734e

----------------
IN: 
0x0000bb74:  
OBJD-T: 31c05b5e5f5dc21000

----------------
IN: 
0x0000bf2f:  
OBJD-T: 85c00f8504010000

----------------
IN: 
0x0000bf37:  
OBJD-T: c745b801000000837dbc000f854cffffff

----------------
IN: 
0x0000be94:  
OBJD-T: b91800000031d289d8e8ea090000

----------------
IN: 
0x000090e8:  
OBJD-T: 9cfa8cd850b800688ec0b800008ed8b80002509d

----------------
IN: 
0x000090fc:  
OBJD-T: 66b820e80000cd15

----------------
IN: 
0x000090e8:  
OBJD-T: 9cfa8cd850b800688ec0b800008ed8b80002509d

----------------
IN: 
0x000090fc:  
OBJD-T: 66b820e80000cd15

----------------
IN: 
0x000090e8:  
OBJD-T: 9cfa8cd850b800688ec0b800008ed8b80002509d

----------------
IN: 
0x000090fc:  
OBJD-T: 66b820e80000cd15

----------------
IN: 
0x0000bb3c:  
OBJD-T: 83fa007733

----------------
IN: 
0x0000bb41:  
OBJD-T: 837d1001752d

----------------
IN: 
0x0000bb47:  
OBJD-T: 89c101f011fa83fa007604

----------------
IN: 
0x0000bb56:  
OBJD-T: a1c883010083f8207414

----------------
IN: 
0x0000bb60:  
OBJD-T: 890cc5e08301008934c5e483010040a3c883010031c05b5e5f5dc21000

----------------
IN: 
0x000090e8:  
OBJD-T: 9cfa8cd850b800688ec0b800008ed8b80002509d

----------------
IN: 
0x000090fc:  
OBJD-T: 66b820e80000cd15

----------------
IN: 
0x000090e8:  
OBJD-T: 9cfa8cd850b800688ec0b800008ed8b80002509d

----------------
IN: 
0x000090fc:  
OBJD-T: 66b820e80000cd15

----------------
IN: 
0x000fc45d:  
OBJD-T: 67668943106766c7431c50414d536766c743181400000067836324feeb24

----------------
IN: 
0x0000bf48:  
OBJD-T: 837db8000f85e9000000

----------------
IN: 
0x0000c03b:  
OBJD-T: 31c08d65f45b5e5f5dc3

----------------
IN: 
0x0000bd3c:  
OBJD-T: 8b0dc88301008d41ff8945d031c08b7dd039f87d51

----------------
IN: 
0x0000bda2:  
OBJD-T: 31db8b15c88301008d42ff39c37d5c

----------------
IN: 
0x0000be0d:  
OBJD-T: e8e8030000

----------------
IN: 
0x0000c1fa:  
OBJD-T: a1c083010085c0740b

----------------
IN: 
0x0000c203:  
OBJD-T: 81386d696d677503

----------------
IN: 
0x0000c20b:  
OBJD-T: 034008c3

----------------
IN: 
0x0000be12:  
OBJD-T: 89c631db391dc88301007e28

----------------
IN: 
0x0000be1e:  
OBJD-T: 8b04dde08301008b14dde483010001c285f67406

----------------
IN: 
0x0000be32:  
OBJD-T: 39f07302

----------------
IN: 
0x0000be36:  
OBJD-T: 89f039d07307

----------------
IN: 
0x0000be3c:  
OBJD-T: 29c2e867220000

----------------
IN: 
0x0000e0aa:  
OBJD-T: 5589e557565383ec2489c38955e489d001d85053684efc00006877fc000068a5
OBJD-T: 000000687ffc0000e82af7ffff

----------------
IN: 
0x0000d801:  
OBJD-T: 5589e583ec088b4510e802f1ffff

----------------
IN: 
0x0000c911:  
OBJD-T: 5589e557565383ec1c8945e4b8d8fa0000e86de6ffff

----------------
IN: 
0x0000af94:  
OBJD-T: 5589e583ec08e8dafeffff

----------------
IN: 
0x0000ae79:  
OBJD-T: 5589e5565389c389c131c00fbe1184d27408

----------------
IN: 
0x0000ae8b:  
OBJD-T: 418d149201d0ebf1

----------------
IN: 
0x0000ae84:  
OBJD-T: 0fbe1184d27408

----------------
IN: 
0x0000ae93:  
OBJD-T: b90d00000031d2f7f1a1200701008b349085f67412

----------------
IN: 
0x0000aeba:  
OBJD-T: 89f05b5e5dc3

----------------
IN: 
0x0000af9f:  
OBJD-T: 85c0740f

----------------
IN: 
0x0000afb2:  
OBJD-T: c9c3

----------------
IN: 
0x0000c927:  
OBJD-T: 31db85c00f84e0000000

----------------
IN: 
0x0000ca11:  
OBJD-T: 89d883c41c5b5e5f5dc3

----------------
IN: 
0x0000d80f:  
OBJD-T: 85c07426

----------------
IN: 
0x0000d839:  
OBJD-T: c9c3

----------------
IN: 
0x0000e0d7:  
OBJD-T: 83c42081fbffefffff0f87ff010000

----------------
IN: 
0x0000e0e6:  
OBJD-T: 8d83001000008b7de401f8730a

----------------
IN: 
0x0000e0fd:  
OBJD-T: 8b3504860100c745e00486010085f60f844c010000

----------------
IN: 
0x0000e25e:  
OBJD-T: 5050ff75e453682dfd00006877fc00006812010000687ffc0000e884f5ffff

----------------
IN: 
0x0000e27d:  
OBJD-T: 8d530f83e2f089d029d883c03083c4203945e47253

----------------
IN: 
0x0000e292:  
OBJD-T: 89d129d98b45e429c883e8208d5a20895a20c7422808283c2d89c6c1ee048972
OBJD-T: 24891a894a0889c183e1f0894a1029c889420ca104860100bb0486010085c074
OBJD-T: 0d

----------------
IN: 
0x0000e2e0:  
OBJD-T: 89138942048d65f45b5e5f5dc3

----------------
IN: 
0x0000be43:  
OBJD-T: 43ebd0

----------------
IN: 
0x0000be16:  
OBJD-T: 391dc88301007e28

----------------
IN: 
0x0000be46:  
OBJD-T: 83c42c5b5e5f5de930020000

----------------
IN: 
0x0000c082:  
OBJD-T: 9c5889c13500002000509d

----------------
IN: 
0x0000c08d:  
OBJD-T: 9c5831c885c07444

----------------
IN: 
0x0000c095:  
OBJD-T: 5589e55351b8010000000fa280e210b87dbb00007429

----------------
IN: 
0x0000c0ab:  
OBJD-T: 31c00fa20f31

----------------
IN: 
0x0000c0b1:  
OBJD-T: a3e88401008915ec840100e822000000

----------------
IN: 
0x0000c0e3:  
OBJD-T: 5589e557565383ec0c31c00fa20f31

----------------
IN: 
0x0000c0f2:  
OBJD-T: 89c6e461

----------------
IN: 
0x0000c0f6:  
OBJD-T: 83e0fce661

----------------
IN: 
0x0000c0fb:  
OBJD-T: b0b0e643

----------------
IN: 
0x0000c0ff:  
OBJD-T: b0ffe642

----------------
IN: 
0x0000c103:  
OBJD-T: e642

----------------
IN: 
0x0000c105:  
OBJD-T: e461

----------------
IN: 
0x0000c107:  
OBJD-T: 83e0fc83c801e661

----------------
IN: 
0x0000c10f:  
OBJD-T: e461

----------------
IN: 
0x0000c111:  
OBJD-T: 31dba820750b

----------------
IN: 
0x0000c117:  
OBJD-T: e461

----------------
IN: 
0x0000c119:  
OBJD-T: a82074fa

----------------
IN: 
0x0000c11d:  
OBJD-T: bb01000000e461

----------------
IN: 
0x0000c124:  
OBJD-T: 83e0fce661

----------------
IN: 
0x0000c129:  
OBJD-T: 85db743f

----------------
IN: 
0x0000c12d:  
OBJD-T: 89d731c00fa20f31

----------------
IN: 
0x0000c135:  
OBJD-T: 31c9890de084010039c689f919d1731b

----------------
IN: 
0x0000c145:  
OBJD-T: 516a0029f019fa525031c0ba37000000e82c090000

----------------
IN: 
0x0000ca86:  
OBJD-T: 5589e557565383ec1c89c689d78b45088b550c8945e88955ecbafeffffff31c0
OBJD-T: 8b5de839da89c31b5dec722f

----------------
IN: 
0x0000cab2:  
OBJD-T: 39f219f87229

----------------
IN: 
0x0000cae1:  
OBJD-T: c745dc4000000031c931db31c08945e08945e401c911db85ff7903

----------------
IN: 
0x0000caff:  
OBJD-T: 8b45e08b55e40145e01155e401f611ff8b45e839c189d81b45ec720a

----------------
IN: 
0x0000cb25:  
OBJD-T: ff4ddc75ca

----------------
IN: 
0x0000caf4:  
OBJD-T: 01c911db85ff7903

----------------
IN: 
0x0000cafc:  
OBJD-T: 83c9018b45e08b55e40145e01155e401f611ff8b45e839c189d81b45ec720a

----------------
IN: 
0x0000cb1b:  
OBJD-T: 834de0012b4de81b5decff4ddc75ca

----------------
IN: 
0x0000cb2a:  
OBJD-T: 837d10007408

----------------
IN: 
0x0000cb38:  
OBJD-T: 8b45e08b55e483c41c5b5e5f5dc20c00

----------------
IN: 
0x0000c15a:  
OBJD-T: a3e08401005b31db833de0840100000f95c389d88d65f45b5e5f5dc3

----------------
IN: 
0x0000c0c1:  
OBJD-T: 85c0750a

----------------
IN: 
0x0000c0cf:  
OBJD-T: b845c000005a5b5deb05

----------------
IN: 
0x0000c0de:  
OBJD-T: e9b92e0000

----------------
IN: 
0x0000ef9c:  
OBJD-T: a338870100c3

----------------
IN: 
0x0000c21d:  
OBJD-T: 8b1d2c87010085db7411

----------------
IN: 
0x0000c227:  
OBJD-T: 8b4b3085c97406

----------------
IN: 
0x0000c22e:  
OBJD-T: 31d289d8ffd1

----------------
IN: 
0x0000f046:  
OBJD-T: 5589e55383ec2489d366833d3c870100007541

----------------
IN: 
0x0000f059:  
OBJD-T: c745d80003000031c08945e466c745e000028d55d8b810000000e824a0ffff

----------------
IN: 
0x000090e8:  
OBJD-T: 9cfa8cd850b847658ec0b86e758ed8b80002509d

----------------
IN: 
0x000090fc:  
OBJD-T: 66b800030000cd10

----------------
IN: 
0x000c49f7:  
OBJD-T: 66b8400000008ec026a160006789431867660fb6431150e82fc4

----------------
IN: 
0x000c4a11:  
OBJD-T: 67894314e9380b

----------------
IN: 
0x000c5550:  
OBJD-T: 8d66f4665b665e665f665dc20200

----------------
IN: 
0x0000f078:  
OBJD-T: 8b45e889c166c1e9080fb6d06639d17308

----------------
IN: 
0x0000f089:  
OBJD-T: 66a33c870100eb09

----------------
IN: 
0x0000f09a:  
OBJD-T: b80020000085db7407

----------------
IN: 
0x0000f0aa:  
OBJD-T: 8945e8c745d80001000066c745e000028d55d8b810000000e8d59fffff

----------------
IN: 
0x000090e8:  
OBJD-T: 9cfa8cd850b847658ec0b86e758ed8b80002509d

----------------
IN: 
0x000090fc:  
OBJD-T: 66b800010000cd10

----------------
IN: 
0x000c49d4:  
OBJD-T: 67660fb743188d66f4665b665e665f665de972bf

----------------
IN: 
0x000c095a:  
OBJD-T: 66556689e566576656665366526689c266b8400000008ec026891660008ec026
OBJD-T: a160006689c1268a16870080e2017575

----------------
IN: 
0x000c098a:  
OBJD-T: 268b3e850083ff08766b

----------------
IN: 
0x000c0994:  
OBJD-T: 6689c3c1eb086689c66683e61888da6683e220678855f36689f2670a55f3754b

----------------
IN: 
0x000c09ff:  
OBJD-T: 50e803ff

----------------
IN: 
0x000c0a03:  
OBJD-T: 6689c26689c830c06683c80aef

----------------
IN: 
0x000c0a10:  
OBJD-T: 6689c866c1e0086683c80bef

----------------
IN: 
0x000c0a1c:  
OBJD-T: 6658665b665e665f665dc20200

----------------
IN: 
0x0000f0c7:  
OBJD-T: 83c4245b5dc3

----------------
IN: 
0x0000c234:  
OBJD-T: 8b1bebeb

----------------
IN: 
0x0000c223:  
OBJD-T: 85db7411

----------------
IN: 
0x0000c238:  
OBJD-T: 8b15c083010085d27460

----------------
IN: 
0x0000c242:  
OBJD-T: 813a6d696d677558

----------------
IN: 
0x0000c24a:  
OBJD-T: 8b5a0401d385db744f

----------------
IN: 
0x0000c253:  
OBJD-T: 8b420801d039c37346

----------------
IN: 
0x0000c25c:  
OBJD-T: 8b4304833b02740a

----------------
IN: 
0x0000c264:  
OBJD-T: 83c00383e0fc01c3ebe1

----------------
IN: 
0x0000c24f:  
OBJD-T: 85db744f

----------------
IN: 
0x0000c26e:  
OBJD-T: 83e807e8261d0000

----------------
IN: 
0x0000df9c:  
OBJD-T: 89c231c0e9edfcffff

----------------
IN: 
0x0000dc92:  
OBJD-T: 5589e557565383ec5c833d04860100000f8498020000

----------------
IN: 
0x0000dca8:  
OBJD-T: 89c601d60f828e020000

----------------
IN: 
0x0000dcb2:  
OBJD-T: 8975d881feffffefff0f877f020000

----------------
IN: 
0x0000dcc1:  
OBJD-T: 83c20fc1ea048d72018975e4c1e8048945c48945d07507

----------------
IN: 
0x0000dcd8:  
OBJD-T: c745d00100000031c9894dd48b45e48945b031db895db4a1048601008945e083
OBJD-T: 7de0000f84a8010000

----------------
IN: 
0x0000dd01:  
OBJD-T: 8b45e08b38817f08a48fb06d0f848b010000

----------------
IN: 
0x0000dd13:  
OBJD-T: 8b0789fe8b5dd0895da031d28955a48d5010c1ea048b5dd08d4bff31db895dc8
OBJD-T: 895dcc21ca7411

----------------
IN: 
0x0000dd4b:  
OBJD-T: 85c0750a

----------------
IN: 
0x0000dd59:  
OBJD-T: 8b500881fa08283c2d740d

----------------
IN: 
0x0000dd71:  
OBJD-T: 8b50048955b831c9894dbc8b4db08b5db4034dc8135dcc894da8895dac8b5da8
OBJD-T: 39da8b5dbc1b5dac0f82f2000000

----------------
IN: 
0x0000dd9f:  
OBJD-T: 8b4db88b5dbc2b4db01b5db42b4dc81b5dcc894dd8895ddc8b4dd0f7d931db23
OBJD-T: 4dd8235ddc034dc8135dcc894dd8895ddc8b4dd88b5ddc09d9750e

----------------
IN: 
0x0000dde8:  
OBJD-T: 89d78b5de429df837dc4017615

----------------
IN: 
0x0000de0a:  
OBJD-T: 897804c1e70401f8eb54

----------------
IN: 
0x0000de68:  
OBJD-T: c74008a48fb06d8b7de489780481ffff0700007607

----------------
IN: 
0x0000de84:  
OBJD-T: 8b7de0893783c010e9c2000000

----------------
IN: 
0x0000df53:  
OBJD-T: 8d65f45b5e5f5dc3

----------------
IN: 
0x0000c276:  
OBJD-T: a3f084010085c07507

----------------
IN: 
0x0000c286:  
OBJD-T: 8b7b048d4ff88d5308e8f9030000

----------------
IN: 
0x0000c68d:  
OBJD-T: 5589e5575689d639d0730b

----------------
IN: 
0x0000c6a3:  
OBJD-T: 83e9017208

----------------
IN: 
0x0000c6a8:  
OBJD-T: 8a140e881408ebf3

----------------
IN: 
0x0000c6b0:  
OBJD-T: 5e5f5dc3

----------------
IN: 
0x0000c294:  
OBJD-T: 8b43048b15f0840100c64402f800e867300000

----------------
IN: 
0x0000f30e:  
OBJD-T: 5589e55350bb800901008b0385c07418

----------------
IN: 
0x0000f31e:  
OBJD-T: 8b4b088b530483ec0c6a00e8a2b1ffff

----------------
IN: 
0x0000a4d0:  
OBJD-T: 5589e557565383ec1c89c389d789ceb814000000e8b33a0000

----------------
IN: 
0x0000a4e9:  
OBJD-T: 85c07423

----------------
IN: 
0x0000a4ed:  
OBJD-T: 89c1837d08007422

----------------
IN: 
0x0000a517:  
OBJD-T: 8958048979088b450889411089710c31d20fbe0384c0740b

----------------
IN: 
0x0000a52f:  
OBJD-T: 69d23f0001004301c2ebee

----------------
IN: 
0x0000a528:  
OBJD-T: 0fbe0384c0740b

----------------
IN: 
0x0000a53a:  
OBJD-T: 89d0c1e80501d0bbfd01000031d2f7f38b0495e06f01008901890c95e06f0100
OBJD-T: 31c083c41c5b5e5f5dc20400

----------------
IN: 
0x0000f32e:  
OBJD-T: 83c30c83c40cebe2

----------------
IN: 
0x0000f318:  
OBJD-T: 8b0385c07418

----------------
IN: 
0x0000f336:  
OBJD-T: 8b5dfcc9c3

----------------
IN: 
0x0000c2a7:  
OBJD-T: a1c083010031db85c0742b

----------------
IN: 
0x0000c2b2:  
OBJD-T: 81386d696d677523

----------------
IN: 
0x0000c2ba:  
OBJD-T: 03400489c3eb1c

----------------
IN: 
0x0000c2dd:  
OBJD-T: a1c083010085db75db

----------------
IN: 
0x0000c2c1:  
OBJD-T: 8b500801c239d3734e

----------------
IN: 
0x0000c2ca:  
OBJD-T: 8b5304833b007416

----------------
IN: 
0x0000c2e8:  
OBJD-T: 83ea088d4308e83beaffff

----------------
IN: 
0x0000ad2e:  
OBJD-T: 5589e583ec18e8acf9ffff

----------------
IN: 
0x0000a6e5:  
OBJD-T: 5589e557565383ec3489c389d652506887f6000068a1f60000687702000068a9
OBJD-T: f60000e8f4300000

----------------
IN: 
0x0000a70d:  
OBJD-T: 83c42083fe337709

----------------
IN: 
0x0000a71e:  
OBJD-T: 813b7f454c46750c

----------------
IN: 
0x0000a726:  
OBJD-T: 807b06017506

----------------
IN: 
0x0000a72c:  
OBJD-T: 837b14017416

----------------
IN: 
0x0000a748:  
OBJD-T: 89d8e8f1120000

----------------
IN: 
0x0000ba40:  
OBJD-T: 668178040101750b

----------------
IN: 
0x0000ba48:  
OBJD-T: 89c231c066837a12037417

----------------
IN: 
0x0000ba6a:  
OBJD-T: c3

----------------
IN: 
0x0000a74f:  
OBJD-T: 8945e0837de0007518

----------------
IN: 
0x0000a758:  
OBJD-T: 66837b10017418

----------------
IN: 
0x0000a777:  
OBJD-T: 0fb7432e0fb753300fafc203432039c6730b

----------------
IN: 
0x0000a794:  
OBJD-T: b834000000e807380000

----------------
IN: 
0x0000dfa5:  
OBJD-T: 5589e5565389c689c231c0e8ddfcffff

----------------
IN: 
0x0000dfb5:  
OBJD-T: 89c385c07409

----------------
IN: 
0x0000dfbb:  
OBJD-T: 89f131d2e8c8e8ffff

----------------
IN: 
0x0000dfc4:  
OBJD-T: 89d85b5e5dc3

----------------
IN: 
0x0000a79e:  
OBJD-T: 89c785c074cc

----------------
IN: 
0x0000a7a4:  
OBJD-T: c740040100000031c089470883ec0c576838f7000068a1f60000689002000068
OBJD-T: a9f60000e834300000

----------------
IN: 
0x0000a7cd:  
OBJD-T: 83c420ba4af7000089d8e85cfcffff

----------------
IN: 
0x0000a438:  
OBJD-T: 5589e557565383ec1c89c38955e40fb740320fb7532e0fafc28b732001de8b4c
OBJD-T: 301031ff0fb7433039c77321

----------------
IN: 
0x0000a464:  
OBJD-T: 89c8894de0030601d88b55e4e8a2220000

----------------
IN: 
0x0000c717:  
OBJD-T: 5589e5565389c631db0fb6041e0fb60c1a84c07409

----------------
IN: 
0x0000c735:  
OBJD-T: 29c85b5e5dc3

----------------
IN: 
0x0000a475:  
OBJD-T: 85c0740e

----------------
IN: 
0x0000a479:  
OBJD-T: 470fb7432e01c68b4de0ebd7

----------------
IN: 
0x0000a45c:  
OBJD-T: 0fb7433039c77321

----------------
IN: 
0x0000c72c:  
OBJD-T: 4338c87504

----------------
IN: 
0x0000c731:  
OBJD-T: 84c975eb

----------------
IN: 
0x0000c720:  
OBJD-T: 0fb6041e0fb60c1a84c07409

----------------
IN: 
0x0000a487:  
OBJD-T: 89f083c41c5b5e5f5dc3

----------------
IN: 
0x0000a7dc:  
OBJD-T: 85c07513

----------------
IN: 
0x0000a7f3:  
OBJD-T: 8b481001d989c8e81c220000

----------------
IN: 
0x0000ca1b:  
OBJD-T: 5589e5565389c3e8d9feffff

----------------
IN: 
0x0000c900:  
OBJD-T: 89c189c2803a007403

----------------
IN: 
0x0000c909:  
OBJD-T: 42ebf8

----------------
IN: 
0x0000c904:  
OBJD-T: 803a007403

----------------
IN: 
0x0000c90c:  
OBJD-T: 89d029c8c3

----------------
IN: 
0x0000ca27:  
OBJD-T: 8d700189f0e86b150000

----------------
IN: 
0x0000ca31:  
OBJD-T: 85c0740c

----------------
IN: 
0x0000ca35:  
OBJD-T: 89f189da5b5e5de94cfcffff

----------------
IN: 
0x0000a7ff:  
OBJD-T: 890785c0741c

----------------
IN: 
0x0000a805:  
OBJD-T: ba68f7000089d8e827fcffff

----------------
IN: 
0x0000a811:  
OBJD-T: 89c685c0751d

----------------
IN: 
0x0000a834:  
OBJD-T: 8b401001d8ba9bf70000e8d41e0000

----------------
IN: 
0x0000a843:  
OBJD-T: 85c07512

----------------
IN: 
0x0000a859:  
OBJD-T: 8b461001d8bab2f70000e8af1e0000

----------------
IN: 
0x0000a868:  
OBJD-T: 85c074db

----------------
IN: 
0x0000a847:  
OBJD-T: baa9f7000089d8e8e5fbffff

----------------
IN: 
0x0000a485:  
OBJD-T: 31f689f083c41c5b5e5f5dc3

----------------
IN: 
0x0000a853:  
OBJD-T: 85c07545

----------------
IN: 
0x0000a857:  
OBJD-T: eb74

----------------
IN: 
0x0000a8cd:  
OBJD-T: 8b432001d88945e40fb74b30894dd831f631d28955dcb901000000eb59

----------------
IN: 
0x0000a943:  
OBJD-T: 8b45d83945dc72d0

----------------
IN: 
0x0000a91b:  
OBJD-T: 8b45e48b50208d4432ff89d6f7de21f089c68b45e403701439d17302

----------------
IN: 
0x0000a939:  
OBJD-T: ff45dc0fb7532e0155e48b45d83945dc72d0

----------------
IN: 
0x0000a937:  
OBJD-T: 89d1ff45dc0fb7532e0155e48b45d83945dc72d0

----------------
IN: 
0x0000a94b:  
OBJD-T: 89f289c8e83e330000

----------------
IN: 
0x0000dcdf:  
OBJD-T: 31c9894dd48b45e48945b031db895db4a1048601008945e0837de0000f84a801
OBJD-T: 0000

----------------
IN: 
0x0000dd3a:  
OBJD-T: 8b4da08b5da429d183db00894dc8895dcc85c0750a

----------------
IN: 
0x0000ddf5:  
OBJD-T: 8b4db08b5db4034dd8135ddc395dbc750e

----------------
IN: 
0x0000de06:  
OBJD-T: 39ca750a

----------------
IN: 
0x0000a954:  
OBJD-T: 8945d889472885c07469

----------------
IN: 
0x0000a95e:  
OBJD-T: 89772c8b732001de31c08945d4eb3a

----------------
IN: 
0x0000a9a7:  
OBJD-T: 0fb743303945d47370

----------------
IN: 
0x0000a9b0:  
OBJD-T: f646080274e8

----------------
IN: 
0x0000a99e:  
OBJD-T: ff45d40fb7432e01c60fb743303945d47370

----------------
IN: 
0x0000a9b6:  
OBJD-T: b810000000e8dc350000

----------------
IN: 
0x0000a9c0:  
OBJD-T: 8945e485c075a6

----------------
IN: 
0x0000a96d:  
OBJD-T: 8b4e1431c08945dc85c9755d

----------------
IN: 
0x0000a9d6:  
OBJD-T: 8b46208b55d88d5402fff7d821c28955dc89d001c88945d88b460483f8017418

----------------
IN: 
0x0000aa0e:  
OBJD-T: 8b561001da8b45dce8721c0000

----------------
IN: 
0x0000aa1b:  
OBJD-T: e959ffffff

----------------
IN: 
0x0000a979:  
OBJD-T: 8b45e48b4ddc8948048b46148b4de489410889c88b4dd489480c8b47148b4de4
OBJD-T: 8901894f14ff45d40fb7432e01c60fb743303945d47370

----------------
IN: 
0x0000a9f6:  
OBJD-T: 83f8080f857affffff

----------------
IN: 
0x0000a9ff:  
OBJD-T: 31d28b45dce8831e0000

----------------
IN: 
0x0000c89f:  
OBJD-T: eb0c

----------------
IN: 
0x0000c8ad:  
OBJD-T: 01c1eb3a

----------------
IN: 
0x0000c8ef:  
OBJD-T: 8a55f3881040ebf4

----------------
IN: 
0x0000aa09:  
OBJD-T: e96bffffff

----------------
IN: 
0x0000aa20:  
OBJD-T: 8b4b208d040b0fb773308975e431d28b75e439f2730f

----------------
IN: 
0x0000aa36:  
OBJD-T: 837804027415

----------------
IN: 
0x0000aa3c:  
OBJD-T: 420fb7732e01f0ebea

----------------
IN: 
0x0000aa2f:  
OBJD-T: 8b75e439f2730f

----------------
IN: 
0x0000aa51:  
OBJD-T: 8b701001de8977188b50248955dc89571c0fb7532e0faf501801ca8b4c131089
OBJD-T: 4dd08b401431d2f775dc8945cc31c08945d48b4dcc394dd474bc

----------------
IN: 
0x0000aa8b:  
OBJD-T: 8a560c88d083e00f8b0e3c030f8458010000

----------------
IN: 
0x0000aa9d:  
OBJD-T: f6c20c751a

----------------
IN: 
0x0000aaa2:  
OBJD-T: c0ea048855d88b55d001ca01da8955e43c020f84d0000000

----------------
IN: 
0x0000aaba:  
OBJD-T: eb12

----------------
IN: 
0x0000aace:  
OBJD-T: 0fb7560e85c9747f

----------------
IN: 
0x0000ab55:  
OBJD-T: 8b4714e834f9ffff

----------------
IN: 
0x0000a491:  
OBJD-T: 85c0740d

----------------
IN: 
0x0000a495:  
OBJD-T: 39500c7504

----------------
IN: 
0x0000a49e:  
OBJD-T: 8b00ebef

----------------
IN: 
0x0000a4a2:  
OBJD-T: c3

----------------
IN: 
0x0000ab5d:  
OBJD-T: 03460489c2894604807dd8000f84ad000000

----------------
IN: 
0x0000ac1c:  
OBJD-T: ff45d48b45dc01c6e95afeffff

----------------
IN: 
0x0000aa83:  
OBJD-T: 8b4dcc394dd474bc

----------------
IN: 
0x0000abf5:  
OBJD-T: 0fb7560e8b4714e890f8ffff

----------------
IN: 
0x0000a49a:  
OBJD-T: 8b4004c3

----------------
IN: 
0x0000ac01:  
OBJD-T: 894604eb16

----------------
IN: 
0x0000ab8a:  
OBJD-T: 0fb7560e8b4714e8fbf8ffff

----------------
IN: 
0x0000ab96:  
OBJD-T: 03460489c2894604807dd800741f

----------------
IN: 
0x0000abc3:  
OBJD-T: ba12f800008b45e4e8471b0000

----------------
IN: 
0x0000abd0:  
OBJD-T: 85c07508

----------------
IN: 
0x0000abd4:  
OBJD-T: 8b4604894720eb40

----------------
IN: 
0x0000abdc:  
OBJD-T: ba20f800008b45e4e82e1b0000

----------------
IN: 
0x0000abe9:  
OBJD-T: 85c0752f

----------------
IN: 
0x0000abed:  
OBJD-T: 8b4604894724eb27

----------------
IN: 
0x0000aad6:  
OBJD-T: 6685d2757a

----------------
IN: 
0x0000aadb:  
OBJD-T: 31d28b4de40fbe0184c0740b

----------------
IN: 
0x0000aae7:  
OBJD-T: 69d23f0001004101c2ebee

----------------
IN: 
0x0000aae0:  
OBJD-T: 0fbe0184c0740b

----------------
IN: 
0x0000aaf2:  
OBJD-T: 89d0c1e80501d0b9fd01000031d2f7f18b0c95e06f010085c97419

----------------
IN: 
0x0000ab0d:  
OBJD-T: 8b4104894dc88b55e4e8fc1b0000

----------------
IN: 
0x0000ab1b:  
OBJD-T: 85c08b4dc87412

----------------
IN: 
0x0000ab34:  
OBJD-T: 8b410889460483790c000f84d8000000

----------------
IN: 
0x0000ab44:  
OBJD-T: 8a45d8c1e00483c00288460ce9c7000000

----------------
IN: 
0x0000ab22:  
OBJD-T: 8b09ebe3

----------------
IN: 
0x0000ab09:  
OBJD-T: 85c97419

----------------
IN: 
0x0000aa47:  
OBJD-T: 8b732001dee9fb010000

----------------
IN: 
0x0000ac4c:  
OBJD-T: 0fb743303945e072e1

----------------
IN: 
0x0000ac36:  
OBJD-T: 8b460483f8097419

----------------
IN: 
0x0000ac3e:  
OBJD-T: 83f8047414

----------------
IN: 
0x0000ac43:  
OBJD-T: ff45e00fb7432e01c60fb743303945e072e1

----------------
IN: 
0x0000ac57:  
OBJD-T: f646084074e6

----------------
IN: 
0x0000ac5d:  
OBJD-T: 8b471485c074df

----------------
IN: 
0x0000ac64:  
OBJD-T: 8b4e1c39480c7404

----------------
IN: 
0x0000ac6c:  
OBJD-T: 8b00ebf0

----------------
IN: 
0x0000ac60:  
OBJD-T: 85c074df

----------------
IN: 
0x0000ac70:  
OBJD-T: 837f1800751b

----------------
IN: 
0x0000ac91:  
OBJD-T: 83ec0c5089f189da89f8e8cb0d0000

----------------
IN: 
0x0000ba6b:  
OBJD-T: 5589e557565383ec1c89c389ce8b411001d08b491401c1894de48b55e439d073
OBJD-T: 61

----------------
IN: 
0x0000ba8c:  
OBJD-T: 8b108b7d08395708730b

----------------
IN: 
0x0000baa1:  
OBJD-T: 8b7d080357048b4804c1e9080faf4b1c034b180fb6780480780401740e

----------------
IN: 
0x0000babe:  
OBJD-T: 83ff027510

----------------
IN: 
0x0000bac3:  
OBJD-T: 8b3a29d7037904eb1a

----------------
IN: 
0x0000bae6:  
OBJD-T: 893a034624eb98

----------------
IN: 
0x0000ba85:  
OBJD-T: 8b55e439d07361

----------------
IN: 
0x0000bacc:  
OBJD-T: 8b7904033aeb13

----------------
IN: 
0x0000baed:  
OBJD-T: 31c08d65f45b5e5f5dc20400

----------------
IN: 
0x0000aca0:  
OBJD-T: 83c40c85c0749c

----------------
IN: 
0x0000ac55:  
OBJD-T: eb55

----------------
IN: 
0x0000acac:  
OBJD-T: 5050ff7728ff772c6867f8000068a1f60000684602000068a9f60000e8342b00
OBJD-T: 00

----------------
IN: 
0x0000accd:  
OBJD-T: 83c414ff376883f8000068a1f6000068a702000068a9f60000e8162b0000

----------------
IN: 
0x0000aceb:  
OBJD-T: 83c414ff77206894f8000068a1f6000068a802000068a9f60000e8f72a0000

----------------
IN: 
0x0000ad0a:  
OBJD-T: 83c42089f8e88ff7ffff

----------------
IN: 
0x0000a4a3:  
OBJD-T: 5589e5535289c38b00e85effffff

----------------
IN: 
0x0000a40f:  
OBJD-T: 5589e5565389c68b1dc06f010085db7412

----------------
IN: 
0x0000a432:  
OBJD-T: 89d85b5e5dc3

----------------
IN: 
0x0000a4b1:  
OBJD-T: 85c07414

----------------
IN: 
0x0000a4c9:  
OBJD-T: 31c08b5dfcc9c3

----------------
IN: 
0x0000ad14:  
OBJD-T: 85c0740c

----------------
IN: 
0x0000ad24:  
OBJD-T: 89f88d65f45b5e5f5dc3

----------------
IN: 
0x0000ad39:  
OBJD-T: 85c0741d

----------------
IN: 
0x0000ad3d:  
OBJD-T: 8b502085d27408

----------------
IN: 
0x0000ad44:  
OBJD-T: 8945f4ffd2

----------------
IN: 
0x07fddf3c:  
OBJD-T: 5589e55653bb00800600833dc80f010000740d

----------------
IN: 
0x07fddf5c:  
OBJD-T: c705cc0f010063dcfd07b92300000031d289d8e818e902f8

----------------
IN: 
0x07fddf74:  
OBJD-T: 66c70323ff0fb635a30f0100b9014b000089da89f0e8e4f7ffff

----------------
IN: 
0x07fdd772:  
OBJD-T: 5589e583ec280fb7c9894dd889d183e10f894df0c1ea04668955de0fb6c08945
OBJD-T: f466c745e000028d55d8b813000000e8f6b802f8

----------------
IN: 
0x000090e8:  
OBJD-T: 9cfa8cd850b818008ec0b800688ed8b80002509d

----------------
IN: 
0x000090fc:  
OBJD-T: 66b8014b0000cd13

----------------
IN: 
0x000fba50:  
OBJD-T: 67660fb77808678e0066b91300000066beecf500008cda8edbf3a4

----------------
IN: 
0x000fba69:  
OBJD-T: f3a4

----------------
IN: 
0x000fba6b:  
OBJD-T: 8eda6780781c00750a

----------------
IN: 
0x000fba7e:  
OBJD-T: 66ba00b40200665b665e665fe977b6

----------------
IN: 
0x07fdd7a6:  
OBJD-T: 31c0f645e001740d

----------------
IN: 
0x07fdd7bb:  
OBJD-T: c9c3

----------------
IN: 
0x07fddf8e:  
OBJD-T: 85c0750f

----------------
IN: 
0x07fddf92:  
OBJD-T: f643010f7509

----------------
IN: 
0x07fddf98:  
OBJD-T: 0fb64302a350e1fd0781fe8f0000007606

----------------
IN: 
0x07fddfa9:  
OBJD-T: 893550e1fd07b820e1fd075b5e5de938bd02f8

----------------
IN: 
0x00009cf4:  
OBJD-T: 8b15c00f010089501ca3c00f0100c3

----------------
IN: 
0x0000ad49:  
OBJD-T: 8b45f48b15c06f0100895030a3c06f0100c9c3

----------------
IN: 
0x0000c2f3:  
OBJD-T: 85c07511

----------------
IN: 
0x0000c308:  
OBJD-T: 833d407901000074c1

----------------
IN: 
0x0000c2d2:  
OBJD-T: 8b430483c00383e0fc01c3a1c083010085db75db

----------------
IN: 
0x0000aba4:  
OBJD-T: 83ec0c57b9010000008b45e4e81bf9ffff

----------------
IN: 
0x0000a4f5:  
OBJD-T: 8945e489d8e81c250000

----------------
IN: 
0x0000a4ff:  
OBJD-T: 8b4de489410485c07511

----------------
IN: 
0x0000a51a:  
OBJD-T: 8979088b450889411089710c31d20fbe0384c0740b

----------------
IN: 
0x0000abb5:  
OBJD-T: 83c40c85c07407

----------------
IN: 
0x0000a420:  
OBJD-T: 8b1389f0e8ee220000

----------------
IN: 
0x0000a429:  
OBJD-T: 85c07405

----------------
IN: 
0x0000a42d:  
OBJD-T: 8b5b30ebea

----------------
IN: 
0x0000a41c:  
OBJD-T: 85db7412

----------------
IN: 
0x0000ad4c:  
OBJD-T: 8b15c06f0100895030a3c06f0100c9c3

----------------
IN: 
0x0000a89c:  
OBJD-T: 8b701001de8b481401f1894de48b45e439c6731d

----------------
IN: 
0x0000a8b0:  
OBJD-T: 803e007418

----------------
IN: 
0x0000a8b5:  
OBJD-T: 89f0e826050000

----------------
IN: 
0x0000ade2:  
OBJD-T: 5589e557565383ec1c89c7b8a7f80000e89d010000

----------------
IN: 
0x0000adf7:  
OBJD-T: 89c689f8e80ff6ffff

----------------
IN: 
0x0000ae00:  
OBJD-T: 89c385c07569

----------------
IN: 
0x0000ae6f:  
OBJD-T: 89d88d65f45b5e5f5dc3

----------------
IN: 
0x0000a8bc:  
OBJD-T: 85c0752a

----------------
IN: 
0x0000a8ea:  
OBJD-T: 8945dce874fcffff

----------------
IN: 
0x0000a566:  
OBJD-T: 85c0743b

----------------
IN: 
0x0000a56a:  
OBJD-T: 5589e5565389c38b701085f6740c

----------------
IN: 
0x0000a584:  
OBJD-T: 8b43048b530883c00183d2008943048953087312

----------------
IN: 
0x0000a5aa:  
OBJD-T: 8d65f85b5e5dc3

----------------
IN: 
0x0000a8f2:  
OBJD-T: b808000000e8a0360000

----------------
IN: 
0x0000a8fc:  
OBJD-T: 85c08b4ddc74bd

----------------
IN: 
0x0000a903:  
OBJD-T: 8948048b5710891089471089f0e8eb1f0000

----------------
IN: 
0x0000a915:  
OBJD-T: 8d740601eb8e

----------------
IN: 
0x0000a8a9:  
OBJD-T: 8b45e439c6731d

----------------
IN: 
0x07fdbe8b:  
OBJD-T: 5589e5535289c3a38cc0fd07ba80c0fd07b8a4830100e8f50203f8

----------------
IN: 
0x07fdbea6:  
OBJD-T: 891dbcc0fd07595b5dc3

----------------
IN: 
0x0000c318:  
OBJD-T: 31c9894de0894de431db85c0742f

----------------
IN: 
0x0000c326:  
OBJD-T: 81386d696d677527

----------------
IN: 
0x0000c32e:  
OBJD-T: 8b500401c285d2741e

----------------
IN: 
0x0000c337:  
OBJD-T: 8b480801c139ca7315

----------------
IN: 
0x0000c340:  
OBJD-T: 833a037503

----------------
IN: 
0x0000c348:  
OBJD-T: 8b7a048d4f0383e1fc01caebde

----------------
IN: 
0x0000c333:  
OBJD-T: 85d2741e

----------------
IN: 
0x0000c345:  
OBJD-T: 8d5a088b7a048d4f0383e1fc01caebde

----------------
IN: 
0x0000c355:  
OBJD-T: b9c8c1000031d2b8b0f40000e866edffff

----------------
IN: 
0x0000b0cc:  
OBJD-T: 5589e557565383ec0c89c389d789cee899fdffff

----------------
IN: 
0x0000b0e0:  
OBJD-T: 85c0751e

----------------
IN: 
0x0000b0e4:  
OBJD-T: ba14f9000089d8e8d0fdffff

----------------
IN: 
0x0000aec0:  
OBJD-T: 5589e557565383ec0c89c789d6e8a7ffffff

----------------
IN: 
0x0000aed2:  
OBJD-T: 85c07431

----------------
IN: 
0x0000af07:  
OBJD-T: b820000000e894300000

----------------
IN: 
0x0000af11:  
OBJD-T: 89c385c07470

----------------
IN: 
0x0000af17:  
OBJD-T: 89f8e8fd1a0000

----------------
IN: 
0x0000af1e:  
OBJD-T: 890385c0744d

----------------
IN: 
0x0000af24:  
OBJD-T: 89f0e8f01a0000

----------------
IN: 
0x0000af2b:  
OBJD-T: 89430485c0743f

----------------
IN: 
0x0000af32:  
OBJD-T: 8b0d200701008b3331c00fbe1684d27408

----------------
IN: 
0x0000af43:  
OBJD-T: 468d149201d0ebf1

----------------
IN: 
0x0000af3c:  
OBJD-T: 0fbe1684d27408

----------------
IN: 
0x0000af4b:  
OBJD-T: be0d00000031d2f7f68d04918943148b049189431085c07406

----------------
IN: 
0x0000af6a:  
OBJD-T: 891c9131c0eb1b

----------------
IN: 
0x0000af8c:  
OBJD-T: 83c40c5b5e5f5dc3

----------------
IN: 
0x0000b0f0:  
OBJD-T: 85c07407

----------------
IN: 
0x0000b0fb:  
OBJD-T: 89d8e877fdffff

----------------
IN: 
0x0000aea8:  
OBJD-T: 89da8b06e866180000

----------------
IN: 
0x0000aeb1:  
OBJD-T: 85c07405

----------------
IN: 
0x0000b102:  
OBJD-T: 89780889700c31c083c40c5b5e5f5dc3

----------------
IN: 
0x0000c366:  
OBJD-T: 8d55e48d45e0e83ff8ffff

----------------
IN: 
0x0000bbb0:  
OBJD-T: 5589e557565383ec1c89c38b3da00f010089f9c1e91883f97f7517

----------------
IN: 
0x0000bbe2:  
OBJD-T: 894de4b864000000e8ad230000

----------------
IN: 
0x0000bbef:  
OBJD-T: 89c689038b4de489ca83e27f89c8c1e80683e00283c06689f9c1e910894de483
OBJD-T: ec0c5250685efa00006a6456e8881c0000

----------------
IN: 
0x0000d8a8:  
OBJD-T: 5589e583ec148d4514508b4d108b550c8b4508e8cfffffff

----------------
IN: 
0x0000d88f:  
OBJD-T: 5589e5538b5d0885d27407

----------------
IN: 
0x0000d89a:  
OBJD-T: 895d085b5deb9a

----------------
IN: 
0x0000d83b:  
OBJD-T: 5589e557565381ec2c0100008985d4feffff89d389ce8dbde0feffff8b4d0889
OBJD-T: fa89f0e803f9ffff

----------------
IN: 
0x0000d166:  
OBJD-T: 5589e557565383ec2889d689cb6a0031c9e8f5fcffff

----------------
IN: 
0x0000ce71:  
OBJD-T: 5589e557565383ec1c8945e489d389ce31c9898a0401000089c1408a50ff84d2
OBJD-T: 0f84d6000000

----------------
IN: 
0x0000ce97:  
OBJD-T: 80fa2575ed

----------------
IN: 
0x0000ce9c:  
OBJD-T: 8079012d7503

----------------
IN: 
0x0000cea5:  
OBJD-T: 0fbe1089d183ea3083fa097703

----------------
IN: 
0x0000ceb5:  
OBJD-T: 80f9247511

----------------
IN: 
0x0000cecb:  
OBJD-T: 80382d7501

----------------
IN: 
0x0000ced1:  
OBJD-T: 0fbe1089d189c74083ea3083fa0976f0

----------------
IN: 
0x0000cee1:  
OBJD-T: 80f92e7402

----------------
IN: 
0x0000cee6:  
OBJD-T: 89f80fbe3889fa89c14083ef3083ff0976f0

----------------
IN: 
0x0000cef8:  
OBJD-T: 80fa6c7511

----------------
IN: 
0x0000cf0e:  
OBJD-T: 80fa787f49

----------------
IN: 
0x0000cf13:  
OBJD-T: 80fa627f1a

----------------
IN: 
0x0000cf32:  
OBJD-T: 8d4a9dbf01000000d3e789f981e103102500750b

----------------
IN: 
0x0000cf51:  
OBJD-T: ff8304010000e92dffffff

----------------
IN: 
0x0000ce89:  
OBJD-T: 89c1408a50ff84d20f84d6000000

----------------
IN: 
0x0000cf6d:  
OBJD-T: 8b830401000085f6741b

----------------
IN: 
0x0000cf92:  
OBJD-T: 83f8207708

----------------
IN: 
0x0000cf97:  
OBJD-T: 899b00010000eb39

----------------
IN: 
0x0000cfd8:  
OBJD-T: 8b83040100008d0cc5000000008b830001000031d2e89af8ffff

----------------
IN: 
0x0000cff2:  
OBJD-T: 31f68975e08b55e4ff45e48b45e4

----------------
IN: 
0x0000d000:  
OBJD-T: 8a40ff84c00f844f010000

----------------
IN: 
0x0000d00b:  
OBJD-T: 3c2575e8

----------------
IN: 
0x0000d00f:  
OBJD-T: 8b45e0408945dc807a012d7506

----------------
IN: 
0x0000d022:  
OBJD-T: 8b7de40fbe0789c289fe8d7f0183e83083f80976ee

----------------
IN: 
0x0000d037:  
OBJD-T: 8b45e080fa24751a

----------------
IN: 
0x0000d059:  
OBJD-T: 803e2d7501

----------------
IN: 
0x0000d05f:  
OBJD-T: 0fbe1689d189f74683ea3083fa0976f0

----------------
IN: 
0x0000d06f:  
OBJD-T: 80f92e7402

----------------
IN: 
0x0000d074:  
OBJD-T: 89fe0fbe3e89fa89f14683ef3083ff0976f0

----------------
IN: 
0x0000d086:  
OBJD-T: 80fa250f84b7000000

----------------
IN: 
0x0000d08f:  
OBJD-T: 31ff80fa6c751d

----------------
IN: 
0x0000d0b3:  
OBJD-T: 3b83040100000f838d000000

----------------
IN: 
0x0000d0bf:  
OBJD-T: 80fa780f8f84000000

----------------
IN: 
0x0000d0c8:  
OBJD-T: 80fa6e7f13

----------------
IN: 
0x0000d0cd:  
OBJD-T: 80fa637467

----------------
IN: 
0x0000d139:  
OBJD-T: 8b930001000031c9890cc2eb06

----------------
IN: 
0x0000d14c:  
OBJD-T: 8b45dc8945e08975e4e99dfeffff

----------------
IN: 
0x0000cff7:  
OBJD-T: 8b55e4ff45e48b45e4

----------------
IN: 
0x0000d0e0:  
OBJD-T: 83ea6f80fa097764

----------------
IN: 
0x0000d0e8:  
OBJD-T: 0fb6d2ff2495c8060100

----------------
IN: 
0x0000d0ff:  
OBJD-T: 8b930001000083c703893cc2eb3f

----------------
IN: 
0x0000d15a:  
OBJD-T: 31c08d65f45b5e5f5dc20400

----------------
IN: 
0x0000d17c:  
OBJD-T: 8b86040100008945e483c40c31ff8b45e439c77453

----------------
IN: 
0x0000d191:  
OBJD-T: 8b86000100008d04f88338077742

----------------
IN: 
0x0000d19f:  
OBJD-T: 8b10ff2495f0060100

----------------
IN: 
0x0000d1a8:  
OBJD-T: 8b0b8908c1f91f894804eb2a

----------------
IN: 
0x0000d1de:  
OBJD-T: 83c30447eba6

----------------
IN: 
0x0000d18a:  
OBJD-T: 8b45e439c77453

----------------
IN: 
0x0000d1d5:  
OBJD-T: 8b13891031d289500483c30447eba6

----------------
IN: 
0x0000d1e4:  
OBJD-T: 8d65f45b5e5f5dc3

----------------
IN: 
0x0000d863:  
OBJD-T: 8d53ff83ec0c5789f18b85d4feffffe875f9ffff

----------------
IN: 
0x0000d1ec:  
OBJD-T: 5589e557565383ec3c89c389d731c08945e0894de431f68b45e48d50018955e4
OBJD-T: 8a1084d20f84fa040000

----------------
IN: 
0x0000d216:  
OBJD-T: 80fa257413

----------------
IN: 
0x0000d22e:  
OBJD-T: 8d46018945b88975c08b45e4c645cb0080382d7508

----------------
IN: 
0x0000d24b:  
OBJD-T: 8b45e40fbe1089d18855d383ea3083fa09771b

----------------
IN: 
0x0000d279:  
OBJD-T: c645d32031c08945cc8b45e480382e7504

----------------
IN: 
0x0000d28e:  
OBJD-T: 8b45e40fbe1083ea30c745bcffffffff83fa097710

----------------
IN: 
0x0000d2b3:  
OBJD-T: 8b45e48a08884dd48d4801807dd4247519

----------------
IN: 
0x0000d2dd:  
OBJD-T: 807dd46c7405

----------------
IN: 
0x0000d2e3:  
OBJD-T: 894de4eb1d

----------------
IN: 
0x0000d305:  
OBJD-T: 8b45e4807dd4257514

----------------
IN: 
0x0000d322:  
OBJD-T: 8b75088b4dc03b8e040100000f83d4030000

----------------
IN: 
0x0000d334:  
OBJD-T: 8b8e000100008b75c08b14f18b4cf1048955c0894dc4807dd4780f8fa3030000

----------------
IN: 
0x0000d354:  
OBJD-T: 807dd4637f26

----------------
IN: 
0x0000d35a:  
OBJD-T: 807dd4580f84fc010000

----------------
IN: 
0x0000d364:  
OBJD-T: 807dd4638b45e00f841c020000

----------------
IN: 
0x0000d58d:  
OBJD-T: 39f80f836f010000

----------------
IN: 
0x0000d595:  
OBJD-T: 8a4dc0e964010000

----------------
IN: 
0x0000d701:  
OBJD-T: 880c03408945e08b75b8e9f3faffff

----------------
IN: 
0x0000d203:  
OBJD-T: 8b45e48d50018955e48a1084d20f84fa040000

----------------
IN: 
0x0000d21b:  
OBJD-T: 8b45e039f80f83f3000000

----------------
IN: 
0x0000d226:  
OBJD-T: 881403e9eb000000

----------------
IN: 
0x0000d319:  
OBJD-T: 408945e0e9e1feffff

----------------
IN: 
0x0000d380:  
OBJD-T: 8b75d48d4e9cbe01000000d3e681e6010812000f85c7010000

----------------
IN: 
0x0000d560:  
OBJD-T: 5151ff75c4ff75c00fbe55d4520fbe45d3500fbe45cb50ff75cc89f98d55e089
OBJD-T: d8e8c2f5ffff

----------------
IN: 
0x0000cb48:  
OBJD-T: 5589e557565383ec5c8945ac8955b0894da88b450c8945a48b55148b4d188b5d
OBJD-T: 1c8a45108845a389ce89df88d083e0df8845b4b810000000807db458740c

----------------
IN: 
0x0000cb86:  
OBJD-T: 31c080fa6f0f95c08d44000885db7919

----------------
IN: 
0x0000cbaf:  
OBJD-T: 8d5dc8895db483f8107535

----------------
IN: 
0x0000cbef:  
OBJD-T: 8b5db483f8087521

----------------
IN: 
0x0000cc18:  
OBJD-T: 508d45c0506a006a0a89f089fae85cfeffff

----------------
IN: 
0x0000cab8:  
OBJD-T: 8b5de8837d10007410

----------------
IN: 
0x0000cac1:  
OBJD-T: 89f031d2f7f38b4510891031c989480489f031d2f7f38945e031d28955e4eb57

----------------
IN: 
0x0000cc2a:  
OBJD-T: 89c689d7438a45c083c0308843ff5a85ff75db

----------------
IN: 
0x0000cc3d:  
OBJD-T: ebd5

----------------
IN: 
0x0000cc14:  
OBJD-T: 85f67427

----------------
IN: 
0x0000cc3f:  
OBJD-T: c603008b45b4e8b6fcffff

----------------
IN: 
0x0000cc4a:  
OBJD-T: 8b7db48d4407ff3945b47311

----------------
IN: 
0x0000cc56:  
OBJD-T: 8b7db48a178a08880f8810ff45b448ebea

----------------
IN: 
0x0000cc51:  
OBJD-T: 3945b47311

----------------
IN: 
0x0000cc67:  
OBJD-T: 8d45c829c331c03b5d087305

----------------
IN: 
0x0000cc78:  
OBJD-T: 807da4007521

----------------
IN: 
0x0000cc7e:  
OBJD-T: 83e801721c

----------------
IN: 
0x0000cc9f:  
OBJD-T: 8d55c88a0a84c9741a

----------------
IN: 
0x0000cca8:  
OBJD-T: 428b75b08b1e8b7da839fb7306

----------------
IN: 
0x0000ccb5:  
OBJD-T: 8b75ac880c1e8b4db0ff01ebe0

----------------
IN: 
0x0000cca2:  
OBJD-T: 8a0a84c9741a

----------------
IN: 
0x0000ccc2:  
OBJD-T: 807da4007421

----------------
IN: 
0x0000cce9:  
OBJD-T: 8d65f45b5e5f5dc21800

----------------
IN: 
0x0000d586:  
OBJD-T: 585ae97b010000

----------------
IN: 
0x0000d708:  
OBJD-T: 8b75b8e9f3faffff

----------------
IN: 
0x0000d710:  
OBJD-T: 8b45e039f87306

----------------
IN: 
0x0000d717:  
OBJD-T: c6040300eb04

----------------
IN: 
0x0000d721:  
OBJD-T: 8d65f45b5e5f5dc20400

----------------
IN: 
0x0000d877:  
OBJD-T: 89c383c40c89f8e8f8edffff

----------------
IN: 
0x0000c67b:  
OBJD-T: 8b900001000039c27407

----------------
IN: 
0x0000c68c:  
OBJD-T: c3

----------------
IN: 
0x0000d883:  
OBJD-T: 89d88d65f45b5e5f5dc20400

----------------
IN: 
0x0000d8c0:  
OBJD-T: c9c3

----------------
IN: 
0x0000bc20:  
OBJD-T: 83c42089f0e8d60c0000

----------------
IN: 
0x0000bc2a:  
OBJD-T: 01c6807de4ff7420

----------------
IN: 
0x0000bc52:  
OBJD-T: c1ef08897de489f0e8a10c0000

----------------
IN: 
0x0000bc5f:  
OBJD-T: 01c6807de4ff7420

----------------
IN: 
0x0000bc87:  
OBJD-T: 89f0e8720c0000

----------------
IN: 
0x0000bc8e:  
OBJD-T: c60406008d65f45b5e5f5dc3

----------------
IN: 
0x0000c371:  
OBJD-T: 837de0000f84d5000000

----------------
IN: 
0x0000c37b:  
OBJD-T: 837de4000f84cb000000

----------------
IN: 
0x0000c450:  
OBJD-T: 85db7443

----------------
IN: 
0x0000c454:  
OBJD-T: 803b287512

----------------
IN: 
0x0000c46b:  
OBJD-T: 31f6eb12

----------------
IN: 
0x0000c481:  
OBJD-T: 803b00740b

----------------
IN: 
0x0000c486:  
OBJD-T: 89d8e88e050000

----------------
IN: 
0x0000c48d:  
OBJD-T: 89c3eb02

----------------
IN: 
0x0000c493:  
OBJD-T: 85f67507

----------------
IN: 
0x0000c497:  
OBJD-T: 8b75e085f6753f

----------------
IN: 
0x0000c4dd:  
OBJD-T: 8b45e485c0744e

----------------
IN: 
0x0000c532:  
OBJD-T: e8931a0000

----------------
IN: 
0x0000dfca:  
OBJD-T: 85c00f84d7000000

----------------
IN: 
0x0000e0a9:  
OBJD-T: c3

----------------
IN: 
0x0000c537:  
OBJD-T: 85f67440

----------------
IN: 
0x0000c53b:  
OBJD-T: b814f9000085db7402

----------------
IN: 
0x0000c544:  
OBJD-T: 89d857505668cafa0000e8e3130000

----------------
IN: 
0x0000d936:  
OBJD-T: 5589e583ec088d550c8b4508e87bffffff

----------------
IN: 
0x0000d8c2:  
OBJD-T: 5589e557565381ec2c0100008985d4feffff89d18d95e0feffffe885f8ffff

----------------
IN: 
0x0000d12a:  
OBJD-T: 8b9300010000c704c206000000eb13

----------------
IN: 
0x0000d8e1:  
OBJD-T: beff0000008d4601e8ae060000

----------------
IN: 
0x0000d8ee:  
OBJD-T: 89c385c0742d

----------------
IN: 
0x0000d8f4:  
OBJD-T: 83ec0c8d85e0feffff508b8dd4feffff89f289d8e8dff8ffff

----------------
IN: 
0x0000d399:  
OBJD-T: 807dd4730f8497020000

----------------
IN: 
0x0000d63a:  
OBJD-T: 8b45c0c745d43efb000085c07403

----------------
IN: 
0x0000d648:  
OBJD-T: 8945d431c03945bc740c

----------------
IN: 
0x0000d652:  
OBJD-T: 8b4dd4803c01007403

----------------
IN: 
0x0000d65b:  
OBJD-T: 40ebef

----------------
IN: 
0x0000d64d:  
OBJD-T: 3945bc740c

----------------
IN: 
0x0000d65e:  
OBJD-T: 8b4dcc39c87304

----------------
IN: 
0x0000d669:  
OBJD-T: 807dcb00752f

----------------
IN: 
0x0000d66f:  
OBJD-T: 8b55e001d68975cc31f68b4dcc39ca7412

----------------
IN: 
0x0000d692:  
OBJD-T: 89f184c97403

----------------
IN: 
0x0000d69b:  
OBJD-T: 83ceff8b55e001d08945cc31c08b4dd429d1894dd48b4dcc39ca7412

----------------
IN: 
0x0000d6b7:  
OBJD-T: 39fa7309

----------------
IN: 
0x0000d6bb:  
OBJD-T: 8b45d48a041088041342b001ebe7

----------------
IN: 
0x0000d6b0:  
OBJD-T: 8b4dcc39ca7412

----------------
IN: 
0x0000d6c9:  
OBJD-T: 84c07403

----------------
IN: 
0x0000d6cd:  
OBJD-T: 8955e0807dcb007432

----------------
IN: 
0x0000d90d:  
OBJD-T: 89c783c40c39c6730b

----------------
IN: 
0x0000d921:  
OBJD-T: 8d85e0feffffe84fedffff

----------------
IN: 
0x0000d92c:  
OBJD-T: 89d88d65f45b5e5f5dc3

----------------
IN: 
0x0000d947:  
OBJD-T: c9c3

----------------
IN: 
0x0000c553:  
OBJD-T: 89c783c41085c07413

----------------
IN: 
0x0000c55c:  
OBJD-T: 89c2b8a7f80000e858e9ffff

----------------
IN: 
0x0000c698:  
OBJD-T: 01c189c739cf7410

----------------
IN: 
0x0000c6a0:  
OBJD-T: a4ebf9

----------------
IN: 
0x0000c69c:  
OBJD-T: 39cf7410

----------------
IN: 
0x0000c568:  
OBJD-T: 89f8e85b1a0000

----------------
IN: 
0x0000dfd2:  
OBJD-T: 5589e557565383ec2c8d4de48d55e0e833fcffff

----------------
IN: 
0x0000dc19:  
OBJD-T: 5589e5565389d38b1504860100a80f7414

----------------
IN: 
0x0000dc3e:  
OBJD-T: 891185d275f0

----------------
IN: 
0x0000dc34:  
OBJD-T: 8d722039c6720b

----------------
IN: 
0x0000dc46:  
OBJD-T: 8b721001d683c62039c672e9

----------------
IN: 
0x0000dc52:  
OBJD-T: eb0d

----------------
IN: 
0x0000dc61:  
OBJD-T: 8d50f089138b40f83d08283c2d750a

----------------
IN: 
0x0000dc7a:  
OBJD-T: 3da48fb06d740a

----------------
IN: 
0x0000dc8b:  
OBJD-T: 8d65f85b5e5dc3

----------------
IN: 
0x0000dfe6:  
OBJD-T: 8b45e48945d48b08817908a48fb06d8b55e07510

----------------
IN: 
0x0000e00a:  
OBJD-T: 8b0139c2722c

----------------
IN: 
0x0000e010:  
OBJD-T: 8b580881fb08283c2d740d

----------------
IN: 
0x0000e028:  
OBJD-T: 8b1839c37208

----------------
IN: 
0x0000e02e:  
OBJD-T: 39d3720e

----------------
IN: 
0x0000e040:  
OBJD-T: c7420808283c2d8b18891a89108b1a8b7b0489fec1e60401de39f27512

----------------
IN: 
0x0000e06f:  
OBJD-T: 8b7dd489078b55e08b5a0489dfc1e70401d739f87517

----------------
IN: 
0x0000e09c:  
OBJD-T: 8b4dd489018d65f45b5e5f5dc3

----------------
IN: 
0x0000c56f:  
OBJD-T: 89f2b8b0f40000e845e9ffff

----------------
IN: 
0x0000aed6:  
OBJD-T: 89c38b78048b480c85c97406

----------------
IN: 
0x0000aee2:  
OBJD-T: 89f2ffd1

----------------
IN: 
0x0000c1c8:  
OBJD-T: 5589e5535389d389d0e82a070000

----------------
IN: 
0x0000c1d6:  
OBJD-T: 803b287515

----------------
IN: 
0x0000c1f0:  
OBJD-T: 89d85a5b5de921080000

----------------
IN: 
0x0000aee6:  
OBJD-T: eb07

----------------
IN: 
0x0000aeef:  
OBJD-T: 89430485c07508

----------------
IN: 
0x0000aefe:  
OBJD-T: 89f8e8c5300000

----------------
IN: 
0x0000e036:  
OBJD-T: 89c189d8ebd0

----------------
IN: 
0x0000e00c:  
OBJD-T: 39c2722c

----------------
IN: 
0x0000af05:  
OBJD-T: eb66

----------------
IN: 
0x0000af6d:  
OBJD-T: 31c0eb1b

----------------
IN: 
0x0000c57b:  
OBJD-T: 89f0e8481a0000

----------------
IN: 
0x0000e03c:  
OBJD-T: 391073d0

----------------
IN: 
0x0000e085:  
OBJD-T: 31f6897008035804895a0439c87404

----------------
IN: 
0x0000e094:  
OBJD-T: 89c8eb02

----------------
IN: 
0x0000e09a:  
OBJD-T: 89108b4dd489018d65f45b5e5f5dc3

----------------
IN: 
0x0000c582:  
OBJD-T: 89d8e8411a0000

----------------
IN: 
0x0000c589:  
OBJD-T: e894ecffff

----------------
IN: 
0x0000b222:  
OBJD-T: 5589e583ec08833d40790100007421

----------------
IN: 
0x0000b252:  
OBJD-T: e87dffffff

----------------
IN: 
0x0000b1d4:  
OBJD-T: 8b154879010085d27e3a

----------------
IN: 
0x0000b218:  
OBJD-T: 31c0a34079010031c0c3

----------------
IN: 
0x0000b257:  
OBJD-T: 85c075cd

----------------
IN: 
0x0000b25b:  
OBJD-T: 833d44790100007417

----------------
IN: 
0x0000b27b:  
OBJD-T: c9c3

----------------
IN: 
0x0000c58e:  
OBJD-T: b8b0f40000e87aebffff

----------------
IN: 
0x0000b112:  
OBJD-T: 5589e5535189c3e85bfdffff

----------------
IN: 
0x0000b11e:  
OBJD-T: 85c07517

----------------
IN: 
0x0000b139:  
OBJD-T: c7401c0100000031c05a5b5dc3

----------------
IN: 
0x0000c598:  
OBJD-T: b8a7f80000e870ebffff

----------------
IN: 
0x0000c5a2:  
OBJD-T: 833dc083010000741d

----------------
IN: 
0x0000c5ab:  
OBJD-T: e84afcffff

----------------
IN: 
0x0000c5b0:  
OBJD-T: 31f68935c08301008d900000f0ffb800001000e8e21a0000

----------------
IN: 
0x0000e112:  
OBJD-T: 56ff7608ff75e4536889fc00006877fc000068bf000000687ffc0000e8cef6ff
OBJD-T: ff

----------------
IN: 
0x0000e133:  
OBJD-T: 8b45e403460801d883c42039c67575

----------------
IN: 
0x0000e142:  
OBJD-T: 8b46108d4406205053505668bffc00006877fc000068c4000000687ffc0000e8
OBJD-T: 9bf6ffff

----------------
IN: 
0x0000e166:  
OBJD-T: 83c30f83e3f0b90800000089dff3a5

----------------
IN: 
0x0000e173:  
OBJD-T: f3a5

----------------
IN: 
0x0000e175:  
OBJD-T: 8b45e403430889430883c42089c2c1ea047425

----------------
IN: 
0x0000e188:  
OBJD-T: 895324c74328a48fb06d89c283e2f001531083e00f8943088b45e089188d4330
OBJD-T: e81dfeffff

----------------
IN: 
0x0000e032:  
OBJD-T: 39c2720a

----------------
IN: 
0x0000e1ad:  
OBJD-T: 8b45e08918e92e010000

----------------
IN: 
0x0000e2e5:  
OBJD-T: 8d65f45b5e5f5dc3

----------------
IN: 
0x0000c5c8:  
OBJD-T: e8dccfffff

----------------
IN: 
0x000095a9:  
OBJD-T: 5589e583ec106a00682af40000b91bf40000ba07950000b8c9f40000e8a8fcff
OBJD-T: ff

----------------
IN: 
0x00009272:  
OBJD-T: 5589e557565383ec1c89c78955e489ceb824000000e8194d0000

----------------
IN: 
0x0000928c:  
OBJD-T: 89c385c00f8485000000

----------------
IN: 
0x00009296:  
OBJD-T: 8978088b55e489501085f67505

----------------
IN: 
0x000092a8:  
OBJD-T: 8973188b450889431c31c08943148b450c89430c8b35a40f0100bfa40f010031
OBJD-T: c985f67435

----------------
IN: 
0x00009302:  
OBJD-T: 891f893385f67403

----------------
IN: 
0x0000930d:  
OBJD-T: 897b0485c97507

----------------
IN: 
0x00009314:  
OBJD-T: 814b0c0001000089d883c41c5b5e5f5dc20800

----------------
IN: 
0x000095ca:  
OBJD-T: 5a5985c07407

----------------
IN: 
0x000095d0:  
OBJD-T: 8148140002000050506a00684ef40000b947f40000ba81950000b8a8000100e8
OBJD-T: 7efcffff

----------------
IN: 
0x000092cd:  
OBJD-T: 894de48b56088b4308e83c340000

----------------
IN: 
0x000092db:  
OBJD-T: 85c08b4de47820

----------------
IN: 
0x000092e2:  
OBJD-T: 7518

----------------
IN: 
0x000092fc:  
OBJD-T: 89f78b36ebc7

----------------
IN: 
0x000092c9:  
OBJD-T: 85f67435

----------------
IN: 
0x000095f4:  
OBJD-T: 6a006874f40000b96ef40000ba0a940000b872fa0000e863fcffff

----------------
IN: 
0x0000930a:  
OBJD-T: 895e04897b0485c97507

----------------
IN: 
0x0000960f:  
OBJD-T: 6a006899f40000b98bf40000ba7a930000b892f40000e848fcffff

----------------
IN: 
0x0000962a:  
OBJD-T: 5a59c9c3

----------------
IN: 
0x0000c5cd:  
OBJD-T: a1f084010085c07405

----------------
IN: 
0x0000c5d6:  
OBJD-T: e814220000

----------------
IN: 
0x0000e7ef:  
OBJD-T: 5589e55383ec248945e4837de400742d

----------------
IN: 
0x0000e7ff:  
OBJD-T: 8d4de431d28d45f4e8a4fbffff

----------------
IN: 
0x0000e3b0:  
OBJD-T: 5589e557565383ec0c89c78b0185c07506

----------------
IN: 
0x0000e3c7:  
OBJD-T: 89ceba0a000000e899e3ffff

----------------
IN: 
0x0000c76c:  
OBJD-T: 5589e5530fbe1839d37407

----------------
IN: 
0x0000c777:  
OBJD-T: 4084db75f4

----------------
IN: 
0x0000c770:  
OBJD-T: 0fbe1839d37407

----------------
IN: 
0x0000c77e:  
OBJD-T: 5b5dc3

----------------
IN: 
0x0000e3d3:  
OBJD-T: 89c38b0685db740c

----------------
IN: 
0x0000e3db:  
OBJD-T: 89da29c2e863e6ffff

----------------
IN: 
0x0000ca47:  
OBJD-T: 5589e557565383ec0c89c789d6e8a7feffff

----------------
IN: 
0x0000ca59:  
OBJD-T: 89f339c67202

----------------
IN: 
0x0000ca61:  
OBJD-T: 8d4301e833150000

----------------
IN: 
0x0000ca69:  
OBJD-T: 89c685c0740d

----------------
IN: 
0x0000ca6f:  
OBJD-T: 89d989fae815fcffff

----------------
IN: 
0x0000ca78:  
OBJD-T: c6041e0089f083c40c5b5e5f5dc3

----------------
IN: 
0x0000e3e4:  
OBJD-T: 43eb05

----------------
IN: 
0x0000e3ec:  
OBJD-T: 8907891e31c083c40c5b5e5f5dc3

----------------
IN: 
0x0000e80c:  
OBJD-T: 8b5df48d4de4bab0e3000089d8e8fd030000

----------------
IN: 
0x0000ec1b:  
OBJD-T: 5589e55383ec1c8d5df4538d5df053e87cf9ffff

----------------
IN: 
0x0000e5ab:  
OBJD-T: 5589e557565383ec3c8945c88955c4894dc08b7d0c8945e48b450831d2891089
OBJD-T: 17b800040000e892abffff

----------------
IN: 
0x00009168:  
OBJD-T: 5589e5565389c6b810000000e8234e0000

----------------
IN: 
0x00009179:  
OBJD-T: 85c07416

----------------
IN: 
0x0000917d:  
OBJD-T: 89c389f0e8164e0000

----------------
IN: 
0x00009186:  
OBJD-T: 890385c0750b

----------------
IN: 
0x00009197:  
OBJD-T: 89730431c089430889430c89d85b5e5dc3

----------------
IN: 
0x0000e5d6:  
OBJD-T: 8945d485c00f84eb010000

----------------
IN: 
0x0000e5e1:  
OBJD-T: b8c8000000e87dabffff

----------------
IN: 
0x0000e5eb:  
OBJD-T: 8945d085c00f84e5010000

----------------
IN: 
0x0000e5f6:  
OBJD-T: 8b75c8bb0100000085f67405

----------------
IN: 
0x0000e602:  
OBJD-T: 803e007531

----------------
IN: 
0x0000e638:  
OBJD-T: 837de4000f84c0000000

----------------
IN: 
0x0000e642:  
OBJD-T: 0fbe1684d20f84a1000000

----------------
IN: 
0x0000e64d:  
OBJD-T: 8d4de289d8e8c7feffff

----------------
IN: 
0x0000e51e:  
OBJD-T: 5589e557565383ec2c89c689cf8945dcc745e401000000bb800701000fbeca8b
OBJD-T: 0385c07411

----------------
IN: 
0x0000e543:  
OBJD-T: 39f07405

----------------
IN: 
0x0000e54c:  
OBJD-T: 0fbe430838d07507

----------------
IN: 
0x0000e55b:  
OBJD-T: 894dd08855d7e838e2ffff

----------------
IN: 
0x0000c79e:  
OBJD-T: 8d48f783f917770b

----------------
IN: 
0x0000c7b1:  
OBJD-T: 31c0c3

----------------
IN: 
0x0000e566:  
OBJD-T: 85c08a55d78b4dd07419

----------------
IN: 
0x0000e589:  
OBJD-T: 807b080075b8

----------------
IN: 
0x0000e547:  
OBJD-T: 83c310ebf1

----------------
IN: 
0x0000e53d:  
OBJD-T: 8b0385c07411

----------------
IN: 
0x0000e554:  
OBJD-T: 833b007442

----------------
IN: 
0x0000e59b:  
OBJD-T: 8d5dd888178b430483c42c5b5e5f5dc3

----------------
IN: 
0x0000e657:  
OBJD-T: 8945cc83ec0c5089d98b55d48b45d0e836feffff

----------------
IN: 
0x0000e4a1:  
OBJD-T: 5589e557565383ec1c89c689d789c8e8affeffff

----------------
IN: 
0x0000e364:  
OBJD-T: 8d50fa83fa010f96c283e80983f8010f96c009d00fb6c0c3

----------------
IN: 
0x0000e4b5:  
OBJD-T: 85c07504

----------------
IN: 
0x0000e4b9:  
OBJD-T: 31c0eb57

----------------
IN: 
0x0000e514:  
OBJD-T: 83c41c5b5e5f5dc20400

----------------
IN: 
0x0000e66b:  
OBJD-T: 83c40c85c07407

----------------
IN: 
0x0000e679:  
OBJD-T: 8b45cce8e3fcffff

----------------
IN: 
0x0000e681:  
OBJD-T: 8a55e285c07414

----------------
IN: 
0x0000e69c:  
OBJD-T: 83fb027425

----------------
IN: 
0x0000e6a1:  
OBJD-T: 837dcc01751f

----------------
IN: 
0x0000e6a7:  
OBJD-T: 0fbec28855bfe8ece0ffff

----------------
IN: 
0x0000e6b2:  
OBJD-T: 85c08a55bf740d

----------------
IN: 
0x0000e6c6:  
OBJD-T: 84d2741b

----------------
IN: 
0x0000e6ca:  
OBJD-T: 8855e3b9010000008d55e38b45d4e81dfdffff

----------------
IN: 
0x0000e3fa:  
OBJD-T: 5589e557565383ec1c8955e489cf894de003780c7217

----------------
IN: 
0x0000e410:  
OBJD-T: 89c689fae8acadffff

----------------
IN: 
0x000091c5:  
OBJD-T: 3950047351

----------------
IN: 
0x0000921b:  
OBJD-T: 31c0c3

----------------
IN: 
0x0000e419:  
OBJD-T: 89c385c0741d

----------------
IN: 
0x0000e43c:  
OBJD-T: 8b4de08b460c03068b55e4e841e2ffff

----------------
IN: 
0x0000e44c:  
OBJD-T: 897e0c89d88d65f45b5e5f5dc3

----------------
IN: 
0x0000e6dd:  
OBJD-T: 85c00f85f6000000

----------------
IN: 
0x0000e6e5:  
OBJD-T: 468b5dcce954ffffff

----------------
IN: 
0x0000c7a6:  
OBJD-T: b813008000d3e883e001c3

----------------
IN: 
0x0000e6b9:  
OBJD-T: 8b55088b45d4e895fdffff

----------------
IN: 
0x0000e459:  
OBJD-T: 5589e5565383ec1089d68b500c2b5008742d

----------------
IN: 
0x0000e46b:  
OBJD-T: 89c34ae809ffffff

----------------
IN: 
0x0000e37c:  
OBJD-T: 5589e583ec08035008720e

----------------
IN: 
0x0000e387:  
OBJD-T: 3b500c721e

----------------
IN: 
0x0000e3aa:  
OBJD-T: 031089d0c9c3

----------------
IN: 
0x0000e473:  
OBJD-T: 8038007420

----------------
IN: 
0x0000e478:  
OBJD-T: c645f700b9010000008d55f789d8e86fffffff

----------------
IN: 
0x0000e48b:  
OBJD-T: 85c07407

----------------
IN: 
0x0000e496:  
OBJD-T: ff0631c083c4105b5e5dc3

----------------
IN: 
0x0000e6c4:  
OBJD-T: eb17

----------------
IN: 
0x0000e6ee:  
OBJD-T: 83fb01740f

----------------
IN: 
0x0000e702:  
OBJD-T: 83ec0c6a0189d98b55d48b45d0e88dfdffff

----------------
IN: 
0x0000e714:  
OBJD-T: 83c40c85c00f85bc000000

----------------
IN: 
0x0000e71f:  
OBJD-T: 8b55088b45d4e82ffdffff

----------------
IN: 
0x0000e72a:  
OBJD-T: 85c00f85a9000000

----------------
IN: 
0x0000e732:  
OBJD-T: 8b45088b0085c0746a

----------------
IN: 
0x0000e73b:  
OBJD-T: 40ba04000000e815f8ffff

----------------
IN: 
0x0000df5b:  
OBJD-T: 5589e55653f7e2701c

----------------
IN: 
0x0000df64:  
OBJD-T: 89c689c231c0e823fdffff

----------------
IN: 
0x0000df6f:  
OBJD-T: 89c385c0741e

----------------
IN: 
0x0000df75:  
OBJD-T: 89f131d2e80ee9ffff

----------------
IN: 
0x0000df7e:  
OBJD-T: eb13

----------------
IN: 
0x0000df93:  
OBJD-T: 89d88d65f85b5e5dc3

----------------
IN: 
0x0000e746:  
OBJD-T: 890731db85c00f8489000000

----------------
IN: 
0x0000e752:  
OBJD-T: 8b450839187e44

----------------
IN: 
0x0000e759:  
OBJD-T: 85db7512

----------------
IN: 
0x0000e75d:  
OBJD-T: 31d28b45d4e815fcffff

----------------
IN: 
0x0000e767:  
OBJD-T: 89c685c07515

----------------
IN: 
0x0000e782:  
OBJD-T: e879e1ffff

----------------
IN: 
0x0000e787:  
OBJD-T: 89c28b45d4e8a8aaffff

----------------
IN: 
0x00009239:  
OBJD-T: 5589e583ec080350087309

----------------
IN: 
0x0000924d:  
OBJD-T: 89c10f92c039510c7313

----------------
IN: 
0x0000926a:  
OBJD-T: 0fb6c0895108c9c3

----------------
IN: 
0x0000e791:  
OBJD-T: 85c07546

----------------
IN: 
0x0000e795:  
OBJD-T: 8b0789349843ebb5

----------------
IN: 
0x0000e76f:  
OBJD-T: ba010000008b45d4e8bdaaffff

----------------
IN: 
0x0000e77c:  
OBJD-T: 85c074dd

----------------
IN: 
0x0000e79d:  
OBJD-T: 8b45d4e879aaffff

----------------
IN: 
0x0000921e:  
OBJD-T: 8b1031c9890889480c89480889480489d0c3

----------------
IN: 
0x0000e7a5:  
OBJD-T: 31c9890d407901008b45e48b7dc839f87405

----------------
IN: 
0x0000e7bc:  
OBJD-T: 8b45d4e8e4a9ffff

----------------
IN: 
0x000091a8:  
OBJD-T: 85c07418

----------------
IN: 
0x000091ac:  
OBJD-T: 5589e5535289c38b00e8104e0000

----------------
IN: 
0x000091ba:  
OBJD-T: 89d8595b5de9064e0000

----------------
IN: 
0x0000e7c4:  
OBJD-T: 8b45d0e8dca9ffff

----------------
IN: 
0x0000e05d:  
OBJD-T: 31f6897208037a04897b0489188b128955e08b7dd489078b55e08b5a0489dfc1
OBJD-T: e70401d739f87517

----------------
IN: 
0x0000e7cc:  
OBJD-T: a1407901008d65f45b5e5f5dc20800

----------------
IN: 
0x0000ec2f:  
OBJD-T: 89c35a5985c08b45f40f85aa000000

----------------
IN: 
0x0000ec3e:  
OBJD-T: 8b55f085d20f889f000000

----------------
IN: 
0x0000ec49:  
OBJD-T: 750a

----------------
IN: 
0x0000ec55:  
OBJD-T: 8b004a7525

----------------
IN: 
0x0000ec7f:  
OBJD-T: 8b45f48b18803b007452

----------------
IN: 
0x0000ec89:  
OBJD-T: 89daa1a40f0100e8e1d4ffff

----------------
IN: 
0x0000c176:  
OBJD-T: 5589e5565389d689c385db7412

----------------
IN: 
0x0000c183:  
OBJD-T: 8b430889f2e88a050000

----------------
IN: 
0x0000c18d:  
OBJD-T: 85c07404

----------------
IN: 
0x0000c195:  
OBJD-T: 89d85b5e5dc3

----------------
IN: 
0x0000ec95:  
OBJD-T: 85c0740f

----------------
IN: 
0x0000ec99:  
OBJD-T: 8b4df483c1048b55f04aff5010

----------------
IN: 
0x0000937a:  
OBJD-T: 5589e583ec0885d27513

----------------
IN: 
0x00009397:  
OBJD-T: 8b118a0283e8283c077713

----------------
IN: 
0x000093b5:  
OBJD-T: 89d0e8261a0000

----------------
IN: 
0x0000afa3:  
OBJD-T: 8b48088b500485c97403

----------------
IN: 
0x0000afb0:  
OBJD-T: 89d0c9c3

----------------
IN: 
0x0000ae06:  
OBJD-T: 85f67517

----------------
IN: 
0x0000ae21:  
OBJD-T: 52575668aef80000e8082b0000

----------------
IN: 
0x0000de91:  
OBJD-T: 39c77409

----------------
IN: 
0x0000de95:  
OBJD-T: 89c68b00e984feffff

----------------
IN: 
0x0000dd22:  
OBJD-T: 8d5010c1ea048b5dd08d4bff31db895dc8895dcc21ca7411

----------------
IN: 
0x0000ae2e:  
OBJD-T: 83c41085c0743a

----------------
IN: 
0x0000ae35:  
OBJD-T: 8945e4e81fffffff

----------------
IN: 
0x0000ad5c:  
OBJD-T: 5589e557565383ec1cba01000000e87f060000

----------------
IN: 
0x0000b3ee:  
OBJD-T: 5589e557565383ec1c8945e48955dc31c9890d40790100e873feffff

----------------
IN: 
0x0000b27d:  
OBJD-T: 5589e557565383ec0c8038287524

----------------
IN: 
0x0000b28b:  
OBJD-T: 89c6ba29000000e8d5140000

----------------
IN: 
0x0000b297:  
OBJD-T: 89c385c07516

----------------
IN: 
0x0000b2b3:  
OBJD-T: 29f389d8e8e02c0000

----------------
IN: 
0x0000b2bc:  
OBJD-T: 89c785c07410

----------------
IN: 
0x0000b2c2:  
OBJD-T: 8d4bff8d5601e8c0130000

----------------
IN: 
0x0000b2cd:  
OBJD-T: c6441fff0089f88d65f45b5e5f5dc3

----------------
IN: 
0x0000b40a:  
OBJD-T: 89c7833d40790100000f85fd000000

----------------
IN: 
0x0000b419:  
OBJD-T: 8b45e48038287405

----------------
IN: 
0x0000b426:  
OBJD-T: ba290000008b45e4e839130000

----------------
IN: 
0x0000b433:  
OBJD-T: 85c074ea

----------------
IN: 
0x0000b437:  
OBJD-T: 408945e089f8e85de2ffff

----------------
IN: 
0x0000969f:  
OBJD-T: 5589e5565389c685c0752c

----------------
IN: 
0x000096d6:  
OBJD-T: b808000000e8bc480000

----------------
IN: 
0x000096e0:  
OBJD-T: 89c385c07504

----------------
IN: 
0x000096ea:  
OBJD-T: 31d289500489f0e8af060000

----------------
IN: 
0x00009da5:  
OBJD-T: 5589e557565383ec2889c65068fdf4000068ddf4000068c800000068e2f40000
OBJD-T: e8373a0000

----------------
IN: 
0x00009dca:  
OBJD-T: 83c420b82c000000e8ce410000

----------------
IN: 
0x00009dd7:  
OBJD-T: 85c00f8487010000

----------------
IN: 
0x00009ddf:  
OBJD-T: 89c3c7401009000000c740142000000089f78d57018a0784c0744a

----------------
IN: 
0x00009dfa:  
OBJD-T: 3c5c750b

----------------
IN: 
0x00009e09:  
OBJD-T: 3c2c7404

----------------
IN: 
0x00009e0d:  
OBJD-T: 89d7ebe0

----------------
IN: 
0x00009df1:  
OBJD-T: 8d57018a0784c0744a

----------------
IN: 
0x00009e44:  
OBJD-T: 89f0e8d02b0000

----------------
IN: 
0x00009e4b:  
OBJD-T: 8975e431ff89038b0dc00f010085c00f84b9000000

----------------
IN: 
0x00009e60:  
OBJD-T: 85c97431

----------------
IN: 
0x00009e64:  
OBJD-T: 89da8b45e4894de0ff510c

----------------
IN: 
0x07fdd7c5:  
OBJD-T: 5589e557565383ec3c89c38955bc8a003c637518

----------------
IN: 
0x07fdd7f1:  
OBJD-T: 83e866a8fd752a

----------------
IN: 
0x07fdd7f8:  
OBJD-T: 807b01647524

----------------
IN: 
0x07fdd7fe:  
OBJD-T: 8d4302b90a00000031d2e83ff602f8

----------------
IN: 
0x0000ce4c:  
OBJD-T: 5589e583ec08e89cfeffff

----------------
IN: 
0x0000ccf3:  
OBJD-T: 5589e557565383ec2c89c689d789cb0fbe0689c2e892faffff

----------------
IN: 
0x0000cd0c:  
OBJD-T: 89c185c07403

----------------
IN: 
0x0000cd15:  
OBJD-T: 80fa30752c

----------------
IN: 
0x0000cd46:  
OBJD-T: 85db7505

----------------
IN: 
0x0000cd4f:  
OBJD-T: 31c08945e08945e4895dd089d8c1f81f8945d40fbe0684c0741d

----------------
IN: 
0x0000cd69:  
OBJD-T: 8d50bf83fa197703

----------------
IN: 
0x0000cd74:  
OBJD-T: 8d50d083fa307605

----------------
IN: 
0x0000cd81:  
OBJD-T: 83fa09760a

----------------
IN: 
0x0000cd90:  
OBJD-T: 39da73f2

----------------
IN: 
0x0000cd94:  
OBJD-T: 8955d831c08945dc8b45d88b55dcf7d0f7d2516a00ff75d4ff75d0e8d2fcffff

----------------
IN: 
0x0000cdb4:  
OBJD-T: 598b4de039c81b55e47319

----------------
IN: 
0x0000cdd8:  
OBJD-T: 8b4dd48b45e00fafc88b45e40fafc301c18b45e0f7e301ca0345d81355dc8945
OBJD-T: e08955e446b901000000e95bffffff

----------------
IN: 
0x0000cd62:  
OBJD-T: 0fbe0684c0741d

----------------
IN: 
0x0000cd86:  
OBJD-T: 85c90f859a000000

----------------
IN: 
0x0000ce28:  
OBJD-T: 85ff7412

----------------
IN: 
0x0000ce3e:  
OBJD-T: 8b45e08b55e48d65f45b5e5f5dc3

----------------
IN: 
0x0000ce57:  
OBJD-T: 85d27414

----------------
IN: 
0x0000ce6f:  
OBJD-T: c9c3

----------------
IN: 
0x07fdd80d:  
OBJD-T: 89c6833d4079010000750a

----------------
IN: 
0x07fdd818:  
OBJD-T: 803b687518

----------------
IN: 
0x07fdd81d:  
OBJD-T: 83ee80eb13

----------------
IN: 
0x07fdd835:  
OBJD-T: 85f67816

----------------
IN: 
0x07fdd839:  
OBJD-T: 8b45bc897018b814000000e85c0703f8

----------------
IN: 
0x07fdd849:  
OBJD-T: 89c385c0750a

----------------
IN: 
0x07fdd859:  
OBJD-T: 8930a150e1fd0739f0752f

----------------
IN: 
0x07fdd864:  
OBJD-T: 85c0742b

----------------
IN: 
0x07fdd868:  
OBJD-T: c7431003000000c7430c080000008b45bcc740100b000000c745c0ffffffffc7
OBJD-T: 45c4ffffffffe9ee000000

----------------
IN: 
0x07fdd981:  
OBJD-T: f64310020f85fb000000

----------------
IN: 
0x07fdda86:  
OBJD-T: 8b7dbc8b45c08b55c489470889570cc7471401000000895f2831c08d65f45b5e
OBJD-T: 5f5dc3

----------------
IN: 
0x00009e6f:  
OBJD-T: 85c08b4de07528

----------------
IN: 
0x00009e76:  
OBJD-T: 8b53108d42f783f8067632

----------------
IN: 
0x00009eb3:  
OBJD-T: 894b0485ff7424

----------------
IN: 
0x00009ede:  
OBJD-T: e8b3500000

----------------
IN: 
0x0000ef96:  
OBJD-T: ff2538870100

----------------
IN: 
0x0000c045:  
OBJD-T: 5589e557565331c00fa20f31

----------------
IN: 
0x0000c051:  
OBJD-T: 89c689d72b35e88401001b3dec84010089f0f725e084010089d031d289c189d3
OBJD-T: 89f8f725e084010001c811da5b5e5f5dc3

----------------
IN: 
0x00009ee3:  
OBJD-T: 89c789d1a1986f01008b159c6f010005d007000083d20039f889d019c8730b

----------------
IN: 
0x00009f0d:  
OBJD-T: 893d986f0100890d9c6f0100837de400740d

----------------
IN: 
0x00009f1f:  
OBJD-T: 3975e47408

----------------
IN: 
0x00009f2c:  
OBJD-T: 833d40790100007433

----------------
IN: 
0x00009f68:  
OBJD-T: 89d88d65f45b5e5f5dc3

----------------
IN: 
0x000096f6:  
OBJD-T: 890385c07530

----------------
IN: 
0x0000972c:  
OBJD-T: 89d88d65f85b5e5dc3

----------------
IN: 
0x0000b442:  
OBJD-T: 89c689f8e87f2b0000

----------------
IN: 
0x0000b44b:  
OBJD-T: 85f60f84c9000000

----------------
IN: 
0x0000b453:  
OBJD-T: b84c000000e8482b0000

----------------
IN: 
0x0000b45d:  
OBJD-T: 89c385c00f84bb000000

----------------
IN: 
0x0000b467:  
OBJD-T: 897004833e007411

----------------
IN: 
0x0000b46f:  
OBJD-T: 8b45e080382f7409

----------------
IN: 
0x0000b480:  
OBJD-T: 89f0e819040000

----------------
IN: 
0x0000b8a0:  
OBJD-T: 5589e5565389c68b1da48301008338000f842a010000

----------------
IN: 
0x0000b8b6:  
OBJD-T: 85db0f84aa000000

----------------
IN: 
0x0000b8be:  
OBJD-T: 83ec0cff730868a2f9000068b3f900006a3868b6f90000e8271f0000

----------------
IN: 
0x0000b8da:  
OBJD-T: 83c4146a00b992b50000baaafa000089f0ff5310

----------------
IN: 
0x07fdbb05:  
OBJD-T: 5589e557565381ec4c01000089c38995b4feffff898dc8feffff8b45088985cc
OBJD-T: feffffa1bcc0fd07e834ea02f8

----------------
IN: 
0x0000a578:  
OBJD-T: 8b4604e8e6ffffff

----------------
IN: 
0x0000a580:  
OBJD-T: 8b36ebf0

----------------
IN: 
0x0000a574:  
OBJD-T: 85f6740c

----------------
IN: 
0x07fdbb32:  
OBJD-T: 8b03e87ef8ffff

----------------
IN: 
0x07fdb3b7:  
OBJD-T: 5589e557565381ecbc040000898540fbffffb864030000e8d22b03f8

----------------
IN: 
0x07fdb3d3:  
OBJD-T: 85c00f84d9020000

----------------
IN: 
0x07fdb3db:  
OBJD-T: 89c38b8540fbffff898350030000c78544fbffff400000008b8544fbffff998d
OBJD-T: 8d99fcffff51684f0300006a006a0089d189c28b8540fbffffe859eb02f8

----------------
IN: 
0x00009f72:  
OBJD-T: 5589e557565383ec3c8945e489d689cf8b4d088b5d0c0facd909c1eb0901ce11
OBJD-T: df8b450825ff01000031d28945d88955dc8b45e48b581c8b45d88b55dc05ff01
OBJD-T: 000083d20003451083d2000facd009c1ea098945d08955d485db743e

----------------
IN: 
0x0000a00c:  
OBJD-T: 8b45e48b40108945c88d48f78b45e48b500c8b40080fa5c2d3e0f6c1207404

----------------
IN: 
0x0000a02f:  
OBJD-T: 39c3b90000080019d17307

----------------
IN: 
0x0000a03a:  
OBJD-T: 31c0ba0000080039c689fb19d37310

----------------
IN: 
0x0000a049:  
OBJD-T: 29f019fa8b5dd039d889d01b45d47351

----------------
IN: 
0x0000a0aa:  
OBJD-T: a1a06f010040a3a06f010083f80f7618

----------------
IN: 
0x0000a0d2:  
OBJD-T: 89f083e03f31d20b45d80b55dc7508

----------------
IN: 
0x0000a0e1:  
OBJD-T: 85c00f84d9010000

----------------
IN: 
0x0000a2c2:  
OBJD-T: 817d10ff7f00000f86b6000000

----------------
IN: 
0x0000a385:  
OBJD-T: 837d10007507

----------------
IN: 
0x0000a392:  
OBJD-T: ff7514ff75106a006a0089f289f98b45e4e846f6ffff

----------------
IN: 
0x000099ee:  
OBJD-T: 5589e557565383ec3c89c68955e0894de48b45088b550c8945d88955dc8b5618
OBJD-T: 8b46048b4004ff75e4ff75e0e841feffff

----------------
IN: 
0x00009860:  
OBJD-T: 5589e557565383ec0c89c38955ec8b75088b7d0c69c27bc5270089c189f089fa
OBJD-T: 0facd006c1ea0601c869d3ffff070001d0b9fd03000031d2f7f16bd218399ae0
OBJD-T: 0f01007526

----------------
IN: 
0x000098a5:  
OBJD-T: 8d82e00f010031d28b5dec3958047518

----------------
IN: 
0x000098cd:  
OBJD-T: 89d083c40c5b5e5f5dc20800

----------------
IN: 
0x00009a1f:  
OBJD-T: 85c0742e

----------------
IN: 
0x00009a51:  
OBJD-T: b800800000e841450000

----------------
IN: 
0x0000de7d:  
OBJD-T: 8b7de03b077505

----------------
IN: 
0x0000de89:  
OBJD-T: 83c010e9c2000000

----------------
IN: 
0x00009a5b:  
OBJD-T: 89c785c00f84fb010000

----------------
IN: 
0x00009a65:  
OBJD-T: 8b46088b560c8945d08955d48b5e108d43f78945c8837dd4ff7506

----------------
IN: 
0x00009a80:  
OBJD-T: 837dd0ff7433

----------------
IN: 
0x00009ab9:  
OBJD-T: 8b45e08b55e48a4dc80fadd0d3eaf6c1207404

----------------
IN: 
0x00009ad0:  
OBJD-T: 515157b90f00000029d9bb01000000d3e35389d189c289f08b5e04ff5314

----------------
IN: 
0x07fdde20:  
OBJD-T: 5589e557565383ec1c89c389d689cf837d0800745d

----------------
IN: 
0x07fdde35:  
OBJD-T: 8b432889f289f9e8a9ffffff

----------------
IN: 
0x07fdddea:  
OBJD-T: 5589e5565383ec1089c389d089ca8b730cf64310017405

----------------
IN: 
0x07fdde01:  
OBJD-T: be3f000000518d4df05131db5356e872ec02f8

----------------
IN: 
0x07fdde14:  
OBJD-T: 89f02b45f08d65f85b5e5dc3

----------------
IN: 
0x07fdde41:  
OBJD-T: 8b55088955e439d07303

----------------
IN: 
0x07fdde4e:  
OBJD-T: 50ff75e4575689da31c0e810feffff

----------------
IN: 
0x07fddc6d:  
OBJD-T: 5589e557565383ec1c89c789d68b45088b550c8945e08955e48b45e48945d88b
OBJD-T: 5e288b431089c283e2028955dc7412

----------------
IN: 
0x07fddc9c:  
OBJD-T: 837dd800740c

----------------
IN: 
0x07fddcae:  
OBJD-T: 83e001747d

----------------
IN: 
0x07fddcb3:  
OBJD-T: 8b4e10b83f000000d3e08d880080060066c7800080060010008b451066894102
OBJD-T: c74104000000688b45e08b55e489410889510c837ddc000f8493000000

----------------
IN: 
0x07fddcf0:  
OBJD-T: 85ff7416

----------------
IN: 
0x07fddd0a:  
OBJD-T: 894ddc8b13b842000000e867f9ffff

----------------
IN: 
0x07fdd680:  
OBJD-T: 5589e583ec28c1e0088945d889c8c1e804662500f0668945de81e1ffff000089
OBJD-T: 4df08955f466c745e000028d55d8b813000000e8e4b902f8

----------------
IN: 
0x000090e8:  
OBJD-T: 9cfa8cd850b800008ec0b800808ed8b80002509d

----------------
IN: 
0x000090fc:  
OBJD-T: 66b800420000cd13

----------------
IN: 
0x07fdd6b8:  
OBJD-T: 8b45d80fb6c4c9c3

----------------
IN: 
0x07fddd19:  
OBJD-T: 85c07462

----------------
IN: 
0x07fddd7f:  
OBJD-T: 31c0eb5d

----------------
IN: 
0x07fddde0:  
OBJD-T: 8d65f45b5e5f5dc20c00

----------------
IN: 
0x07fdde5d:  
OBJD-T: 5a85c07530

----------------
IN: 
0x07fdde62:  
OBJD-T: 8b4b108b45e4d3e089c1ba008006008b450ce814e802f8

----------------
IN: 
0x07fdde79:  
OBJD-T: 8b4b108b45e4d3e001450c0375e483d7008b45e4294508eb9d

----------------
IN: 
0x07fdde2f:  
OBJD-T: 837d0800745d

----------------
IN: 
0x07fdde92:  
OBJD-T: a1407901008d65f45b5e5f5dc20800

----------------
IN: 
0x00009aee:  
OBJD-T: 5b5a85c0752f

----------------
IN: 
0x00009af4:  
OBJD-T: 8b45d88d14078b4d108b4514e8882b0000

----------------
IN: 
0x00009b05:  
OBJD-T: 8b56188b46048b40045357ff75e4ff75e0e830feffff

----------------
IN: 
0x0000994b:  
OBJD-T: 5589e557565383ec1c8945e48955e08b75088b7d0c69c27bc5270089f189fb0f
OBJD-T: acd906c1eb0601c86955e4ffff070001d0b9fd03000031d2f7f16bc2188945dc
OBJD-T: 8d98e00f0100c780f40f0100010000008b80f00f0100e824460000

----------------
IN: 
0x000099a6:  
OBJD-T: 31c0894310894314b800800000e8e4450000

----------------
IN: 
0x000099b8:  
OBJD-T: 89431085c07425

----------------
IN: 
0x000099bf:  
OBJD-T: b9008000008b5510e8c12c0000

----------------
IN: 
0x000099cc:  
OBJD-T: 8b45dc8b4de48988e00f01008b45e0894304897308897b0c83c41c5b5e5f5dc2
OBJD-T: 0c00

----------------
IN: 
0x00009b1b:  
OBJD-T: 5889f8e95a010000

----------------
IN: 
0x00009c7d:  
OBJD-T: e848430000

----------------
IN: 
0x00009c82:  
OBJD-T: 8b5e2031c085db7429

----------------
IN: 
0x00009cb4:  
OBJD-T: 8d65f45b5e5f5dc21000

----------------
IN: 
0x0000a3a8:  
OBJD-T: 85c074df

----------------
IN: 
0x0000a38b:  
OBJD-T: a140790100eb1a

----------------
IN: 
0x0000a3ac:  
OBJD-T: ff0da06f0100eb1c

----------------
IN: 
0x0000a3d0:  
OBJD-T: 8d65f45b5e5f5dc21000

----------------
IN: 
0x07fdb419:  
OBJD-T: 85c07416

----------------
IN: 
0x07fdb433:  
OBJD-T: b905000000ba98bffd078d859afcffffe8f31203f8

----------------
IN: 
0x0000c73b:  
OBJD-T: 85c9742a

----------------
IN: 
0x0000c73f:  
OBJD-T: 5589e5565389c389d60fb6030fb61684c07411

----------------
IN: 
0x0000c752:  
OBJD-T: 84d2740d

----------------
IN: 
0x0000c756:  
OBJD-T: 4938d07508

----------------
IN: 
0x0000c75b:  
OBJD-T: 85c97404

----------------
IN: 
0x0000c75f:  
OBJD-T: 4346ebe5

----------------
IN: 
0x0000c748:  
OBJD-T: 0fb6030fb61684c07411

----------------
IN: 
0x0000c763:  
OBJD-T: 29d05b5e5dc3

----------------
IN: 
0x07fdb448:  
OBJD-T: 85c075d1

----------------
IN: 
0x07fdb44c:  
OBJD-T: 8a8599fcffff3c017458

----------------
IN: 
0x07fdb4ae:  
OBJD-T: b94f0300008d9599fcffff89d8e8cd1103f8

----------------
IN: 
0x07fdb4c0:  
OBJD-T: 31c08983540300008b839e0000008d14850000000031c98b83500300008db55f
OBJD-T: fbffff566a216a006a00e883ea02f8

----------------
IN: 
0x0000a0e9:  
OBJD-T: 89f083e0c08945d0897dd489f183e13fc1e109bb008000008b45d829c329cb39
OBJD-T: 5d107303

----------------
IN: 
0x0000a10d:  
OBJD-T: 8b5d10ff7514538b45d88b55dc01c883d20052508b55d08b4dd48b45e4e8bff8
OBJD-T: ffff

----------------
IN: 
0x000098b5:  
OBJD-T: 39780c7511

----------------
IN: 
0x000098ba:  
OBJD-T: 397008750c

----------------
IN: 
0x000098bf:  
OBJD-T: c74014010000008b5010eb02

----------------
IN: 
0x00009a23:  
OBJD-T: 8b7dd88d14388b4d108b4514e8592c0000

----------------
IN: 
0x00009a34:  
OBJD-T: 8b56188b46048b40045151ff75e4ff75e0e88ffeffff

----------------
IN: 
0x000098d9:  
OBJD-T: 5589e557565383ec0c89c38955ec8b75088b7d0c69c27bc5270089c189f089fa
OBJD-T: 0facd006c1ea0601c869d3ffff070001d0b9fd03000031d2f7f16bd218399ae0
OBJD-T: 0f01007523

----------------
IN: 
0x0000991e:  
OBJD-T: 8b5dec399ae40f01007518

----------------
IN: 
0x00009929:  
OBJD-T: 39baec0f01007510

----------------
IN: 
0x00009931:  
OBJD-T: 39b2e80f01007508

----------------
IN: 
0x00009939:  
OBJD-T: 31c08982f40f010083c40c5b5e5f5dc20800

----------------
IN: 
0x00009a4a:  
OBJD-T: 5b5fe931020000

----------------
IN: 
0x0000a12f:  
OBJD-T: 85c00f8575020000

----------------
IN: 
0x0000a137:  
OBJD-T: 015d14295d108b45d88b55dc01d883d2000facd009c1ea0901c611d7e96a0100
OBJD-T: 00

----------------
IN: 
0x07fdb4ef:  
OBJD-T: 85c00f859c000000

----------------
IN: 
0x07fdb4f7:  
OBJD-T: 0fb6b57ffbffff4683e6fe83c6200fb6855ffbffff29f0898550fbffff0f8463
OBJD-T: 010000

----------------
IN: 
0x07fdb51a:  
OBJD-T: 83f8037f0c

----------------
IN: 
0x07fdb52b:  
OBJD-T: 8b8550fbffffe8662a03f8

----------------
IN: 
0x07fdb536:  
OBJD-T: 898554fbffff85c00f8421010000

----------------
IN: 
0x07fdb544:  
OBJD-T: 89b548fbffff31c089854cfbffff8b839e0000008d14850000000031c98b8350
OBJD-T: 030000ffb554fbffffffb550fbffffffb54cfbffffffb548fbffffe8eee902f8

----------------
IN: 
0x07fdb584:  
OBJD-T: 85c07414

----------------
IN: 
0x07fdb59c:  
OBJD-T: b902000000babcbffd078b8554fbffffe88a1103f8

----------------
IN: 
0x07fdb5b1:  
OBJD-T: 85c00f85b3000000

----------------
IN: 
0x07fdb5b9:  
OBJD-T: 899d80fbffffc78588fbffff08000000c78584fbffff0100000031ff89bd8cfb
OBJD-T: ffff8dbd90fbffff8db39c000000b921000000f3a4

----------------
IN: 
0x07fdb5ec:  
OBJD-T: f3a4

----------------
IN: 
0x07fdb5ee:  
OBJD-T: 83bd50fbffff067e0c

----------------
IN: 
0x07fdb5f7:  
OBJD-T: 8b8554fbffff80780206771e

----------------
IN: 
0x07fdb621:  
OBJD-T: 8b8554fbffff0fb6400689835803000052536866aafd07ffb550fbffff8b9548
OBJD-T: fbffff8b8d4cfbffff8d8580fbffffe842f4ffff

----------------
IN: 
0x07fdaa97:  
OBJD-T: 5589e557565383ec2c8945dc837d08000f8edd000000

----------------
IN: 
0x07fdaaad:  
OBJD-T: 837d08037f0c

----------------
IN: 
0x07fdaabf:  
OBJD-T: 89d689cf8b4508e8d13403f8

----------------
IN: 
0x07fdaacb:  
OBJD-T: 89c385c00f8430010000

----------------
IN: 
0x07fdaad5:  
OBJD-T: 505053ff750889f289f98b45dce864feffff

----------------
IN: 
0x07fda94b:  
OBJD-T: 5589e557565383ec1c89c389d689cf31d28955e4837d08000f849a000000

----------------
IN: 
0x07fda969:  
OBJD-T: 8b43048945e08b55e03955e4721a

----------------
IN: 
0x07fda991:  
OBJD-T: 6b45e4218b44031a31d239c689f919d17209

----------------
IN: 
0x07fda9ac:  
OBJD-T: 6b45e4218b44031a8945e03945087306

----------------
IN: 
0x07fda9bc:  
OBJD-T: 8b45088945e06b45e4218b44031231d20fa4c202c1e00289d189c28b038b8050
OBJD-T: 030000ff750cff75e05756e886f502f8

----------------
IN: 
0x07fda9ec:  
OBJD-T: 85c07515

----------------
IN: 
0x07fda9f0:  
OBJD-T: 8b45e029450801c683d70001450ce95cffffff

----------------
IN: 
0x07fda95f:  
OBJD-T: 837d08000f849a000000

----------------
IN: 
0x07fdaa03:  
OBJD-T: 31c08d65f45b5e5f5dc20800

----------------
IN: 
0x07fdaae7:  
OBJD-T: 89c2585985d20f849e000000

----------------
IN: 
0x07fdab91:  
OBJD-T: 89de31ff31c9894de4eb9b

----------------
IN: 
0x07fdab37:  
OBJD-T: 0fb6430284c07475

----------------
IN: 
0x07fdab3f:  
OBJD-T: 8b4d0801f1894de001d839c17267

----------------
IN: 
0x07fdab4d:  
OBJD-T: b902000000ba0ebffd0789d8e8dd1b03f8

----------------
IN: 
0x07fdab5e:  
OBJD-T: 85c07452

----------------
IN: 
0x07fdab62:  
OBJD-T: b902000000ba11bffd0789d8e8c81b03f8

----------------
IN: 
0x07fdab73:  
OBJD-T: 85c07425

----------------
IN: 
0x07fdab77:  
OBJD-T: 8b551089d8ff550c

----------------
IN: 
0x07fdaa66:  
OBJD-T: 5589e5535189d3b902000000baf3befd07e8bf1c03f8

----------------
IN: 
0x07fdaa7c:  
OBJD-T: 85c07511

----------------
IN: 
0x07fdaa91:  
OBJD-T: 31c05a5b5dc3

----------------
IN: 
0x07fdab7f:  
OBJD-T: 85c07496

----------------
IN: 
0x07fdab19:  
OBJD-T: 0fb6430201c38b45e029d883f8030f8e87000000

----------------
IN: 
0x07fdab2d:  
OBJD-T: 89f88b7d08897d0889c70fb6430284c07475

----------------
IN: 
0x07fdab9c:  
OBJD-T: 85ff0f8e59ffffff

----------------
IN: 
0x07fdaafd:  
OBJD-T: 8b7b148b430c31d28945d08955d48b4304c1e0028945c831c08945cc0fb64302
OBJD-T: 01c38b45e029d883f8030f8e87000000

----------------
IN: 
0x07fdabb4:  
OBJD-T: 85ff7ecb

----------------
IN: 
0x07fdabb8:  
OBJD-T: ff45e489f0817de4a08601007e0e

----------------
IN: 
0x07fdabd4:  
OBJD-T: 83ff037f1a

----------------
IN: 
0x07fdabf3:  
OBJD-T: e8d23303f8

----------------
IN: 
0x07fdabf8:  
OBJD-T: 89f8e89d3303f8

----------------
IN: 
0x07fdabff:  
OBJD-T: 89c685c07508

----------------
IN: 
0x07fdac0d:  
OBJD-T: 8b45dc8b008b80500300005657ff75d4ff75d08b55c88b4dcce847f302f8

----------------
IN: 
0x07fdac2b:  
OBJD-T: 85c07509

----------------
IN: 
0x07fdac2f:  
OBJD-T: 89f331c0e9fafeffff

----------------
IN: 
0x07fdab32:  
OBJD-T: 897d0889c70fb6430284c07475

----------------
IN: 
0x07fdaa80:  
OBJD-T: c7835403000001000000b801000000eb02

----------------
IN: 
0x07fdaa93:  
OBJD-T: 5a5b5dc3

----------------
IN: 
0x07fdab83:  
OBJD-T: 89f0e8403403f8

----------------
IN: 
0x07fdab8a:  
OBJD-T: 31d2e9b4000000

----------------
IN: 
0x07fdac45:  
OBJD-T: 89d08d65f45b5e5f5dc20c00

----------------
IN: 
0x07fdb655:  
OBJD-T: 5985c07412

----------------
IN: 
0x07fdb66c:  
OBJD-T: 8b8554fbffffe8532903f8

----------------
IN: 
0x07fdb677:  
OBJD-T: eb04

----------------
IN: 
0x07fdb67d:  
OBJD-T: 838544fbffff0480bd99fcffffff0f8562fdffff

----------------
IN: 
0x07fdb3f3:  
OBJD-T: 8b8544fbffff998d8d99fcffff51684f0300006a006a0089d189c28b8540fbff
OBJD-T: ffe859eb02f8

----------------
IN: 
0x07fdb456:  
OBJD-T: 83bb54030000000f851a020000

----------------
IN: 
0x07fdb691:  
OBJD-T: eb23

----------------
IN: 
0x07fdb6b6:  
OBJD-T: 89d88d65f45b5e5f5dc3

----------------
IN: 
0x07fdbb39:  
OBJD-T: 89c385c00f8483000000

----------------
IN: 
0x07fdbb43:  
OBJD-T: 8985d0feffff31c08985d8feffffc785d4feffff0100000031d28995dcfeffff
OBJD-T: 8dbde0feffff8db39c000000b921000000f3a4

----------------
IN: 
0x07fdbb74:  
OBJD-T: f3a4

----------------
IN: 
0x07fdbb76:  
OBJD-T: 8db5d0feffff516a02689db3fd0768c9adfd078d8dc4feffff89f28b85b4feff
OBJD-T: ffe819140000

----------------
IN: 
0x07fdcfb5:  
OBJD-T: 5589e583ec08ff7510ff750c6a00ff7508e839feffff

----------------
IN: 
0x07fdce04:  
OBJD-T: 5589e557565383ec1c89c38945d88955dc31f68975e08975e485c07405

----------------
IN: 
0x07fdce21:  
OBJD-T: 80382f740e

----------------
IN: 
0x07fdce34:  
OBJD-T: 89cf8d45d8e807feffff

----------------
IN: 
0x07fdcc45:  
OBJD-T: 5589e5535289c3837b0c007409

----------------
IN: 
0x07fdcc5b:  
OBJD-T: 585b5dc3

----------------
IN: 
0x07fdce3e:  
OBJD-T: b9020000008b55dc8d45d8e892fdffff

----------------
IN: 
0x07fdcbe0:  
OBJD-T: 5589e557565383ec0c89c689d789cbb80c000000e8a31303f8

----------------
IN: 
0x07fdcbf9:  
OBJD-T: 85c07507

----------------
IN: 
0x07fdcc04:  
OBJD-T: 89780480e7fe8958088b560c891089460c31c083c40c5b5e5f5dc3

----------------
IN: 
0x07fdce4e:  
OBJD-T: 89c685c00f858a000000

----------------
IN: 
0x07fdce58:  
OBJD-T: 89d8e8bcfb02f8

----------------
IN: 
0x07fdce5f:  
OBJD-T: 89c38b354079010085c07477

----------------
IN: 
0x07fdce6b:  
OBJD-T: 56568d45d850ff75108b4d0c8b550889d8e8defdffff

----------------
IN: 
0x07fdcc5f:  
OBJD-T: 5589e557565383ec3c89c68955bc894dc08b5d0c31c08945d48945d889f28a02
OBJD-T: 3c2f7503

----------------
IN: 
0x07fdcc83:  
OBJD-T: 42ebf7

----------------
IN: 
0x07fdcc7d:  
OBJD-T: 8a023c2f7503

----------------
IN: 
0x07fdcc86:  
OBJD-T: 84c00f8456010000

----------------
IN: 
0x07fdcde4:  
OBJD-T: 31c0eb12

----------------
IN: 
0x07fdcdfa:  
OBJD-T: 8d65f45b5e5f5dc20800

----------------
IN: 
0x07fdce81:  
OBJD-T: 89c6585a89d8e83e1103f8

----------------
IN: 
0x07fdce8c:  
OBJD-T: 85f6740a

----------------
IN: 
0x07fdce9a:  
OBJD-T: 8b45e48b4804890f8b580831c98948048d45d8e893fdffff

----------------
IN: 
0x07fdcc52:  
OBJD-T: 89d8e8c6ffffff

----------------
IN: 
0x07fdcc1f:  
OBJD-T: 5589e553518b580c8b1389500c8b53043b50047407

----------------
IN: 
0x07fdcc34:  
OBJD-T: 89d0e88f1303f8

----------------
IN: 
0x07fdcc3b:  
OBJD-T: 89d85a5b5de9851303f8

----------------
IN: 
0x07fdcc59:  
OBJD-T: ebf1

----------------
IN: 
0x07fdcc4c:  
OBJD-T: 837b0c007409

----------------
IN: 
0x07fdceb2:  
OBJD-T: 837d1401750c

----------------
IN: 
0x07fdcec4:  
OBJD-T: 837d14027518

----------------
IN: 
0x07fdceca:  
OBJD-T: 83fb027413

----------------
IN: 
0x07fdcee2:  
OBJD-T: 89f08d65f45b5e5f5dc21000

----------------
IN: 
0x07fdcfcb:  
OBJD-T: c9c20c00

----------------
IN: 
0x07fdbb9c:  
OBJD-T: 5f85c07525

----------------
IN: 
0x07fdbba1:  
OBJD-T: 8d8dc8feffffba01b3fd078b85c4feffffe812f2ffff

----------------
IN: 
0x07fdadc9:  
OBJD-T: 5589e557565381ec6c01000089859cfeffff899598feffff898d8cfeffff6b50
OBJD-T: 042101c231ff89bd90feffff89bd94feffff39d07415

----------------
IN: 
0x07fdadff:  
OBJD-T: 8b781a01bd90feffff839594feffff0083c021ebe7

----------------
IN: 
0x07fdadfb:  
OBJD-T: 39d07415

----------------
IN: 
0x07fdae14:  
OBJD-T: 31f689b5a0feffff89b5a4feffff8b8590feffff3985a0feffff8b85a4feffff
OBJD-T: 1b8594feffff0f839c040000

----------------
IN: 
0x07fdae40:  
OBJD-T: 31c08985bcfeffff8985c0feffff52528d85c7feffff506a218b95a0feffff8b
OBJD-T: 8da4feffff8b859cfeffffe8dbfaffff

----------------
IN: 
0x07fdae70:  
OBJD-T: 595b85c00f8562040000

----------------
IN: 
0x07fdae7a:  
OBJD-T: 0fb68dc7feffff84c9752a

----------------
IN: 
0x07fdaeaf:  
OBJD-T: 8bbda0feffff8d5f218a85e7feffff8bb59cfeffff8b368b9658030000c785b0
OBJD-T: feffff00000000c785b4feffff00000000c785b8feffff0000000083be540300
OBJD-T: 0000752e

----------------
IN: 
0x07fdaf21:  
OBJD-T: 25fe0000008d70228d043201f899578dbdb0feffff57685bbcfd0729f15189d1
OBJD-T: 89c28b859cfeffffe849fbffff

----------------
IN: 
0x07fdbc5b:  
OBJD-T: 5589e557565383ec1c89c689d3b90200000089c2b84bc0fd07e8c20a03f8

----------------
IN: 
0x07fdbc79:  
OBJD-T: 85c00f85c6000000

----------------
IN: 
0x07fdbd47:  
OBJD-T: b902000000ba4ec0fd0789f0e8e30903f8

----------------
IN: 
0x07fdbd58:  
OBJD-T: 85c07545

----------------
IN: 
0x07fdbda1:  
OBJD-T: b90200000089f2b851c0fd07e8890903f8

----------------
IN: 
0x07fdbdb2:  
OBJD-T: 85c075e4

----------------
IN: 
0x07fdbd9a:  
OBJD-T: 31c0e9e2000000

----------------
IN: 
0x07fdbe83:  
OBJD-T: 83c41c5b5e5f5dc3

----------------
IN: 
0x07fdbd5c:  
OBJD-T: 668b46042500f000003d008000007417

----------------
IN: 
0x07fdbd6c:  
OBJD-T: 3d00a000007419

----------------
IN: 
0x07fdbd73:  
OBJD-T: 3d00400000751b

----------------
IN: 
0x07fdbd7a:  
OBJD-T: c7430802000000eb17

----------------
IN: 
0x07fdaf4e:  
OBJD-T: 5a85c074a0

----------------
IN: 
0x07fdaef3:  
OBJD-T: 89d89951518d8de8feffff510fb68de7feffff5189d189da8b859cfeffffe835
OBJD-T: faffff

----------------
IN: 
0x07fdaf16:  
OBJD-T: 5b5e85c0743c

----------------
IN: 
0x07fdaf58:  
OBJD-T: b818010000e83a3003f8

----------------
IN: 
0x07fdaf62:  
OBJD-T: 89c385c00f8470030000

----------------
IN: 
0x07fdaf6c:  
OBJD-T: c7400808000000c74004010000008b859cfeffff8b10891331ff897b0c83bdb8
OBJD-T: feffff007523

----------------
IN: 
0x07fdafb5:  
OBJD-T: 83bdb0feffff00752d

----------------
IN: 
0x07fdafbe:  
OBJD-T: 80bde7feffff017524

----------------
IN: 
0x07fdafc7:  
OBJD-T: 8a85e8feffff84c0750c

----------------
IN: 
0x07fdafd1:  
OBJD-T: c785b0feffff79bffd07eb0e

----------------
IN: 
0x07fdafeb:  
OBJD-T: 83ba5c030000007570

----------------
IN: 
0x07fdaff4:  
OBJD-T: 83bdb0feffff007567

----------------
IN: 
0x07fdb064:  
OBJD-T: 8b859cfeffff8b0083b85c030000007440

----------------
IN: 
0x07fdb0b5:  
OBJD-T: 8d7b108db5c7feffffb921000000f3a4

----------------
IN: 
0x07fdb0c3:  
OBJD-T: f3a4

----------------
IN: 
0x07fdb0c5:  
OBJD-T: 80bde0feffff000f89fd000000

----------------
IN: 
0x07fdb1cf:  
OBJD-T: 8b85bcfeffff85c00f84a6000000

----------------
IN: 
0x07fdb283:  
OBJD-T: 83ec0cffb58cfeffff89d98b95b8feffff8b85b0feffff8bbd98feffffffd7

----------------
IN: 
0x07fdb301:  
OBJD-T: 5589e557565383ec3c89c68955c489cb8b7d08b91400000031d28d45d4e86915
OBJD-T: 03f8

----------------
IN: 
0x07fdb323:  
OBJD-T: 807dc4020f94c28a45d483e0fe09d08845d40fb6432266056c07668945cc8a43
OBJD-T: 278b53238955ce8845d28d55d88d45cce888f4ffff

----------------
IN: 
0x07fda7e0:  
OBJD-T: 5589e557565383ec3c89c38955b88d7dd8bebcbefd07b906000000f3a5

----------------
IN: 
0x07fda7fb:  
OBJD-T: f3a5

----------------
IN: 
0x07fda7fd:  
OBJD-T: 8d7dccbed4befd07b903000000f3a5

----------------
IN: 
0x07fda80a:  
OBJD-T: f3a5

----------------
IN: 
0x07fda80c:  
OBJD-T: 668b00668945be662d6d07663d89000f87f6000000

----------------
IN: 
0x07fda821:  
OBJD-T: 8a53028d4aff31c080f90b0f87e7000000

----------------
IN: 
0x07fda832:  
OBJD-T: 0fb745be8d48ffc1f90281e9ed0100002db50700008d348d0000000029f069c9
OBJD-T: 801f860769f08033e1018dbc3100eca4050fb6ca8d71ff0fb74c4dd669c98051
OBJD-T: 010001cf80fa02760b

----------------
IN: 
0x07fda87b:  
OBJD-T: 83f8037506

----------------
IN: 
0x07fda886:  
OBJD-T: 0fb65303385435cc7314

----------------
IN: 
0x07fda8a4:  
OBJD-T: 31c084d2746f

----------------
IN: 
0x07fda8aa:  
OBJD-T: 8a43048845bd31c0807dbd177761

----------------
IN: 
0x07fda8b8:  
OBJD-T: 0fb64b0580f93b7758

----------------
IN: 
0x07fda8c1:  
OBJD-T: 0fb65b0680fb3c774f

----------------
IN: 
0x07fda8ca:  
OBJD-T: 4a69d2805101008d043a0fb655bd69d2100e000001c26bc93c01d101cb66817d
OBJD-T: bebc077608

----------------
IN: 
0x07fda8ef:  
OBJD-T: 31c085db7910

----------------
IN: 
0x07fda905:  
OBJD-T: 8b45b88918c1fb1f895804b801000000eb02

----------------
IN: 
0x07fda919:  
OBJD-T: 83c43c5b5e5f5dc3

----------------
IN: 
0x07fdb358:  
OBJD-T: 85c07416

----------------
IN: 
0x07fdb35c:  
OBJD-T: 0fb6432869c0840300002945d8835ddc00b80100000083e001d1e08a55d483e2
OBJD-T: fd09d08845d489d8e8412c03f8

----------------
IN: 
0x07fdb389:  
OBJD-T: 8b4f048d55d489f0ff17

----------------
IN: 
0x0000b592:  
OBJD-T: b801000000c3

----------------
IN: 
0x07fdb393:  
OBJD-T: 83c43c5b5e5f5dc20400

----------------
IN: 
0x07fdb2a2:  
OBJD-T: 83c40c85c0741d

----------------
IN: 
0x07fdb2a9:  
OBJD-T: 83bdb4feffff007507

----------------
IN: 
0x07fdb2b2:  
OBJD-T: b801000000eb40

----------------
IN: 
0x07fdb2f9:  
OBJD-T: 8d65f45b5e5f5dc3

----------------
IN: 
0x07fdbbb7:  
OBJD-T: 8b85c4feffff39f07405

----------------
IN: 
0x07fdbbc6:  
OBJD-T: 89d8e8fd2303f8

----------------
IN: 
0x07fdbbcd:  
OBJD-T: a1bcc0fd07e8dae902f8

----------------
IN: 
0x0000a5b1:  
OBJD-T: 85c07443

----------------
IN: 
0x0000a5b5:  
OBJD-T: 5589e5565389c38b701085f6740c

----------------
IN: 
0x0000a5c3:  
OBJD-T: 8b4604e8e6ffffff

----------------
IN: 
0x0000a5cf:  
OBJD-T: 8b43048b530883c0ff83d2ff8b4b0839430419d18943048953087312

----------------
IN: 
0x0000a5fd:  
OBJD-T: 8d65f85b5e5dc3

----------------
IN: 
0x0000a5cb:  
OBJD-T: 8b36ebf0

----------------
IN: 
0x0000a5bf:  
OBJD-T: 85f6740c

----------------
IN: 
0x07fdbbd7:  
OBJD-T: a1407901008d65f45b5e5f5dc20400

----------------
IN: 
0x0000b8ee:  
OBJD-T: 83c40c833d40790100000f8403010000

----------------
IN: 
0x0000ba01:  
OBJD-T: 89d88d65f85b5e5dc3

----------------
IN: 
0x0000b487:  
OBJD-T: 89430885c00f8490000000

----------------
IN: 
0x0000b492:  
OBJD-T: 8b4b088b55e089d8ff5114

----------------
IN: 
0x07fdba0e:  
OBJD-T: 5589e557565381ec3c01000089c38995c0feffffa1bcc0fd07e83aeb02f8

----------------
IN: 
0x07fdba2c:  
OBJD-T: 8b43048b00e881f9ffff

----------------
IN: 
0x07fdba36:  
OBJD-T: 8985c4feffff85c00f849c000000

----------------
IN: 
0x07fdba44:  
OBJD-T: 8985d0feffff31d28995d8feffffc785d4feffff0100000031c9898ddcfeffff
OBJD-T: 8dbde0feffff8db09c000000b921000000f3a4

----------------
IN: 
0x07fdba75:  
OBJD-T: f3a4

----------------
IN: 
0x07fdba77:  
OBJD-T: 566a01689db3fd0768c9adfd078d8dccfeffff8d95d0feffff8b85c0feffffe8
OBJD-T: 1a150000

----------------
IN: 
0x07fdcc8e:  
OBJD-T: 89d68a0e884dc784c97408

----------------
IN: 
0x07fdcc99:  
OBJD-T: 80f92f7403

----------------
IN: 
0x07fdcc9e:  
OBJD-T: 46ebef

----------------
IN: 
0x07fdcc90:  
OBJD-T: 8a0e884dc784c97408

----------------
IN: 
0x07fdcca1:  
OBJD-T: 8b4b0c83790802740e

----------------
IN: 
0x07fdccb8:  
OBJD-T: 89f729d783ff017506

----------------
IN: 
0x07fdccc7:  
OBJD-T: 3c2e7519

----------------
IN: 
0x07fdcce4:  
OBJD-T: c60600837dc0008b430c8d4dd48b40047411

----------------
IN: 
0x07fdcd07:  
OBJD-T: 8955dc894de08d55d88955e48d4ddcbaeecefd078b7dbcffd7

----------------
IN: 
0x07fdceee:  
OBJD-T: 5589e557565383ec2c8945d4894dd08b7d0885d2750f

----------------
IN: 
0x07fdcf13:  
OBJD-T: 89d38b078945d80fbae2087366

----------------
IN: 
0x07fdcf86:  
OBJD-T: 8b55d48b45d8e886f702f8

----------------
IN: 
0x07fdcf91:  
OBJD-T: 85c00f856bffffff

----------------
IN: 
0x07fdcf04:  
OBJD-T: 8b45d0e8be1003f8

----------------
IN: 
0x07fdcf0c:  
OBJD-T: 31c0e998000000

----------------
IN: 
0x07fdcfab:  
OBJD-T: 83c42c5b5e5f5dc20400

----------------
IN: 
0x07fdb2c6:  
OBJD-T: 83bdb4feffff007411

----------------
IN: 
0x07fdb2e0:  
OBJD-T: 0fb685c7feffff0185a0feffff8395a4feffff00e929fbffff

----------------
IN: 
0x07fdae22:  
OBJD-T: 8b8590feffff3985a0feffff8b85a4feffff1b8594feffff0f839c040000

----------------
IN: 
0x07fdafdd:  
OBJD-T: fec8750a

----------------
IN: 
0x07fdafe1:  
OBJD-T: c785b0feffff7bbffd0783ba5c030000007570

----------------
IN: 
0x07fdbc81:  
OBJD-T: 8a4604a802741d

----------------
IN: 
0x07fdbca5:  
OBJD-T: a804741d

----------------
IN: 
0x07fdbcc6:  
OBJD-T: 0fb646023c040f86c8000000

----------------
IN: 
0x07fdbcd2:  
OBJD-T: 8d48fb894de48b0b894de0837b0400742b

----------------
IN: 
0x07fdbd0e:  
OBJD-T: 83e804e88f2203f8

----------------
IN: 
0x07fdbd16:  
OBJD-T: 31ff890385c0750a

----------------
IN: 
0x07fdbd28:  
OBJD-T: c74304010000008d560501f88b4de4e8510903f8

----------------
IN: 
0x07fdbd3c:  
OBJD-T: 033b8b45e4c6040700eb53

----------------
IN: 
0x07fdcf99:  
OBJD-T: 8b47048b75d089308b47088918b80100000083c42c5b5e5f5dc20400

----------------
IN: 
0x07fdb2b9:  
OBJD-T: 8b85b0feffffe8062d03f8

----------------
IN: 
0x07fdb2c4:  
OBJD-T: ebec

----------------
IN: 
0x07fdcd20:  
OBJD-T: 85c07407

----------------
IN: 
0x07fdcd24:  
OBJD-T: 8a45c78806eb12

----------------
IN: 
0x07fdcd3d:  
OBJD-T: 8b55d485d20f84a0000000

----------------
IN: 
0x07fdcd48:  
OBJD-T: 8b4dd889d8e88efeffff

----------------
IN: 
0x07fdcd52:  
OBJD-T: 8b530c837a08030f8514ffffff

----------------
IN: 
0x07fdcc73:  
OBJD-T: 31c08945d48945d889f28a023c2f7503

----------------
IN: 
0x07fdb2cf:  
OBJD-T: 8b85b0feffffe8f02c03f8

----------------
IN: 
0x07fdb2da:  
OBJD-T: eb04

----------------
IN: 
0x07fdbd83:  
OBJD-T: c7430801000000eb0e

----------------
IN: 
0x07fdae85:  
OBJD-T: 8b85a0feffff8b95a4feffff2500f8ffff050008000083d2008985a0feffff89
OBJD-T: 95a4feffffe931040000

----------------
IN: 
0x000090e8:  
OBJD-T: 9cfa8cd850b800008ec0b800808ed8b80002509d

----------------
IN: 
0x000090fc:  
OBJD-T: 66b800420000cd13

----------------
IN: 
0x07fdceb8:  
OBJD-T: 4b7427

----------------
IN: 
0x07fdba9b:  
OBJD-T: 89c25f85c0753e

----------------
IN: 
0x07fdbaa2:  
OBJD-T: 8b85ccfeffff8bbdc4feffff898760030000897b406b48042101c131f631ff39
OBJD-T: c8740b

----------------
IN: 
0x07fdbac5:  
OBJD-T: 03701a83d70083c021ebf1

----------------
IN: 
0x07fdbac1:  
OBJD-T: 39c8740b

----------------
IN: 
0x07fdbad0:  
OBJD-T: 897334897b3831c089430c894310eb1b

----------------
IN: 
0x07fdbafb:  
OBJD-T: 89d08d65f45b5e5f5dc3

----------------
IN: 
0x0000b49d:  
OBJD-T: 89c785c0757f

----------------
IN: 
0x0000b4a3:  
OBJD-T: 837b40007479

----------------
IN: 
0x0000b4a9:  
OBJD-T: 8b43088b400c85c07405

----------------
IN: 
0x0000b4b3:  
OBJD-T: e8aef0ffff

----------------
IN: 
0x0000b4b8:  
OBJD-T: 8b45e4e85b150000

----------------
IN: 
0x0000b4c0:  
OBJD-T: 890331d289154079010031c08b0cbd8c83010085c9742c

----------------
IN: 
0x0000b503:  
OBJD-T: 4785db7407

----------------
IN: 
0x0000b508:  
OBJD-T: 83ff0475bf

----------------
IN: 
0x0000b4cc:  
OBJD-T: 8b0cbd8c83010085c9742c

----------------
IN: 
0x0000b50d:  
OBJD-T: eb30

----------------
IN: 
0x0000b53f:  
OBJD-T: 89d883c41c5b5e5f5dc3

----------------
IN: 
0x0000ad6f:  
OBJD-T: 85c07419

----------------
IN: 
0x0000ad73:  
OBJD-T: 89c38b783489f8e81d320000

----------------
IN: 
0x0000ad7f:  
OBJD-T: 89c685c0750b

----------------
IN: 
0x0000ad90:  
OBJD-T: 89f989c289d8e841050000

----------------
IN: 
0x0000b2dc:  
OBJD-T: 5589e557565383ec2c89c38955d48b700c8b78108b40348b53388945e08955e4
OBJD-T: 3975e08b45e419f87319

----------------
IN: 
0x0000b31f:  
OBJD-T: 31c085c9747a

----------------
IN: 
0x0000b325:  
OBJD-T: 8b45e08b55e429f019fa39c8894dd8c745dc0000000089d01b45dc7305

----------------
IN: 
0x0000b347:  
OBJD-T: 85c97904

----------------
IN: 
0x0000b34f:  
OBJD-T: b8000000007449

----------------
IN: 
0x0000b356:  
OBJD-T: 8b43448945e08b43488945d8837de0007511

----------------
IN: 
0x0000b368:  
OBJD-T: a188830100894344895b48897314897b188b55d489d88b7b08ff5718

----------------
IN: 
0x07fdaa0f:  
OBJD-T: 5589e557565383ec1489d689cf8b58408b93500300008b4844894a208b484889
OBJD-T: 4a248b500c8b48108b83600300005657e807ffffff

----------------
IN: 
0x07fda9c2:  
OBJD-T: 6b45e4218b44031231d20fa4c202c1e00289d189c28b038b8050030000ff750c
OBJD-T: ff75e05756e886f502f8

----------------
IN: 
0x000090e8:  
OBJD-T: 9cfa8cd850b888fd8ec0b800808ed8b80002509d

----------------
IN: 
0x000090fc:  
OBJD-T: 66b800420000cd13

----------------
IN: 
0x07fdaa44:  
OBJD-T: 8b935003000031c9894a205b5e0b054079010089f87403

----------------
IN: 
0x07fdaa5e:  
OBJD-T: 8d65f45b5e5f5dc3

----------------
IN: 
0x0000b384:  
OBJD-T: 8b7de0897b448b7dd8897b4885c07e0b

----------------
IN: 
0x0000b394:  
OBJD-T: 89c7c1ff1f01430c117b108d65f45b5e5f5dc3

----------------
IN: 
0x0000ad9b:  
OBJD-T: 39f87410

----------------
IN: 
0x0000adaf:  
OBJD-T: 8945e489d8e8ee050000

----------------
IN: 
0x0000b3a7:  
OBJD-T: 5589e5535189c38b40088b400c85c07405

----------------
IN: 
0x0000b3b8:  
OBJD-T: e8f4f1ffff

----------------
IN: 
0x0000b3bd:  
OBJD-T: 8b43088b501c85d27404

----------------
IN: 
0x0000b3c7:  
OBJD-T: 89d8ffd2

----------------
IN: 
0x07fda921:  
OBJD-T: 5589e553528b58408b8360030000e8963603f8

----------------
IN: 
0x07fda934:  
OBJD-T: 89d8e88f3603f8

----------------
IN: 
0x07fda93b:  
OBJD-T: a1bcc0fd07e86cfc02f8

----------------
IN: 
0x07fda945:  
OBJD-T: 31c0595b5dc3

----------------
IN: 
0x0000b3cb:  
OBJD-T: 8b430485c07405

----------------
IN: 
0x0000b3d2:  
OBJD-T: e85ee3ffff

----------------
IN: 
0x00009735:  
OBJD-T: 85c07438

----------------
IN: 
0x00009739:  
OBJD-T: 5589e5535189c38b0085c07405

----------------
IN: 
0x00009746:  
OBJD-T: e8e3050000

----------------
IN: 
0x00009d2e:  
OBJD-T: 85c07472

----------------
IN: 
0x00009d32:  
OBJD-T: 5589e5565389c383ec0cff3068eef4000068ddf40000682f01000068e2f40000
OBJD-T: e8aa3a0000

----------------
IN: 
0x00009d57:  
OBJD-T: 8b430483c42085c0740b

----------------
IN: 
0x00009d61:  
OBJD-T: 8b501085d27404

----------------
IN: 
0x00009d68:  
OBJD-T: 89d8ffd2

----------------
IN: 
0x07fdd7bd:  
OBJD-T: 8b4028e9050803f8

----------------
IN: 
0x00009d6c:  
OBJD-T: e825520000

----------------
IN: 
0x00009d71:  
OBJD-T: a3986f010089159c6f01008b431c85c0740d

----------------
IN: 
0x00009d90:  
OBJD-T: 8b03e833420000

----------------
IN: 
0x00009d97:  
OBJD-T: 89d88d65f85b5e5de926420000

----------------
IN: 
0x0000974b:  
OBJD-T: 8b430485c0740f

----------------
IN: 
0x00009761:  
OBJD-T: 89d8e862480000

----------------
IN: 
0x00009768:  
OBJD-T: a1407901005a5b5dc3

----------------
IN: 
0x0000b3d7:  
OBJD-T: 8b03e8ec2b0000

----------------
IN: 
0x0000b3de:  
OBJD-T: 89d8e8e52b0000

----------------
IN: 
0x0000b3e5:  
OBJD-T: a1407901005a5b5dc3

----------------
IN: 
0x0000adb9:  
OBJD-T: 8b55e489f0e86bffffff

----------------
IN: 
0x07fd99ff:  
OBJD-T: ba449afd07b808860100e98d2703f8

----------------
IN: 
0x0000adc3:  
OBJD-T: 89c389f0e8fe310000

----------------
IN: 
0x0000adcc:  
OBJD-T: 85db7408

----------------
IN: 
0x0000add0:  
OBJD-T: 834304ff835308ff89d883c41c5b5e5f5dc3

----------------
IN: 
0x0000ae3d:  
OBJD-T: 89c68b45e4e883310000

----------------
IN: 
0x0000ae47:  
OBJD-T: 85f67424

----------------
IN: 
0x0000ae4b:  
OBJD-T: 89fa8b06e8c3180000

----------------
IN: 
0x0000ae54:  
OBJD-T: 85c07504

----------------
IN: 
0x0000ae58:  
OBJD-T: 89f3eb13

----------------
IN: 
0x000093bc:  
OBJD-T: 85c07504

----------------
IN: 
0x000093c4:  
OBJD-T: e89d110000

----------------
IN: 
0x000093c9:  
OBJD-T: ebf5

----------------
IN: 
0x000093c0:  
OBJD-T: 31c0eb07

----------------
IN: 
0x000093cb:  
OBJD-T: c9c3

----------------
IN: 
0x0000eca6:  
OBJD-T: eb33

----------------
IN: 
0x0000ecdb:  
OBJD-T: 8b45f48b00e8e5f2ffff

----------------
IN: 
0x0000ece5:  
OBJD-T: 8b45f4e8ddf2ffff

----------------
IN: 
0x0000eced:  
OBJD-T: 8b1d4079010089d88b5dfcc9c3

----------------
IN: 
0x0000e81e:  
OBJD-T: 89d8e8a5f7ffff

----------------
IN: 
0x0000e825:  
OBJD-T: e8f8c9ffff

----------------
IN: 
0x0000e82a:  
OBJD-T: ebcd

----------------
IN: 
0x0000e7f9:  
OBJD-T: 837de400742d

----------------
IN: 
0x0000ddda:  
OBJD-T: 3955e47509

----------------
IN: 
0x0000dddf:  
OBJD-T: 8b108916e980000000

----------------
IN: 
0x07fd94ac:  
OBJD-T: ba1095fd07b808860100e9e02c03f8

----------------
IN: 
0x0000c1a4:  
OBJD-T: 895104890a8910c3

----------------
IN: 
0x07fd8d3f:  
OBJD-T: ba248efd07b808860100e94d3403f8

----------------
IN: 
0x0000a110:  
OBJD-T: ff7514538b45d88b55dc01c883d20052508b55d08b4dd48b45e4e8bff8ffff

----------------
IN: 
0x000090e8:  
OBJD-T: 9cfa8cd850b8c8fc8ec0b800808ed8b80002509d

----------------
IN: 
0x000090fc:  
OBJD-T: 66b800420000cd13

----------------
IN: 
0x07fd84c6:  
OBJD-T: ba8885fd07b808860100e9c63c03f8

----------------
IN: 
0x07fd6f6c:  
OBJD-T: 5589e583ec08ba3470fd07b808860100e81a5203f8

----------------
IN: 
0x07fd6f81:  
OBJD-T: ba2470fd07b808860100e80b5203f8

----------------
IN: 
0x07fd6f90:  
OBJD-T: ba1470fd07b808860100c9e9fb5103f8

----------------
IN: 
0x07fd7cc0:  
OBJD-T: ba607dfd07b808860100e9cc4403f8

----------------
IN: 
0x07fd77ba:  
OBJD-T: ba0478fd07b808860100e9d24903f8

----------------
IN: 
0x07fd673b:  
OBJD-T: baf467fd07b808860100e9515a03f8

----------------
IN: 
0x07fd6076:  
OBJD-T: bab860fd07b808860100e9166103f8

----------------
IN: 
0x07fd5b46:  
OBJD-T: ba905bfd07b808860100e9466603f8

----------------
IN: 
0x07fd5698:  
OBJD-T: bae856fd07b808860100e9f46a03f8

----------------
IN: 
0x0000c77c:  
OBJD-T: 31c05b5dc3

----------------
IN: 
0x0000e3e7:  
OBJD-T: e82fe6ffff

----------------
IN: 
0x0000e607:  
OBJD-T: 8b45e48b4dc839c8740a

----------------
IN: 
0x0000e61b:  
OBJD-T: 837dc4000f84dd000000

----------------
IN: 
0x0000e625:  
OBJD-T: 8b4dc0ba010000008d45e48b75c4ffd6

----------------
IN: 
0x0000e3c1:  
OBJD-T: 31c08907eb29

----------------
IN: 
0x0000e3f0:  
OBJD-T: 31c083c40c5b5e5f5dc3

----------------
IN: 
0x0000e635:  
OBJD-T: 8b75e4837de4000f84c0000000

----------------
IN: 
0x0000e498:  
OBJD-T: 31c083c4105b5e5dc3

----------------
IN: 
0x0000e7b7:  
OBJD-T: e80ef8ffff

----------------
IN: 
0x0000ec4b:  
OBJD-T: e87af3ffff

----------------
IN: 
0x0000ec50:  
OBJD-T: e99e000000

----------------
IN: 
0x0000ecf3:  
OBJD-T: 89d88b5dfcc9c3

----------------
IN: 
0x0000e82c:  
OBJD-T: a14079010083c4245b5dc3

----------------
IN: 
0x0000c5db:  
OBJD-T: b8d1fa0000e8fde7ffff

----------------
IN: 
0x000090e8:  
OBJD-T: 9cfa8cd850b8e8fd8ec0b800808ed8b80002509d

----------------
IN: 
0x000090fc:  
OBJD-T: 66b800420000cd13

----------------
IN: 
0x0000a2cf:  
OBJD-T: 8b4510c1e80f8945c031db895dc48975c8897dcc31c08945d88945dce968feff
OBJD-T: ff

----------------
IN: 
0x0000a158:  
OBJD-T: 8b45e48b401431d23945d88b5ddc19d30f8346020000

----------------
IN: 
0x0000a16e:  
OBJD-T: 8b45e48b50188b40048b40045353ff75ccff75c8e8d9f6ffff

----------------
IN: 
0x0000a187:  
OBJD-T: 8945d05a5985c00f855c010000

----------------
IN: 
0x0000a194:  
OBJD-T: 8345d8018355dc008345c8408355cc008b45c03945d88b45dc1b45c472a6

----------------
IN: 
0x0000a3b4:  
OBJD-T: 837ddc00740a

----------------
IN: 
0x0000a3c4:  
OBJD-T: 837dd8000f84f4feffff

----------------
IN: 
0x0000a3ce:  
OBJD-T: ebea

----------------
IN: 
0x0000a3ba:  
OBJD-T: 31c9894dd0e9eefdffff

----------------
IN: 
0x0000a1b2:  
OBJD-T: 8b45e48b40108945c88d48f789f089fa0fadd0d3eaf6c1207404

----------------
IN: 
0x0000a1d0:  
OBJD-T: 8945c08955c451518b45e48b5804ff7514b90f0000008b45c829c18b45d88b55
OBJD-T: dc0fa5c2d3e0f6c1207404

----------------
IN: 
0x0000a1ff:  
OBJD-T: 508b55c08b4dc48b45e4ff5314

----------------
IN: 
0x000090e8:  
OBJD-T: 9cfa8cd850b8f0a18ec0b800808ed8b80002509d

----------------
IN: 
0x000090fc:  
OBJD-T: 66b800420000cd13

----------------
IN: 
0x000fa79a:  
OBJD-T: 6689d866e864ceffff

----------------
IN: 
0x000fa7a3:  
OBJD-T: 6685c07418

----------------
IN: 
0x000fa7c0:  
OBJD-T: 66e848e2ffff

----------------
IN: 
0x000fa7c6:  
OBJD-T: ebb9

----------------
IN: 
0x000fa781:  
OBJD-T: 67668d5507ec

----------------
IN: 
0x0000a20c:  
OBJD-T: 5b5a85c00f8596010000

----------------
IN: 
0x0000a216:  
OBJD-T: 8b45148945c089f189fb31d28955c88955cc8b45e48b50188b40048b400483ec
OBJD-T: 04ff75c05351894db8895dbce804f7ffff

----------------
IN: 
0x0000a247:  
OBJD-T: 8345c8018355cc008b4db88b5dbc83c14083d3008145c000800000588b45d839
OBJD-T: 45c88b45cc1b45dc72b7

----------------
IN: 
0x0000a271:  
OBJD-T: 8b45e48b40208945c08b5dd8c1e30f895dc885c07417

----------------
IN: 
0x0000a29e:  
OBJD-T: 8b45d88b55dc0fa4c206c1e00601c611d78b45c8294510014514837dd0000f85
OBJD-T: 8b000000

----------------
IN: 
0x000090e8:  
OBJD-T: 9cfa8cd850b8f0a18ec0b800808ed8b80002509d

----------------
IN: 
0x000090fc:  
OBJD-T: 66b800420000cd13

----------------
IN: 
0x07fdde4b:  
OBJD-T: 8945e450ff75e4575689da31c0e810feffff

----------------
IN: 
0x000090e8:  
OBJD-T: 9cfa8cd850b8f0a18ec0b800808ed8b80002509d

----------------
IN: 
0x000090fc:  
OBJD-T: 66b800420000cd13

----------------
IN: 
0x000090e8:  
OBJD-T: 9cfa8cd850b8f0a18ec0b800808ed8b80002509d

----------------
IN: 
0x000090fc:  
OBJD-T: 66b800420000cd13

----------------
IN: 
0x000090e8:  
OBJD-T: 9cfa8cd850b8e8fd8ec0b800808ed8b80002509d

----------------
IN: 
0x000090fc:  
OBJD-T: 66b800420000cd13

----------------
IN: 
0x000090e8:  
OBJD-T: 9cfa8cd850b828fd8ec0b800808ed8b80002509d

----------------
IN: 
0x000090fc:  
OBJD-T: 66b800420000cd13

----------------
IN: 
0x0000ab6f:  
OBJD-T: 83ec0c5731c98b45e4e853f9ffff

----------------
IN: 
0x0000ab7d:  
OBJD-T: 83c40c85c00f8494000000

----------------
IN: 
0x07fd4e65:  
OBJD-T: 5589e583ec106a00680b4ffd0731c9ba604efd07b8064ffd07e8ef4303f8

----------------
IN: 
0x000092a3:  
OBJD-T: be14f900008973188b450889431c31c08943148b450c89430c8b35a40f0100bf
OBJD-T: a40f010031c985f67435

----------------
IN: 
0x07fd4e83:  
OBJD-T: a3444ffd07585ac9c3

----------------
IN: 
0x000090e8:  
OBJD-T: 9cfa8cd850b828fd8ec0b800808ed8b80002509d

----------------
IN: 
0x000090fc:  
OBJD-T: 66b800420000cd13

----------------
IN: 
0x000090e8:  
OBJD-T: 9cfa8cd850b828fd8ec0b800808ed8b80002509d

----------------
IN: 
0x000090fc:  
OBJD-T: 66b800420000cd13

----------------
IN: 
0x000090e8:  
OBJD-T: 9cfa8cd850b828fd8ec0b800808ed8b80002509d

----------------
IN: 
0x000090fc:  
OBJD-T: 66b800420000cd13

----------------
IN: 
0x000090e8:  
OBJD-T: 9cfa8cd850b828fd8ec0b800808ed8b80002509d

----------------
IN: 
0x000090fc:  
OBJD-T: 66b800420000cd13

----------------
IN: 
0x000090e8:  
OBJD-T: 9cfa8cd850b828fd8ec0b800808ed8b80002509d

----------------
IN: 
0x000090fc:  
OBJD-T: 66b800420000cd13

----------------
IN: 
0x0000de14:  
OBJD-T: 837ddc007528

----------------
IN: 
0x0000de1a:  
OBJD-T: 837dd8007522

----------------
IN: 
0x0000de42:  
OBJD-T: 8b4dd88b5de48d140bc1e20401c2c7420808283c2d29cf897a04890289480489
OBJD-T: 16c1e10401c8c74008a48fb06d8b7de489780481ffff0700007607

----------------
IN: 
0x000090e8:  
OBJD-T: 9cfa8cd850b828fd8ec0b800808ed8b80002509d

----------------
IN: 
0x000090fc:  
OBJD-T: 66b800420000cd13

----------------
IN: 
0x000090e8:  
OBJD-T: 9cfa8cd850b828fd8ec0b800808ed8b80002509d

----------------
IN: 
0x000090fc:  
OBJD-T: 66b800420000cd13

----------------
IN: 
0x07fd2a27:  
OBJD-T: 5589e55653b80a2cfd07e85e8503f8

----------------
IN: 
0x07fd2a36:  
OBJD-T: 89c3b8e32bfd07e8528503f8

----------------
IN: 
0x07fd2a42:  
OBJD-T: 89c6b8ea2bfd07e8468503f8

----------------
IN: 
0x07fd2a4e:  
OBJD-T: 89c183ec0c5689dab8c02cfd07e86bfbffff

----------------
IN: 
0x07fd25cb:  
OBJD-T: 5589e557565383ec1c8945e089d689cbe860fdffff

----------------
IN: 
0x07fd2340:  
OBJD-T: 5589e557565383ec0c8b781c85ff7444

----------------
IN: 
0x07fd2394:  
OBJD-T: 83c40c5b5e5f5dc3

----------------
IN: 
0x07fd25e0:  
OBJD-T: 85f67405

----------------
IN: 
0x07fd25e9:  
OBJD-T: 31dbe9b0000000

----------------
IN: 
0x07fd26a0:  
OBJD-T: 89d88d65f45b5e5f5dc20400

----------------
IN: 
0x07fd2a60:  
OBJD-T: 83c40c85c07405

----------------
IN: 
0x07fd2a6c:  
OBJD-T: b8f52bfd07e81e8503f8

----------------
IN: 
0x07fd2a76:  
OBJD-T: 89c183ec0c6a0089dab8a02cfd07e842fbffff

----------------
IN: 
0x07fd2a89:  
OBJD-T: 83c40c85c07405

----------------
IN: 
0x07fd2a95:  
OBJD-T: b95827fd0731d2b8ea2bfd07e8268603f8

----------------
IN: 
0x07fd2aa6:  
OBJD-T: b91d27fd0731d2b8f52bfd07e8158603f8

----------------
IN: 
0x07fd2ab7:  
OBJD-T: 50506a0168382cfd07b9292cfd07baa829fd07b8302cfd07e89e6703f8

----------------
IN: 
0x07fd2ad4:  
OBJD-T: 5a59b9ac26fd0731d2b80a2cfd07e8e58503f8

----------------
IN: 
0x07fd2ae7:  
OBJD-T: b80a2cfd07e8218603f8

----------------
IN: 
0x07fd2af1:  
OBJD-T: b8ea2bfd07e8178603f8

----------------
IN: 
0x07fd2afb:  
OBJD-T: b8f52bfd078d65f85b5e5de9078603f8

----------------
IN: 
0x000090e8:  
OBJD-T: 9cfa8cd850b828fd8ec0b800808ed8b80002509d

----------------
IN: 
0x000090fc:  
OBJD-T: 66b800420000cd13

----------------
IN: 
0x000090e8:  
OBJD-T: 9cfa8cd850b8f09c8ec0b800808ed8b80002509d

----------------
IN: 
0x000090fc:  
OBJD-T: 66b800420000cd13

----------------
IN: 
0x000090e8:  
OBJD-T: 9cfa8cd850b8f09c8ec0b800808ed8b80002509d

----------------
IN: 
0x000090fc:  
OBJD-T: 66b800420000cd13

----------------
IN: 
0x000090e8:  
OBJD-T: 9cfa8cd850b868fc8ec0b800808ed8b80002509d

----------------
IN: 
0x000090fc:  
OBJD-T: 66b800420000cd13

----------------
IN: 
0x07ef2e3d:  
OBJD-T: 5589e583ec08b96808ef07baf007ef07b85c54ef07e8758211f8

----------------
IN: 
0x0000aeb5:  
OBJD-T: 8b7610ebea

----------------
IN: 
0x0000aea4:  
OBJD-T: 85f67412

----------------
IN: 
0x0000af64:  
OBJD-T: 8d7310897014891c9131c0eb1b

----------------
IN: 
0x07ef2e57:  
OBJD-T: b85c54ef07e8b18211f8

----------------
IN: 
0x07ef2e61:  
OBJD-T: b96808ef07baf007ef07b86f54ef07e8578211f8

----------------
IN: 
0x07ef2e75:  
OBJD-T: b86f54ef07e8938211f8

----------------
IN: 
0x07ef2e7f:  
OBJD-T: b99809ef07bada09ef07b88254ef07e8398211f8

----------------
IN: 
0x07ef2e93:  
OBJD-T: b88254ef07e8758211f8

----------------
IN: 
0x07ef2e9d:  
OBJD-T: b91209ef07ba5409ef07b89154ef07e81b8211f8

----------------
IN: 
0x07ef2eb1:  
OBJD-T: b89154ef07e8578211f8

----------------
IN: 
0x07ef2ebb:  
OBJD-T: 52526a0068d154ef07b9a154ef07ba1d24ef07b8c454ef07e89a6311f8

----------------
IN: 
0x07ef2ed8:  
OBJD-T: a380a9ef076a00680d55ef07b9e854ef07bae029ef07b8fb54ef07e87a6311f8

----------------
IN: 
0x07ef2ef8:  
OBJD-T: a364a9ef076a00684655ef07b92f55ef07badc22ef07b83955ef07e85a6311f8

----------------
IN: 
0x07ef2f18:  
OBJD-T: a37ca9ef076a00689455ef07b96055ef07ba9125ef07b88655ef07e83a6311f8

----------------
IN: 
0x07ef2f38:  
OBJD-T: a378a9ef076a0068b755ef07b92f55ef07bad00cef07b8a955ef07e81a6311f8

----------------
IN: 
0x07ef2f58:  
OBJD-T: a374a9ef076a0068ed55ef07b9cf55ef07ba350cef07b8e055ef07e8fa6211f8

----------------
IN: 
0x07ef2f78:  
OBJD-T: 6a00681756ef07b9244fef07baa218ef07b80956ef07e8df6211f8

----------------
IN: 
0x07ef2f93:  
OBJD-T: a370a9ef076a00683856ef07b9244fef07ba201aef07b82b56ef07e8bf6211f8

----------------
IN: 
0x07ef2fb3:  
OBJD-T: a36ca9ef076a00685756ef07b9244fef07ba131cef07b84b56ef07e89f6211f8

----------------
IN: 
0x07ef2fd3:  
OBJD-T: a368a9ef075958e8deadffff

----------------
IN: 
0x07eeddbd:  
OBJD-T: 5589e583ec106a0068554aef07b9444aef07ba3ec1ee07b84b4aef07e894b411
OBJD-T: f8

----------------
IN: 
0x07eeddde:  
OBJD-T: a35059ef076a0068804aef07b9444aef07ba3ec1ee07b8774aef07e874b411f8

----------------
IN: 
0x07eeddfe:  
OBJD-T: a34c59ef076a0068d64aef07b9a14aef07bafbcbee07b8c24aef07e854b411f8

----------------
IN: 
0x07eede1e:  
OBJD-T: a35459ef076a00682e4bef07b9444aef07ba46c5ee07b8234bef07e834b411f8

----------------
IN: 
0x07eede3e:  
OBJD-T: a34859ef07585ac9c3

----------------
IN: 
0x07ef2fdf:  
OBJD-T: e87fbcffff

----------------
IN: 
0x07eeec63:  
OBJD-T: 5589e583ec106a0068134def07b9f44cef07baaaebee07b8064def07e8eea511
OBJD-T: f8

----------------
IN: 
0x07eeec84:  
OBJD-T: a36c59ef076a00683e4def07b9284def07ba5de6ee07b8324def07e8cea511f8

----------------
IN: 
0x07eeeca4:  
OBJD-T: a36859ef076a00685b4def07b9284def07ba61e7ee07b84f4def07e8aea511f8

----------------
IN: 
0x07eeecc4:  
OBJD-T: a36459ef076a00687a4def0731c9bad1deee07b86f4def07e891a511f8

----------------
IN: 
0x07eeece1:  
OBJD-T: a36059ef07585ac9c3

----------------
IN: 
0x07ef2fe4:  
OBJD-T: c705a80f01003e0def07b92c010000ba3708ef07b8ff07ef07

----------------
IN: 
0x07ef2ffd:  
OBJD-T: e8661c0e00

----------------
IN: 
0x07fd4c68:  
OBJD-T: 5589e557565383ec0c89c689d009f07504

----------------
IN: 
0x07fd4c7d:  
OBJD-T: 89d789cbb814000000e8119303f8

----------------
IN: 
0x07fd4c8b:  
OBJD-T: 85c074ea

----------------
IN: 
0x07fd4c8f:  
OBJD-T: 89308978048958088b154c4ffd0785d27418

----------------
IN: 
0x07fd4cb9:  
OBJD-T: 31d289500c8b15484ffd07895010a3484ffd078b501085d27405

----------------
IN: 
0x07fd4cd8:  
OBJD-T: a34c4ffd0783c40c5b5e5f5dc3

----------------
IN: 
0x07ef3002:  
OBJD-T: a384a9ef07c70520870100d50bef07c9c3

----------------
IN: 
0x000090e8:  
OBJD-T: 9cfa8cd850b828fd8ec0b800808ed8b80002509d

----------------
IN: 
0x000090fc:  
OBJD-T: 66b800420000cd13

----------------
IN: 
0x07f6e00a:  
OBJD-T: 5589e583ec106a00689ae1f607b95be1f607badfdff607b88be1f607e847b209
OBJD-T: f8

----------------
IN: 
0x07f6e02b:  
OBJD-T: a30ce2f6076a0068cce1f607b95be1f607bab4dff607b8bce1f607e827b209f8

----------------
IN: 
0x07f6e04b:  
OBJD-T: a308e2f607585ac9c3

----------------
IN: 
0x000090e8:  
OBJD-T: 9cfa8cd850b828fd8ec0b800808ed8b80002509d

----------------
IN: 
0x000090fc:  
OBJD-T: 66b800420000cd13

----------------
IN: 
0x07f70007:  
OBJD-T: c7059883010034fdf607c3

----------------
IN: 
0x07ecc22a:  
OBJD-T: 5589e5565389c3b8b569ed07e8a7eb13f8

----------------
IN: 
0x0000b4d7:  
OBJD-T: 8b55dc89d8ffd1

----------------
IN: 
0x07f6fd34:  
OBJD-T: 5589e557565383ec348945d08955cc52ff30681a00f707682d00f7076a586834
OBJD-T: 00f707e8a5da09f8

----------------
IN: 
0x07f6fd5c:  
OBJD-T: 8b45cc25dfff000083c42083f81e750b

----------------
IN: 
0x07f6fd77:  
OBJD-T: 0fba65cc1072ee

----------------
IN: 
0x07f6fd7e:  
OBJD-T: 8b45d08b40048b0085c07410

----------------
IN: 
0x07f6fd8a:  
OBJD-T: 8b40048b400483f80d74d7

----------------
IN: 
0x07f6fd95:  
OBJD-T: 83f80774d2

----------------
IN: 
0x07f6fd9a:  
OBJD-T: 8b1d5c01f70731f685db0f8493000000

----------------
IN: 
0x07f6fe3d:  
OBJD-T: 85f60f8427ffffff

----------------
IN: 
0x07f6fd6c:  
OBJD-T: 8b45d08945d4e92f020000

----------------
IN: 
0x07f6ffa6:  
OBJD-T: 8b45d48d65f45b5e5f5dc3

----------------
IN: 
0x0000b4de:  
OBJD-T: 89c685c0741b

----------------
IN: 
0x0000b4e4:  
OBJD-T: 39c37411

----------------
IN: 
0x0000b4f9:  
OBJD-T: 89d889f3eb04

----------------
IN: 
0x000090e8:  
OBJD-T: 9cfa8cd850b858fd8ec0b800808ed8b80002509d

----------------
IN: 
0x000090fc:  
OBJD-T: 66b800420000cd13

----------------
IN: 
0x000090e8:  
OBJD-T: 9cfa8cd850b898fc8ec0b800808ed8b80002509d

----------------
IN: 
0x000090fc:  
OBJD-T: 66b800420000cd13

----------------
IN: 
0x000090e8:  
OBJD-T: 9cfa8cd850b898fc8ec0b800808ed8b80002509d

----------------
IN: 
0x000090fc:  
OBJD-T: 66b800420000cd13

----------------
IN: 
0x07f1b1d6:  
OBJD-T: 5589e583ec08b8c0d2f107e8cc940500

----------------
IN: 
0x07f746b2:  
OBJD-T: 8b15244ef70789502ca3244ef707c3

----------------
IN: 
0x07f1b1e6:  
OBJD-T: b880d2f107e8c2940500

----------------
IN: 
0x07f1b1f0:  
OBJD-T: b840d2f107c9e9b7940500

----------------
IN: 
0x07f1f7f8:  
OBJD-T: c7058c830100f1f4f107c3

----------------
IN: 
0x07ecc23b:  
OBJD-T: 31c0a340790100e834beffff

----------------
IN: 
0x07ec807b:  
OBJD-T: 5589e583ec106a00688665ed07b96e65ed07ba6b80ec07b87965ed07e8d61114
OBJD-T: f8

----------------
IN: 
0x07ec809c:  
OBJD-T: a3fcc1ed07585ac9c3

----------------
IN: 
0x07ecc247:  
OBJD-T: e85df3ffff

----------------
IN: 
0x07ecb5a9:  
OBJD-T: 5589e583ec106a0068d767ed07b9bc67ed07baaab3ec07b8d067ed07e8a8dc13
OBJD-T: f8

----------------
IN: 
0x07ecb5ca:  
OBJD-T: a348c2ed07585ac9c3

----------------
IN: 
0x07ecc24c:  
OBJD-T: e839620000

----------------
IN: 
0x07ed248a:  
OBJD-T: 5589e583ec106a00680e73ed07b90273ed07ba7216ed07b80873ed07e8c76d13
OBJD-T: f8

----------------
IN: 
0x07ed24ab:  
OBJD-T: a3f0c2ed076a00682773ed07b90273ed07ba7216ed07b81e73ed07e8a76d13f8

----------------
IN: 
0x07ed24cb:  
OBJD-T: a3ecc2ed076a00683c73ed07b90273ed07ba1517ed07b83673ed07e8876d13f8

----------------
IN: 
0x07ed24eb:  
OBJD-T: a3e8c2ed076a00686e73ed07b95973ed07ba7617ed07b86473ed07e8676d13f8

----------------
IN: 
0x07ed250b:  
OBJD-T: a3e4c2ed076a00689073ed07b90273ed07baf617ed07b88973ed07e8476d13f8

----------------
IN: 
0x07ed252b:  
OBJD-T: a3e0c2ed07585ac9c3

----------------
IN: 
0x07ecc251:  
OBJD-T: e88db9ffff

----------------
IN: 
0x07ec7be3:  
OBJD-T: 5589e583ec0c684044ed07688b63ed0768a063ed07b9c0020000bae879ec07b8
OBJD-T: 8163ed07e803b00a00

----------------
IN: 
0x07f72c0f:  
OBJD-T: 5589e583ec086a01ff7510ff750cff7508e87cffffff

----------------
IN: 
0x07f72ba1:  
OBJD-T: 5589e557565383ec1c8945e489d789ceb810000000e8e1b309f8

----------------
IN: 
0x07f72bbb:  
OBJD-T: 85c07427

----------------
IN: 
0x07f72bbf:  
OBJD-T: 89c35252ff7514ff750c8b4d08ba922bf7078b45e4e8996609f8

----------------
IN: 
0x07f72bd9:  
OBJD-T: 595a85c0750b

----------------
IN: 
0x07f72bea:  
OBJD-T: 83ce108970148958208903897b048b451089430831c089430c89d88d65f45b5e
OBJD-T: 5f5dc21000

----------------
IN: 
0x07f72c25:  
OBJD-T: c9c20c00

----------------
IN: 
0x07ec7c0c:  
OBJD-T: a3f8c1ed07684044ed0768ae63ed0768a063ed07b9c0020000bae879ec07b8a6
OBJD-T: 63ed07e8dbaf0a00

----------------
IN: 
0x07ec7c34:  
OBJD-T: a3f4c1ed0758c9c3

----------------
IN: 
0x07ecc256:  
OBJD-T: a1c0080100a364c2ed07c705c0080100c407ed0785db7407

----------------
IN: 
0x07ecc26e:  
OBJD-T: 89d8e8f1e213f8

----------------
IN: 
0x07ecc275:  
OBJD-T: 50506a0068c069ed0731c9ba28bbec07b8ba69ed07e8e3cf13f8

----------------
IN: 
0x07ecc28f:  
OBJD-T: a368c2ed075a59b832000000e81ee1ffff

----------------
IN: 
0x07eca3be:  
OBJD-T: 5589e557565383ec1c89c38b3520c2ed07ba04000000e8823b14f8

----------------
IN: 
0x07eca3d9:  
OBJD-T: a320c2ed0785f60f84c1000000

----------------
IN: 
0x07eca4a7:  
OBJD-T: 89f0e81c3b14f8

----------------
IN: 
0x07eca4ae:  
OBJD-T: 891d24c2ed0731c0a31cc2ed07a114c2ed07a318c2ed0731c083c41c5b5e5f5d
OBJD-T: c3

----------------
IN: 
0x07ecc2a0:  
OBJD-T: b90abbec0731d2b8d269ed07e81bee13f8

----------------
IN: 
0x07ecc2b1:  
OBJD-T: b8d269ed07e857ee13f8

----------------
IN: 
0x07ecc2bb:  
OBJD-T: 53536a0068df69ed0731c9babfc1ec07b8d869ed07e89dcf13f8

----------------
IN: 
0x07ecc2d5:  
OBJD-T: 6a0068fe69ed0731c9ba37bbec07b8f269ed07e885cf13f8

----------------
IN: 
0x07ecc2ed:  
OBJD-T: 5e58b9a1abec0731d2b8156aed07e8cced13f8

----------------
IN: 
0x07ecc300:  
OBJD-T: b9cbabec0731d2b8226aed07e8bbed13f8

----------------
IN: 
0x07ecc311:  
OBJD-T: b8156aed07e8f7ed13f8

----------------
IN: 
0x07ecc31b:  
OBJD-T: b8226aed07e8eded13f8

----------------
IN: 
0x07ecc325:  
OBJD-T: ba326aed07b8156aed07e88ceb13f8

----------------
IN: 
0x07ecaba1:  
OBJD-T: 5589e5535389d3b8c5080100e84bffffff

----------------
IN: 
0x07ecaafd:  
OBJD-T: 5589e557565383ec1c85d27414

----------------
IN: 
0x07ecab0a:  
OBJD-T: 89c689d0e8081f14f8

----------------
IN: 
0x07ecab13:  
OBJD-T: 89c385c0750c

----------------
IN: 
0x07ecab25:  
OBJD-T: ba2f000000e83d1c14f8

----------------
IN: 
0x07ecab2f:  
OBJD-T: 85c0750a

----------------
IN: 
0x07ecab3d:  
OBJD-T: 8d7801c6000089da8d45e6e853ffffff

----------------
IN: 
0x07ecaaa0:  
OBJD-T: 5589e557565383ec0c89c789d631db8b149d2046ed0789f0e85a1c14f8

----------------
IN: 
0x07ecaabd:  
OBJD-T: 85c07504

----------------
IN: 
0x07ecaac5:  
OBJD-T: 4383fb1075e4

----------------
IN: 
0x07ecaaaf:  
OBJD-T: 8b149d2046ed0789f0e85a1c14f8

----------------
IN: 
0x07ecaac1:  
OBJD-T: 881feb09

----------------
IN: 
0x07ecaace:  
OBJD-T: 83c40c5b5e5f5dc3

----------------
IN: 
0x07ecab4d:  
OBJD-T: 40751c

----------------
IN: 
0x07ecab6c:  
OBJD-T: 89fa8d45e7e82affffff

----------------
IN: 
0x07ecab76:  
OBJD-T: 40750a

----------------
IN: 
0x07ecab83:  
OBJD-T: 8a45e7c1e0040a45e6880631f689d8e8333414f8

----------------
IN: 
0x07ecab97:  
OBJD-T: 89f08d65f45b5e5f5dc3

----------------
IN: 
0x07ecabb2:  
OBJD-T: 85c0750f

----------------
IN: 
0x07ecabb6:  
OBJD-T: e81bffffff

----------------
IN: 
0x07ecaad6:  
OBJD-T: 5589e553528b1d2c87010085db7414

----------------
IN: 
0x07ecaae5:  
OBJD-T: 8b4b2c85c97409

----------------
IN: 
0x07ecaaec:  
OBJD-T: ba0100000089d8ffd1

----------------
IN: 
0x0000f17f:  
OBJD-T: 83fa017411

----------------
IN: 
0x0000f195:  
OBJD-T: a0c5080100eb05

----------------
IN: 
0x0000f1a1:  
OBJD-T: 83e07fa260090100c3

----------------
IN: 
0x07ecaaf5:  
OBJD-T: 8b1bebe8

----------------
IN: 
0x07ecaae1:  
OBJD-T: 85db7414

----------------
IN: 
0x07ecaaf9:  
OBJD-T: 585b5dc3

----------------
IN: 
0x07ecabbb:  
OBJD-T: 89d8595b5de9561e14f8

----------------
IN: 
0x07ecc334:  
OBJD-T: ba436aed07b8226aed07e87deb13f8

----------------
IN: 
0x07ecabcb:  
OBJD-T: 5589e5535389d3b8c4080100e821ffffff

----------------
IN: 
0x07ecabdc:  
OBJD-T: 85c0750f

----------------
IN: 
0x07ecabe0:  
OBJD-T: e8f1feffff

----------------
IN: 
0x07ecabe5:  
OBJD-T: 89d8595b5de92c1e14f8

----------------
IN: 
0x07ecc343:  
OBJD-T: 31db8b349d6046ed07ba546aed0789f0e868eb13f8

----------------
IN: 
0x07ecc358:  
OBJD-T: 89f0e8b3ed13f8

----------------
IN: 
0x07ecc35f:  
OBJD-T: 4383fb0a75e0

----------------
IN: 
0x07ecc345:  
OBJD-T: 8b349d6046ed07ba546aed0789f0e868eb13f8

----------------
IN: 
0x07ecc365:  
OBJD-T: ba566aed07b85b6aed07e84ceb13f8

----------------
IN: 
0x07ecc374:  
OBJD-T: b85b6aed07e894ed13f8

----------------
IN: 
0x07ecc37e:  
OBJD-T: ba646aed07b8676aed07e833eb13f8

----------------
IN: 
0x07ecc38d:  
OBJD-T: b8676aed07e87bed13f8

----------------
IN: 
0x07ecc397:  
OBJD-T: ba756aed07b8856aed07e81aeb13f8

----------------
IN: 
0x07ecc3a6:  
OBJD-T: b8856aed078d65f85b5e5de95ced13f8

----------------
IN: 
0x0000c5e5:  
OBJD-T: e838ecffff

----------------
IN: 
0x0000c5ea:  
OBJD-T: 31db891d40790100bad1fa0000a1a40f0100e875fbffff

----------------
IN: 
0x0000c191:  
OBJD-T: 8b1bebea

----------------
IN: 
0x0000c17f:  
OBJD-T: 85db7412

----------------
IN: 
0x0000c601:  
OBJD-T: 85c07407

----------------
IN: 
0x0000c605:  
OBJD-T: 31c931d2ff5010

----------------
IN: 
0x07ecc1bf:  
OBJD-T: 5589e583ec0885d27404

----------------
IN: 
0x07ecc1cd:  
OBJD-T: b8ad69ed07e8bded13f8

----------------
IN: 
0x07ecc1d7:  
OBJD-T: 85c07510

----------------
IN: 
0x07ecc1db:  
OBJD-T: b85569ed07e8afed13f8

----------------
IN: 
0x07ecc1e5:  
OBJD-T: 85c0750e

----------------
IN: 
0x07ecc1f7:  
OBJD-T: e8d5feffff

----------------
IN: 
0x07ecc0d1:  
OBJD-T: 5589e557565383ec1c89c7b88569ed07e8aeee13f8

----------------
IN: 
0x07ecc0e6:  
OBJD-T: 31db85c07408

----------------
IN: 
0x07ecc0f4:  
OBJD-T: 8d4701b904000000ba9c69ed07e8350614f8

----------------
IN: 
0x07ecc106:  
OBJD-T: be0500000009d8753a

----------------
IN: 
0x07ecc149:  
OBJD-T: 52525768a169ed07e8e01714f8

----------------
IN: 
0x07ecc156:  
OBJD-T: 89c383c41085c0741c

----------------
IN: 
0x07ecc15f:  
OBJD-T: ba35000000e885f213f8

----------------
IN: 
0x07f1f4f1:  
OBJD-T: 5589e557565383ec2c89c70fbae2110f82b8000000

----------------
IN: 
0x07f1f506:  
OBJD-T: b84c000000e895ea0ef8

----------------
IN: 
0x07f1f510:  
OBJD-T: 89c685c07417

----------------
IN: 
0x07f1f516:  
OBJD-T: b868a00000e885ea0ef8

----------------
IN: 
0x07f1f520:  
OBJD-T: 89c385c0750e

----------------
IN: 
0x07f1f534:  
OBJD-T: 8938c78048a00000c0d2f107a1e4d2f107e852ea0ef8

----------------
IN: 
0x07f1f54a:  
OBJD-T: 898354a000008b4704894604895e40c7460800fbf107c7463c010000008b0383
OBJD-T: 7810007506

----------------
IN: 
0x07f1f56f:  
OBJD-T: 83780c007409

----------------
IN: 
0x07f1f57e:  
OBJD-T: b90a0000008d55dc8b03e84fbd0ef8

----------------
IN: 
0x000090e8:  
OBJD-T: 9cfa8cd850b800008ec0b800808ed8b80002509d

----------------
IN: 
0x000090fc:  
OBJD-T: 66b800420000cd13

----------------
IN: 
0x07f1f58d:  
OBJD-T: 83f80a7433

----------------
IN: 
0x07f1f5c5:  
OBJD-T: 8b45dc663d1f8b7406

----------------
IN: 
0x07f1f5ce:  
OBJD-T: 663d1f9e75be

----------------
IN: 
0x07f1f592:  
OBJD-T: 31d28915407901008b8354a00000e825ea0ef8

----------------
IN: 
0x07f1f5a5:  
OBJD-T: 89d8e81eea0ef8

----------------
IN: 
0x07f1f5ac:  
OBJD-T: 89f0e817ea0ef8

----------------
IN: 
0x07f1f5b3:  
OBJD-T: 31d231c989f8e88bbf0ef8

----------------
IN: 
0x0000b549:  
OBJD-T: 5589e557565383ec0c89c389d089ca8b4b3839433419d17318

----------------
IN: 
0x0000b57a:  
OBJD-T: 8b730c8b7b1089430c89531089f089fa8d65f45b5e5f5dc3

----------------
IN: 
0x07f1f5be:  
OBJD-T: 89fee9e5000000

----------------
IN: 
0x07f1f6aa:  
OBJD-T: 89f083c42c5b5e5f5dc3

----------------
IN: 
0x07ecc169:  
OBJD-T: 85c0740e

----------------
IN: 
0x07ecc16d:  
OBJD-T: e835f213f8

----------------
IN: 
0x07ecc172:  
OBJD-T: 89d8e820ffffff

----------------
IN: 
0x07ecc099:  
OBJD-T: 5589e583ec08ff056cc2ed0731c931d2e86afdffff

----------------
IN: 
0x07ecbe18:  
OBJD-T: 5589e557565383ec2c89c68955cc894dc885d27520

----------------
IN: 
0x07ecbe2d:  
OBJD-T: b85569ed07e85df113f8

----------------
IN: 
0x07ecbe37:  
OBJD-T: e852fcffff

----------------
IN: 
0x07ecba8e:  
OBJD-T: 5589e5535289c3e85efeffff

----------------
IN: 
0x07ecb8f8:  
OBJD-T: 85c00f8486010000

----------------
IN: 
0x07ecb900:  
OBJD-T: 5589e557565383ec245068ff67ed07e8222014f8

----------------
IN: 
0x07ecb914:  
OBJD-T: 8945e483c41085c00f8454010000

----------------
IN: 
0x07ecb922:  
OBJD-T: ba34000000e8c2fa13f8

----------------
IN: 
0x07ecb92c:  
OBJD-T: 8945e085c00f8437010000

----------------
IN: 
0x07ecb937:  
OBJD-T: 8b1da40f010031f685db744b

----------------
IN: 
0x07ecb943:  
OBJD-T: 8b3bf6431420741f

----------------
IN: 
0x07ecb96a:  
OBJD-T: 89de89fbebcf

----------------
IN: 
0x07ecb93f:  
OBJD-T: 85db744b

----------------
IN: 
0x07ecb98e:  
OBJD-T: 8b45e0e8c1c2ffff

----------------
IN: 
0x07ec7c57:  
OBJD-T: 5589e557565383ec2c8945d0b840000000e82f6314f8

----------------
IN: 
0x07ec7c6d:  
OBJD-T: 85c0744c

----------------
IN: 
0x07ec7c71:  
OBJD-T: 89c3bf4000000031f6b9010000008d55e78b45d0e8523614f8

----------------
IN: 
0x07ec7c8a:  
OBJD-T: 89c183f8017543

----------------
IN: 
0x07ec7c91:  
OBJD-T: 807de70d74e3

----------------
IN: 
0x07ec7c97:  
OBJD-T: 8d46018945d439f87222

----------------
IN: 
0x07ec7cc3:  
OBJD-T: 8a45e78d14333c0a7409

----------------
IN: 
0x07ec7ccd:  
OBJD-T: 88028b75d4eba6

----------------
IN: 
0x07ec7c7a:  
OBJD-T: b9010000008d55e78b45d0e8523614f8

----------------
IN: 
0x07ec7cd6:  
OBJD-T: c604330009f174d8

----------------
IN: 
0x07ec7cde:  
OBJD-T: 89d883c42c5b5e5f5dc3

----------------
IN: 
0x07ecb996:  
OBJD-T: 8945dc85c00f84c5000000

----------------
IN: 
0x07ecb9a1:  
OBJD-T: 89c60fbe06e8f30d14f8

----------------
IN: 
0x07ecb9ab:  
OBJD-T: 89c785c074bf

----------------
IN: 
0x07ecb970:  
OBJD-T: 803e2a7506

----------------
IN: 
0x07ecb975:  
OBJD-T: 46bf010000000fbe0683e82183f85d762e

----------------
IN: 
0x07ecb9b4:  
OBJD-T: ba3a00000089f0e8ac0d14f8

----------------
IN: 
0x07ecb9c0:  
OBJD-T: 85c074c2

----------------
IN: 
0x07ecb9c4:  
OBJD-T: c600008d58010fbe033c207503

----------------
IN: 
0x07ecb9d1:  
OBJD-T: 43ebf6

----------------
IN: 
0x07ecb9ca:  
OBJD-T: 0fbe033c207503

----------------
IN: 
0x07ecb9d4:  
OBJD-T: 3c0974f9

----------------
IN: 
0x07ecb9d8:  
OBJD-T: 83e8218b0dc06f010083f85d77a0

----------------
IN: 
0x07ecb9e6:  
OBJD-T: 85c97418

----------------
IN: 
0x07ecb9ea:  
OBJD-T: 8b11894dd889d8e8210d14f8

----------------
IN: 
0x07ecb9f6:  
OBJD-T: 85c08b4dd87489

----------------
IN: 
0x07ecb9fd:  
OBJD-T: 8b4930ebe4

----------------
IN: 
0x07ecba02:  
OBJD-T: 89f0e8121014f8

----------------
IN: 
0x07ecba09:  
OBJD-T: 89c685c00f8473ffffff

----------------
IN: 
0x07ecba13:  
OBJD-T: 89d8e8011014f8

----------------
IN: 
0x07ecba1a:  
OBJD-T: 89c389f085db7426

----------------
IN: 
0x07ecba22:  
OBJD-T: 576a00681668ed076a00b970000000ba01b8ec07e866710a00

----------------
IN: 
0x07ecba3b:  
OBJD-T: 85c07513

----------------
IN: 
0x07ecba52:  
OBJD-T: 89580c89f2a1a40f0100e8150714f8

----------------
IN: 
0x07ecba61:  
OBJD-T: e920ffffff

----------------
IN: 
0x07ecb986:  
OBJD-T: 8b45dce83c2614f8

----------------
IN: 
0x000092e4:  
OBJD-T: 8b460c0fb6d039530c7c08

----------------
IN: 
0x000092ef:  
OBJD-T: 80e4fe89460ceb0b

----------------
IN: 
0x07ecb97b:  
OBJD-T: 0fbe0683e82183f85d762e

----------------
IN: 
0x000092f7:  
OBJD-T: b90100000089f78b36ebc7

----------------
IN: 
0x0000931b:  
OBJD-T: 89d883c41c5b5e5f5dc20800

----------------
IN: 
0x0000b342:  
OBJD-T: 8b4de029f185c97904

----------------
IN: 
0x0000b39f:  
OBJD-T: 8d65f45b5e5f5dc3

----------------
IN: 
0x07ec7cd4:  
OBJD-T: 31c9c604330009f174d8

----------------
IN: 
0x07ec7cb6:  
OBJD-T: 89d8e80d6314f8

----------------
IN: 
0x07ec7cbd:  
OBJD-T: 31dbeb1d

----------------
IN: 
0x07ecba66:  
OBJD-T: 8b45e0e839f913f8

----------------
IN: 
0x07ecba6e:  
OBJD-T: 8b45e4e8542514f8

----------------
IN: 
0x07ecba76:  
OBJD-T: 31d28915407901008d65f45b5e5f5dc3

----------------
IN: 
0x07ecba9a:  
OBJD-T: 89d8e883c6ffff

----------------
IN: 
0x07ec8124:  
OBJD-T: 5589e557565383ec1c85c00f84ec000000

----------------
IN: 
0x07ec8135:  
OBJD-T: 51515068a965ed07e8f45714f8

----------------
IN: 
0x07ec8142:  
OBJD-T: 8945e483c41085c00f84d1000000

----------------
IN: 
0x07ec8150:  
OBJD-T: a1a08301008945dc31d28915a0830100ba340000008b45e4e8813214f8

----------------
IN: 
0x000090e8:  
OBJD-T: 9cfa8cd850b800008ec0b800808ed8b80002509d

----------------
IN: 
0x000090fc:  
OBJD-T: 66b800420000cd13

----------------
IN: 
0x07ec816d:  
OBJD-T: 8945e085c00f84a1000000

----------------
IN: 
0x07ec8178:  
OBJD-T: a104c2ed0785c07449

----------------
IN: 
0x07ec81ca:  
OBJD-T: 8b45e0e885faffff

----------------
IN: 
0x07ec81d2:  
OBJD-T: 89c385c07431

----------------
IN: 
0x07ec81d8:  
OBJD-T: e8234714f8

----------------
IN: 
0x07ec81dd:  
OBJD-T: 8d7403ff89df0fbe07e8b34514f8

----------------
IN: 
0x07ec81eb:  
OBJD-T: 85c07414

----------------
IN: 
0x07ec8203:  
OBJD-T: 39f772eb

----------------
IN: 
0x07ec81f2:  
OBJD-T: 0fbe06e8a44514f8

----------------
IN: 
0x07ec81fa:  
OBJD-T: 85c07492

----------------
IN: 
0x07ec8190:  
OBJD-T: b80c000000e8025e14f8

----------------
IN: 
0x07ec819a:  
OBJD-T: 89c685c00f8496000000

----------------
IN: 
0x07ec81a4:  
OBJD-T: 89f8e8704814f8

----------------
IN: 
0x07ec81ab:  
OBJD-T: 89460889d8e8155e14f8

----------------
IN: 
0x07ec81b5:  
OBJD-T: 89f0837e0800747f

----------------
IN: 
0x07ec81bd:  
OBJD-T: a104c2ed078906893504c2ed078b45e0e885faffff

----------------
IN: 
0x07ec8209:  
OBJD-T: 8b45e0e8963114f8

----------------
IN: 
0x07ec8211:  
OBJD-T: 8b45dca3a08301008b45e4e8a95d14f8

----------------
IN: 
0x07ec8221:  
OBJD-T: 31c0a340790100c705a0830100af80ec078d65f45b5e5f5dc3

----------------
IN: 
0x07ecbaa1:  
OBJD-T: 89d8e8f8fbffff

----------------
IN: 
0x07ecb6a0:  
OBJD-T: 85c00f8451010000

----------------
IN: 
0x07ecb6a8:  
OBJD-T: 5589e557565383ec245068e967ed07e87a2214f8

----------------
IN: 
0x07ecb6bc:  
OBJD-T: 89c383c41085c0750c

----------------
IN: 
0x07ecb6d1:  
OBJD-T: ba34000000e813fd13f8

----------------
IN: 
0x07ecb6db:  
OBJD-T: 8945e089d8e8e52814f8

----------------
IN: 
0x07ecb6e5:  
OBJD-T: 8b1d58c2ed07837de00074d4

----------------
IN: 
0x07ecb6f1:  
OBJD-T: 85db741d

----------------
IN: 
0x07ecb712:  
OBJD-T: 31c0a358c2ed078b45e0e836c5ffff

----------------
IN: 
0x07ecb721:  
OBJD-T: 89c685c00f84ac000000

----------------
IN: 
0x07ecb72b:  
OBJD-T: 89c70fbe07e8691014f8

----------------
IN: 
0x07ecb735:  
OBJD-T: 85c07403

----------------
IN: 
0x07ecb73c:  
OBJD-T: ba3a00000089f8e8241014f8

----------------
IN: 
0x07ecb748:  
OBJD-T: 85c0747f

----------------
IN: 
0x07ecb74c:  
OBJD-T: c60000408945e48b45e48a003c097505

----------------
IN: 
0x07ecb761:  
OBJD-T: 3c2074f7

----------------
IN: 
0x07ecb75c:  
OBJD-T: ff45e4ebf2

----------------
IN: 
0x07ecb753:  
OBJD-T: 8b45e48a003c097505

----------------
IN: 
0x07ecb765:  
OBJD-T: b80c000000e82d2814f8

----------------
IN: 
0x07ecb76f:  
OBJD-T: 89c385c07509

----------------
IN: 
0x07ecb77e:  
OBJD-T: 89f8e8961214f8

----------------
IN: 
0x07ecb785:  
OBJD-T: 89430485c0750a

----------------
IN: 
0x07ecb796:  
OBJD-T: 8b45e4e87d1214f8

----------------
IN: 
0x07ecb79e:  
OBJD-T: 89430885c07519

----------------
IN: 
0x07ecb7be:  
OBJD-T: a158c2ed078903891d58c2ed0789f0e8f82714f8

----------------
IN: 
0x07ecb7d2:  
OBJD-T: e942ffffff

----------------
IN: 
0x07ecb719:  
OBJD-T: 8b45e0e836c5ffff

----------------
IN: 
0x07ecb7d7:  
OBJD-T: 8b45e0e8c8fb13f8

----------------
IN: 
0x07ecb7df:  
OBJD-T: 31d2891540790100c705204ef707ddb5ec078d65f45b5e5f5dc3

----------------
IN: 
0x07ecbaa8:  
OBJD-T: 89d8e85d3e0000

----------------
IN: 
0x07ecf90c:  
OBJD-T: 85c00f8486010000

----------------
IN: 
0x07ecf914:  
OBJD-T: 5589e557565383ec2450681371ed07e80ee013f8

----------------
IN: 
0x07ecf928:  
OBJD-T: 89c383c41085c00f8455010000

----------------
IN: 
0x07ecf935:  
OBJD-T: ba34000000e8afba13f8

----------------
IN: 
0x000090e8:  
OBJD-T: 9cfa8cd850b800008ec0b800808ed8b80002509d

----------------
IN: 
0x000090fc:  
OBJD-T: 66b800420000cd13

----------------
IN: 
0x07ecf93f:  
OBJD-T: 8945e089d8e881e613f8

----------------
IN: 
0x07ecf949:  
OBJD-T: 837de0000f8437010000

----------------
IN: 
0x07ecf953:  
OBJD-T: 8b1d00e2f60785db741d

----------------
IN: 
0x07ecf97a:  
OBJD-T: 8b1d04e2f60785db741d

----------------
IN: 
0x07ecf9a1:  
OBJD-T: 31c0a304e2f607a300e2f6078b45e0e8a282ffff

----------------
IN: 
0x07ecf9b5:  
OBJD-T: 89c685c00f84c3000000

----------------
IN: 
0x07ecf9bf:  
OBJD-T: 89c30fbe03e8d5cd13f8

----------------
IN: 
0x07ecf9c9:  
OBJD-T: 85c07403

----------------
IN: 
0x07ecf9d0:  
OBJD-T: 8a033c69740e

----------------
IN: 
0x07ecf9e4:  
OBJD-T: bf04e2f6078d43018945dcba3a000000e873cd13f8

----------------
IN: 
0x07ecf9f9:  
OBJD-T: 85c07479

----------------
IN: 
0x07ecf9fd:  
OBJD-T: c60000408945e48b45e48a003c097505

----------------
IN: 
0x07ecfa12:  
OBJD-T: 3c2074f7

----------------
IN: 
0x07ecfa0d:  
OBJD-T: ff45e4ebf2

----------------
IN: 
0x07ecfa04:  
OBJD-T: 8b45e48a003c097505

----------------
IN: 
0x07ecfa16:  
OBJD-T: b80c000000e87ce513f8

----------------
IN: 
0x07ecfa20:  
OBJD-T: 89c385c07509

----------------
IN: 
0x07ecfa2f:  
OBJD-T: 8b45dce8e4cf13f8

----------------
IN: 
0x07ecfa37:  
OBJD-T: 89430485c0750a

----------------
IN: 
0x07ecfa48:  
OBJD-T: 8b45e4e8cbcf13f8

----------------
IN: 
0x07ecfa50:  
OBJD-T: 89430885c07519

----------------
IN: 
0x07ecfa70:  
OBJD-T: 8b078903891f89f0e84de513f8

----------------
IN: 
0x07ecfa7d:  
OBJD-T: e92bffffff

----------------
IN: 
0x07ecf9ad:  
OBJD-T: 8b45e0e8a282ffff

----------------
IN: 
0x07ecf9d6:  
OBJD-T: bf00e2f6073c6f740a

----------------
IN: 
0x07ecf9e9:  
OBJD-T: 8d43018945dcba3a000000e873cd13f8

----------------
IN: 
0x07ecfa82:  
OBJD-T: 8b45e0e81db913f8

----------------
IN: 
0x07ecfa8a:  
OBJD-T: 31d28915407901008d65f45b5e5f5dc3

----------------
IN: 
0x07ecbaaf:  
OBJD-T: 89d8595b5de9266f1000

----------------
IN: 
0x07fd29df:  
OBJD-T: 5589e5565389c6b8ea2bfd07e8a48503f8

----------------
IN: 
0x07fd29f0:  
OBJD-T: 89c3b80a2cfd07e8988503f8

----------------
IN: 
0x07fd29fc:  
OBJD-T: 89c283ec0c5689d9b8c02cfd07e8bdfbffff

----------------
IN: 
0x07fd25e4:  
OBJD-T: 803e007507

----------------
IN: 
0x07fd2a0e:  
OBJD-T: 83c40c85c0740b

----------------
IN: 
0x07fd2a20:  
OBJD-T: 8d65f85b5e5dc3

----------------
IN: 
0x07ecbe3c:  
OBJD-T: b9b9baec0731d2b85569ed07e87ff213f8

----------------
IN: 
0x07ecbe4d:  
OBJD-T: 85f60f84c9010000

----------------
IN: 
0x07ecbe55:  
OBJD-T: e897f5ffff

----------------
IN: 
0x07ecb3f1:  
OBJD-T: a1c096ed078b00c3

----------------
IN: 
0x07ecbe5a:  
OBJD-T: 89c385c07515

----------------
IN: 
0x07ecbe60:  
OBJD-T: b808000000e83b2114f8

----------------
IN: 
0x07ecbe6a:  
OBJD-T: 89c385c0742c

----------------
IN: 
0x07ecbe70:  
OBJD-T: e884f5ffff

----------------
IN: 
0x07ecb3f9:  
OBJD-T: 8b15c096ed078902c3

----------------
IN: 
0x07ecbe75:  
OBJD-T: ba3500000089f0e86df513f8

----------------
IN: 
0x07ecbe81:  
OBJD-T: 89c785c07415

----------------
IN: 
0x07ecbe87:  
OBJD-T: 31d2e8b3871000

----------------
IN: 
0x07fd4641:  
OBJD-T: 5589e557565383ec1c89c68955e4b84c000000e84c9903f8

----------------
IN: 
0x07fd4659:  
OBJD-T: 85c07457

----------------
IN: 
0x07fd465d:  
OBJD-T: 89c7bb002000008b55e485d2740f

----------------
IN: 
0x07fd467a:  
OBJD-T: 8b46348945e439d8ba000000008b4e3819d17303

----------------
IN: 
0x07fd468e:  
OBJD-T: 8b5de48d43ff85d87407

----------------
IN: 
0x07fd4698:  
OBJD-T: 09d88d5801ebf2

----------------
IN: 
0x07fd4691:  
OBJD-T: 8d43ff85d87407

----------------
IN: 
0x07fd469f:  
OBJD-T: 8d4314e8fe9803f8

----------------
IN: 
0x07fd46a7:  
OBJD-T: 89c185c0750b

----------------
IN: 
0x07fd46b8:  
OBJD-T: 89308958048b46048947048b46348b5638894734895738894f40c747082047fd
OBJD-T: 078b463c89473c89f883c41c5b5e5f5dc3

----------------
IN: 
0x07ecbe8e:  
OBJD-T: 8945d085c0750e

----------------
IN: 
0x07ecbea3:  
OBJD-T: b85c69ed07e8e7f013f8

----------------
IN: 
0x07ecbead:  
OBJD-T: 8945d485c07408

----------------
IN: 
0x07ecbebc:  
OBJD-T: b86869ed07e8cef013f8

----------------
IN: 
0x07ecbec6:  
OBJD-T: 89c785c07407

----------------
IN: 
0x07ecbed3:  
OBJD-T: 803e28751b

----------------
IN: 
0x07ecbed8:  
OBJD-T: 89f2b85c69ed07e8dcef13f8

----------------
IN: 
0x07ecbee4:  
OBJD-T: 89f0e8300b14f8

----------------
IN: 
0x07ecbeeb:  
OBJD-T: 89c685c07454

----------------
IN: 
0x07ecbef1:  
OBJD-T: eb2c

----------------
IN: 
0x07ecbf1f:  
OBJD-T: ba2f00000089f0e8560814f8

----------------
IN: 
0x0000c781:  
OBJD-T: 5589e5565331c90fbe3089f339d67502

----------------
IN: 
0x0000c793:  
OBJD-T: 4084db75f0

----------------
IN: 
0x0000c788:  
OBJD-T: 0fbe3089f339d67502

----------------
IN: 
0x0000c791:  
OBJD-T: 89c14084db75f0

----------------
IN: 
0x0000c798:  
OBJD-T: 89c85b5e5dc3

----------------
IN: 
0x07ecbf2b:  
OBJD-T: 85c07403

----------------
IN: 
0x07ecbf2f:  
OBJD-T: c6000089f2b86869ed07e882ef13f8

----------------
IN: 
0x07ecbf3e:  
OBJD-T: 89f0e8852014f8

----------------
IN: 
0x07ecbf45:  
OBJD-T: b85c69ed07e8c3f113f8

----------------
IN: 
0x07ecbf4f:  
OBJD-T: b86869ed07e8b9f113f8

----------------
IN: 
0x07ecbf59:  
OBJD-T: e8c4f213f8

----------------
IN: 
0x07ecbf5e:  
OBJD-T: 31d28915407901008b4dd031d28d45e4e868fbffff

----------------
IN: 
0x07ecbadb:  
OBJD-T: 5589e5565389c389ce89f0e86cc1ffff

----------------
IN: 
0x07fd4406:  
OBJD-T: 5589e557565383ec2c8945e48955d8894ddc8b5840837838ff7517

----------------
IN: 
0x07fd4438:  
OBJD-T: 8b45e48b700c8b78108b430c8b53108945d08955d48b45d039c689f81b45d4c7
OBJD-T: 45e000000000724d

----------------
IN: 
0x07fd4460:  
OBJD-T: 8b4b088b45d08b55d401c883d2008945c88955cc8b45c839c689f81b45cc732d

----------------
IN: 
0x07fd44ad:  
OBJD-T: 8b45e0837ddc000f847f010000

----------------
IN: 
0x07fd44ba:  
OBJD-T: 8945c831c08945cc8b45c88b55cc8b7de403470c13571083c0ff83d2ff0345dc
OBJD-T: 83d200516a008b730431ff5756e89a8503f8

----------------
IN: 
0x0000cad1:  
OBJD-T: 89f031d2f7f38945e031d28955e4eb57

----------------
IN: 
0x07fd44ec:  
OBJD-T: 8b4b040fafcaf763048945d08955d4014dd48b45e48b50108b400c8b75c88b7d
OBJD-T: cc01c611d78975c8897dcc5e8b75d03975c88b75cc1b75d40f8393000000

----------------
IN: 
0x07fd45bd:  
OBJD-T: 8b55d08b4dd48b03e87f6f03f8

----------------
IN: 
0x07fd45ca:  
OBJD-T: 8b4b048d53148b03e8056d03f8

----------------
IN: 
0x07fd45d7:  
OBJD-T: 89c785c00f8870ffffff

----------------
IN: 
0x07fd45e1:  
OBJD-T: 8b45d08b55d489430c895310897b088b45e4837838ff7517

----------------
IN: 
0x07fd4610:  
OBJD-T: 397ddc7303

----------------
IN: 
0x07fd4615:  
OBJD-T: 8b7ddc8b45e48b400c2b45d00345e083c0148d140389f98b45d8e8598003f8

----------------
IN: 
0x07fd4634:  
OBJD-T: 8b45e001f88d65f45b5e5f5dc3

----------------
IN: 
0x07fd4480:  
OBJD-T: 89f02b45d029c1894de0394ddc7306

----------------
IN: 
0x07fd448f:  
OBJD-T: 8b75dc8975e08d5403148b4de08b45d8e8e98103f8

----------------
IN: 
0x07fd44a4:  
OBJD-T: 8b75e02975dc0175d88b45e0837ddc000f847f010000

----------------
IN: 
0x07fd4639:  
OBJD-T: 8d65f45b5e5f5dc3

----------------
IN: 
0x07ec7ca1:  
OBJD-T: 894dcc01ff89fa89d8e83e6614f8

----------------
IN: 
0x0000e2ed:  
OBJD-T: 5589e557565383ec1c89d685c0750e

----------------
IN: 
0x0000e30a:  
OBJD-T: 89c385d27509

----------------
IN: 
0x0000e319:  
OBJD-T: 8d4de48d55e0e8f5f8ffff

----------------
IN: 
0x0000e324:  
OBJD-T: 8b7de08d460fc1e804403947047327

----------------
IN: 
0x0000e333:  
OBJD-T: 89f0e862fcffff

----------------
IN: 
0x0000e33a:  
OBJD-T: 89c685c07504

----------------
IN: 
0x0000e344:  
OBJD-T: 8b4f04c1e10489dae83ce3ffff

----------------
IN: 
0x0000e351:  
OBJD-T: 89d8e872fcffff

----------------
IN: 
0x0000e358:  
OBJD-T: ebe6

----------------
IN: 
0x0000e340:  
OBJD-T: 89f3eb16

----------------
IN: 
0x0000e35a:  
OBJD-T: 89d883c41c5b5e5f5dc3

----------------
IN: 
0x07ec7caf:  
OBJD-T: 85c08b4dcc750b

----------------
IN: 
0x07ec7cc1:  
OBJD-T: 89c38a45e78d14333c0a7409

----------------
IN: 
0x07ecbaeb:  
OBJD-T: 890385c07507

----------------
IN: 
0x07ecbaf8:  
OBJD-T: 8038237507

----------------
IN: 
0x07ecbafd:  
OBJD-T: e8c82414f8

----------------
IN: 
0x07ecbb02:  
OBJD-T: ebe0

----------------
IN: 
0x07ecbae4:  
OBJD-T: 89f0e86cc1ffff

----------------
IN: 
0x07ecbb04:  
OBJD-T: 31c05b5e5dc3

----------------
IN: 
0x07ecbf73:  
OBJD-T: 85c0751f

----------------
IN: 
0x07ecbf77:  
OBJD-T: 8b75e485f67418

----------------
IN: 
0x07ecbf7e:  
OBJD-T: 8b4dd0badbbaec0789f0e8cd640000

----------------
IN: 
0x07ed245a:  
OBJD-T: 5589e55353e8ce040000

----------------
IN: 
0x07ed2932:  
OBJD-T: 5589e557565383ec1c8945e48955e089cf31d231c0e8bbffffff

----------------
IN: 
0x07ed2907:  
OBJD-T: 5589e5565389c389d6b814000000e882b613f8

----------------
IN: 
0x07ed291a:  
OBJD-T: 85c07410

----------------
IN: 
0x07ed291e:  
OBJD-T: 89700489580831d2891089501089500c5b5e5dc3

----------------
IN: 
0x07ed294c:  
OBJD-T: 85c07419

----------------
IN: 
0x07ed2950:  
OBJD-T: 89c6b818000000e849b613f8

----------------
IN: 
0x07ed295c:  
OBJD-T: 89c385c0750e

----------------
IN: 
0x07ed2970:  
OBJD-T: 83ec0c578b4de08b55e4e83bfaffff

----------------
IN: 
0x07ed23ba:  
OBJD-T: 5589e557565383ec1c89c389d6894de4b848000000e8d1bb13f8

----------------
IN: 
0x07ed23d4:  
OBJD-T: 85c07421

----------------
IN: 
0x07ed23d8:  
OBJD-T: 89c7c7403020000000b820000000e8b1bb13f8

----------------
IN: 
0x07ed23eb:  
OBJD-T: 89472885c0750b

----------------
IN: 
0x07ed23fd:  
OBJD-T: 8b45e489078b45088947048d4740e8e2140000

----------------
IN: 
0x07ed38f2:  
OBJD-T: 85c07471

----------------
IN: 
0x07ed38f6:  
OBJD-T: 5589e5535389c3b860200000e895a613f8

----------------
IN: 
0x07ed3907:  
OBJD-T: 890385c07511

----------------
IN: 
0x07ed391e:  
OBJD-T: b96020000031d2e8628f13f8

----------------
IN: 
0x07ed392a:  
OBJD-T: 8b0331c989481489480c89481089482489482889482c89483489483889483c89
OBJD-T: 885020000089885420000089885820000089480489480831c05a5b5dc3

----------------
IN: 
0x07ed2410:  
OBJD-T: 85c07530

----------------
IN: 
0x07ed2414:  
OBJD-T: 8b574089d8e888140000

----------------
IN: 
0x07ed38a6:  
OBJD-T: 8902c3

----------------
IN: 
0x07ed241e:  
OBJD-T: 897b1485f67505

----------------
IN: 
0x07ed242a:  
OBJD-T: 89f289d8e81dfeffff

----------------
IN: 
0x07ed2250:  
OBJD-T: 5589e557565383ec2c8945d489d031d28955e48b4dd48b7114837e08007507

----------------
IN: 
0x07ed226f:  
OBJD-T: 89c10b4e3c7417

----------------
IN: 
0x07ed2276:  
OBJD-T: 8b3e85ff751b

----------------
IN: 
0x07ed2297:  
OBJD-T: 85c0750f

----------------
IN: 
0x07ed22aa:  
OBJD-T: e86ca713f8

----------------
IN: 
0x07ed22af:  
OBJD-T: 8945e48b45e485c07507

----------------
IN: 
0x07ed22c0:  
OBJD-T: e83ba613f8

----------------
IN: 
0x07ed22c5:  
OBJD-T: 89c38b45e48038007519

----------------
IN: 
0x07ed22e8:  
OBJD-T: 85db7445

----------------
IN: 
0x07ed22ec:  
OBJD-T: 807c18ff0a743e

----------------
IN: 
0x07ed22f3:  
OBJD-T: 89da83c2027219

----------------
IN: 
0x07ed22fa:  
OBJD-T: e8eebf13f8

----------------
IN: 
0x07ed22ff:  
OBJD-T: 89c785c0741d

----------------
IN: 
0x07ed2305:  
OBJD-T: 8d4301c6041f0ac6441f0100eb19

----------------
IN: 
0x07ed232c:  
OBJD-T: 897de489c3837de4007482

----------------
IN: 
0x07ed2337:  
OBJD-T: 8b463c85c07449

----------------
IN: 
0x07ed2387:  
OBJD-T: 8b56408b45e4e895140000

----------------
IN: 
0x07ed3827:  
OBJD-T: 5589e5565389c389d6e8cb9013f8

----------------
IN: 
0x07ed3835:  
OBJD-T: 89c289f189d85b5e5de969ffffff

----------------
IN: 
0x07ed37ac:  
OBJD-T: 5589e557565383ec1c89c689d389cf8d42028945e4e8d6a713f8

----------------
IN: 
0x07ed37c6:  
OBJD-T: 31c985c07507

----------------
IN: 
0x07ed37d3:  
OBJD-T: 39d97d09

----------------
IN: 
0x07ed37d7:  
OBJD-T: 8a140e88140841ebf3

----------------
IN: 
0x07ed37e0:  
OBJD-T: c644180100c604180089f98b55e4e820ffffff

----------------
IN: 
0x07ed3713:  
OBJD-T: 83fa010f8683000000

----------------
IN: 
0x07ed371c:  
OBJD-T: 5589e557565383ec1c89c68d5afe807c10fe007571

----------------
IN: 
0x07ed3731:  
OBJD-T: 807c10ff00756a

----------------
IN: 
0x07ed3738:  
OBJD-T: 89cfb830000000e858a813f8

----------------
IN: 
0x07ed3744:  
OBJD-T: 85c07521

----------------
IN: 
0x07ed3769:  
OBJD-T: 89580c89700489700831d2895014891089581031c9894818c7401c0100000031
OBJD-T: db89582889582c89fa8945e4e8a9fcffff

----------------
IN: 
0x07ed3443:  
OBJD-T: 5589e5565389c689d389d0e8ccfdffff

----------------
IN: 
0x07ed321f:  
OBJD-T: 5589e5565389c38b401485c0752b

----------------
IN: 
0x07ed322d:  
OBJD-T: b804000000e865ad13f8

----------------
IN: 
0x07ed3237:  
OBJD-T: 89431485c0743b

----------------
IN: 
0x07ed323e:  
OBJD-T: b90400000031d2e8429613f8

----------------
IN: 
0x07ed324a:  
OBJD-T: c743100100000031c9894b0ceb57

----------------
IN: 
0x07ed32af:  
OBJD-T: 8d65f85b5e5dc3

----------------
IN: 
0x07ed3453:  
OBJD-T: 8b431485c07444

----------------
IN: 
0x07ed345a:  
OBJD-T: 8b530c8b049039f0743e

----------------
IN: 
0x07ed3464:  
OBJD-T: 85c0741d

----------------
IN: 
0x07ed3485:  
OBJD-T: 8b530c8b431489349089d8e864fdffff

----------------
IN: 
0x07ed31f9:  
OBJD-T: 8b480c8b50148b0c8a8b511089501c8b51088950248990502000008b09894804
OBJD-T: 8a12885018c3

----------------
IN: 
0x07ed3495:  
OBJD-T: c7433001000000eb04

----------------
IN: 
0x07ed34a2:  
OBJD-T: 5b5e5dc3

----------------
IN: 
0x07ed379a:  
OBJD-T: 8b45e4eb05

----------------
IN: 
0x07ed37a4:  
OBJD-T: 8d65f45b5e5f5dc3

----------------
IN: 
0x07ed37f3:  
OBJD-T: 85c07521

----------------
IN: 
0x07ed3818:  
OBJD-T: c74014010000008d65f45b5e5f5dc3

----------------
IN: 
0x07ed2392:  
OBJD-T: 89c68b45e4e82ebc13f8

----------------
IN: 
0x07ed239c:  
OBJD-T: 31c085f67510

----------------
IN: 
0x07ed23b2:  
OBJD-T: 83c42c5b5e5f5dc3

----------------
IN: 
0x07ed2433:  
OBJD-T: 85c07417

----------------
IN: 
0x07ed244e:  
OBJD-T: 89f883c41c5b5e5f5dc20400

----------------
IN: 
0x07ed297f:  
OBJD-T: 89c783c40c85c0750b

----------------
IN: 
0x07ed2993:  
OBJD-T: 8943148b53088955e431c089430889d8e852000000

----------------
IN: 
0x07ed29fa:  
OBJD-T: 5589e557565381ec7c0a00008985a4f5ffff8dbd88f6ffff89bd7cf5ffff8d85
OBJD-T: c0f5ffff8985a0f5ffff898598f5ffffc78594f5ffffc800000031db899d8cf5
OBJD-T: ffff31dbc7859cf5fffffeffffff8b85a0f5ffff88188b8598f5ffff8bb594f5
OBJD-T: ffff8d4430ff3985a0f5ffff0f8221010000

----------------
IN: 
0x07ed2b8d:  
OBJD-T: 83fb030f84b2050000

----------------
IN: 
0x07ed2b96:  
OBJD-T: 0fbfb41b604ced0783feb70f84c4000000

----------------
IN: 
0x07ed2c6b:  
OBJD-T: 0fbe83e04bed07898590f5ffff85c07522

----------------
IN: 
0x07ed2c9e:  
OBJD-T: 8b8590f5ffff0fbe906049ed07889584f5ffffb80100000029d06bc00c01f88b
OBJD-T: 188b700489b580f5ffff8b4008898588f5ffff8b8590f5ffff83e80283f83d0f
OBJD-T: 8729030000

----------------
IN: 
0x07ed2ce3:  
OBJD-T: ff24856048ed07

----------------
IN: 
0x07ed2cea:  
OBJD-T: 8b85a4f5ffffeb0d

----------------
IN: 
0x07ed2cff:  
OBJD-T: 31d2895004e903030000

----------------
IN: 
0x07ed300c:  
OBJD-T: 0fbe8584f5ffff6bc80c29cf89fa2985a0f5ffff8d7f0c895a0c8b8580f5ffff
OBJD-T: 8942108b8588f5ffff8942148b8590f5ffff0fbe80a049ed078d48dd8bb5a0f5
OBJD-T: ffff0fbe1e0fbe80994bed0701d83dd80000007714

----------------
IN: 
0x07ed3075:  
OBJD-T: 0fbe999c4bed07e9dffbffff

----------------
IN: 
0x07ed2c60:  
OBJD-T: ff85a0f5ffffe9ddfdffff

----------------
IN: 
0x07ed2a48:  
OBJD-T: 8b85a0f5ffff88188b8598f5ffff8bb594f5ffff8d4430ff3985a0f5ffff0f82
OBJD-T: 21010000

----------------
IN: 
0x07ed2ba7:  
OBJD-T: 83bd9cf5fffffe7517

----------------
IN: 
0x07ed2bb0:  
OBJD-T: 8b95a4f5ffff8d85b4f5ffffe887f5ffff

----------------
IN: 
0x07ed2148:  
OBJD-T: 5589e557565383ec1c89c78955e48b5a1431f689308b720485f6740a

----------------
IN: 
0x07ed216e:  
OBJD-T: 837b1c000f85a5000000

----------------
IN: 
0x07ed2178:  
OBJD-T: 31c9894b20894b24c7432c010000008b4328c600008b534089f8e80c190000

----------------
IN: 
0x07ed3aa3:  
OBJD-T: 5589e557565383ec2c89d389825c200000837a2800754c

----------------
IN: 
0x07ed3aba:  
OBJD-T: c7422801000000837a2c007507

----------------
IN: 
0x07ed3ac7:  
OBJD-T: c7422c010000008b431485c07409

----------------
IN: 
0x07ed3ad5:  
OBJD-T: 8b530c833c90007521

----------------
IN: 
0x07ed3aff:  
OBJD-T: 89d8e8f3f6ffff

----------------
IN: 
0x07ed3b06:  
OBJD-T: 8b43248a531888108b532c8945e00fb6088a898060ed07884de46683bc128061
OBJD-T: ed07007421

----------------
IN: 
0x07ed3b4c:  
OBJD-T: 0fb675e40fbf8c12805eed0701f10fbfbc09c04fed0739d775cd

----------------
IN: 
0x07ed3b66:  
OBJD-T: 0fbf94094056ed074081fabb000000759d

----------------
IN: 
0x07ed3b14:  
OBJD-T: 0fb6088a898060ed07884de46683bc128061ed07007421

----------------
IN: 
0x07ed3b2b:  
OBJD-T: 895340894344eb19

----------------
IN: 
0x07ed3b33:  
OBJD-T: 0fbf9412c05ced0781fabb0000007e09

----------------
IN: 
0x07ed3b43:  
OBJD-T: 8a8e4060ed07884de40fb675e40fbf8c12805eed0701f10fbfbc09c04fed0739
OBJD-T: d775cd

----------------
IN: 
0x07ed3b77:  
OBJD-T: 8b7b448b43408b75e08975dc0fbf84008061ed078b75dc89b35020000089fa29
OBJD-T: f28953208a17885318c607008b73208975e081feff1f00000f8fb0000000

----------------
IN: 
0x07ed3bb5:  
OBJD-T: 8bb3502000008d4b50894de431d23955e07c0a

----------------
IN: 
0x07ed3bc8:  
OBJD-T: 8a0c16884c135042ebf1

----------------
IN: 
0x07ed3bc3:  
OBJD-T: 3955e07c0a

----------------
IN: 
0x07ed3bd2:  
OBJD-T: 897b2483f84b0f8747070000

----------------
IN: 
0x07ed3bde:  
OBJD-T: ff2485804eed07

----------------
IN: 
0x07ed3f02:  
OBJD-T: 8b55e48b03e884e1ffff

----------------
IN: 
0x07ed2090:  
OBJD-T: 5589e557565383ec1c8955e08b5814837b0c00746d

----------------
IN: 
0x07ed2112:  
OBJD-T: 83c41c5b5e5f5dc3

----------------
IN: 
0x07ed3f0c:  
OBJD-T: b820010000e98a040000

----------------
IN: 
0x07ed43a0:  
OBJD-T: 8d65f45b5e5f5dc3

----------------
IN: 
0x07ed2197:  
OBJD-T: 89c63d020100007467

----------------
IN: 
0x07ed21a0:  
OBJD-T: 837b20007408

----------------
IN: 
0x07ed21ae:  
OBJD-T: 8b4340e8ec160000

----------------
IN: 
0x07ed38a2:  
OBJD-T: 83c050c3

----------------
IN: 
0x07ed21b6:  
OBJD-T: b901000000894ddc5252508945e056689a72ed0768ae72ed07685001000068b4
OBJD-T: 72ed07e823b613f8

----------------
IN: 
0x07ed21de:  
OBJD-T: 83c4148b45e0508b4ddc8b178b45e4e892040000

----------------
IN: 
0x07ed2684:  
OBJD-T: 5589e557565383ec1c89c789d6894de4ba10000000e809ffffff

----------------
IN: 
0x07ed25a7:  
OBJD-T: 5589e55683ec1489c68d4207e8e4b913f8

----------------
IN: 
0x07ed25b8:  
OBJD-T: 85c0742e

----------------
IN: 
0x07ed25bc:  
OBJD-T: 83ec0c508945f468a873ed0768b373ed076a3268bd73ed07e828b213f8

----------------
IN: 
0x07ed25d9:  
OBJD-T: 8b56088b45f4891089460883c00483c4208b75fcc9c3

----------------
IN: 
0x07ed269e:  
OBJD-T: 85c0744c

----------------
IN: 
0x07ed26a2:  
OBJD-T: 89c38b4de4890831d28950088b4508e84aa213f8

----------------
IN: 
0x07ed26b6:  
OBJD-T: 8d480189ca894de489f8e8e2feffff

----------------
IN: 
0x07ed26c5:  
OBJD-T: 89430485c07422

----------------
IN: 
0x07ed26cc:  
OBJD-T: 8b4de48b5508e8b69f13f8

----------------
IN: 
0x07ed26d7:  
OBJD-T: 31c089430c85f67410

----------------
IN: 
0x07ed26f0:  
OBJD-T: 89d883c41c5b5e5f5dc20400

----------------
IN: 
0x07ed21f2:  
OBJD-T: 890783c40c837b2000740a

----------------
IN: 
0x07ed2207:  
OBJD-T: 833f000f8454ffffff

----------------
IN: 
0x07ed2210:  
OBJD-T: 8b45e4837804000f8547ffffff

----------------
IN: 
0x07ed221d:  
OBJD-T: 89f08d65f45b5e5f5dc3

----------------
IN: 
0x07ed2bc1:  
OBJD-T: 89859cf5ffff83bd9cf5ffff007e30

----------------
IN: 
0x07ed2bd0:  
OBJD-T: 81bd9cf5ffff000100000f84ba040000

----------------
IN: 
0x07ed2be0:  
OBJD-T: ba0200000081bd9cf5ffff210100007719

----------------
IN: 
0x07ed2bf1:  
OBJD-T: 8b859cf5ffff0fbe90404ded07eb0a

----------------
IN: 
0x07ed2c0a:  
OBJD-T: 8d04323dd80000007757

----------------
IN: 
0x07ed2c14:  
OBJD-T: 0fbe88e049ed0739d1754c

----------------
IN: 
0x07ed2c1f:  
OBJD-T: 0fbe98c04aed0785db7f0a

----------------
IN: 
0x07ed2c2a:  
OBJD-T: f7db899d90f5ffffeb6a

----------------
IN: 
0x07ed3061:  
OBJD-T: 3a98e049ed07750c

----------------
IN: 
0x07ed3069:  
OBJD-T: 0fbe98c04aed07e9ebfbffff

----------------
IN: 
0x07ed2bc7:  
OBJD-T: 83bd9cf5ffff007e30

----------------
IN: 
0x07ed300a:  
OBJD-T: 31db0fbe8584f5ffff6bc80c29cf89fa2985a0f5ffff8d7f0c895a0c8b8580f5
OBJD-T: ffff8942108b8588f5ffff8942148b8590f5ffff0fbe80a049ed078d48dd8bb5
OBJD-T: a0f5ffff0fbe1e0fbe80994bed0701d83dd80000007714

----------------
IN: 
0x07ed2c34:  
OBJD-T: 83bd8cf5ffff0183958cf5ffffff8d470c8db5b4f5ffffb90300000089c7f3a5

----------------
IN: 
0x07ed2c52:  
OBJD-T: f3a5

----------------
IN: 
0x07ed2c54:  
OBJD-T: 89c7c7859cf5fffffeffffffff85a0f5ffffe9ddfdffff

----------------
IN: 
0x07ed2d33:  
OBJD-T: 8b0f31d28b85a4f5ffffe8baf9ffff

----------------
IN: 
0x07ed26fc:  
OBJD-T: 5589e5565383ec108945f489d389ce68d673ed0768b373ed0768a300000068bd
OBJD-T: 73ed07e8ddb013f8

----------------
IN: 
0x07ed2724:  
OBJD-T: ba0c0000008b45f4e876feffff

----------------
IN: 
0x07ed2731:  
OBJD-T: 83c41085c07428

----------------
IN: 
0x07ed2738:  
OBJD-T: 31d2891089700431c989480885db7509

----------------
IN: 
0x07ed2748:  
OBJD-T: c7400801000000eb11

----------------
IN: 
0x07ed2762:  
OBJD-T: 8d65f85b5e5dc3

----------------
IN: 
0x07ed2d42:  
OBJD-T: e97a010000

----------------
IN: 
0x07ed2ec1:  
OBJD-T: 89c3e944010000

----------------
IN: 
0x07ed3c8b:  
OBJD-T: 8b55e48b03e8fbe3ffff

----------------
IN: 
0x07ed3c95:  
OBJD-T: e96cfeffff

----------------
IN: 
0x07ed3eca:  
OBJD-T: 8b55e48b03e8bce1ffff

----------------
IN: 
0x07ed3ed4:  
OBJD-T: 8b431485c07406

----------------
IN: 
0x07ed3edb:  
OBJD-T: 8b530c8b049089dae86cf7ffff

----------------
IN: 
0x07ed3654:  
OBJD-T: 85c07469

----------------
IN: 
0x07ed3658:  
OBJD-T: 5589e5565389c689d389d0e8b7fbffff

----------------
IN: 
0x07ed3258:  
OBJD-T: 8b73108d56ff39530c724c

----------------
IN: 
0x07ed3263:  
OBJD-T: 83c6088d14b500000000e87bb013f8

----------------
IN: 
0x07ed3272:  
OBJD-T: 89431485c07521

----------------
IN: 
0x07ed329a:  
OBJD-T: 8b53108d0490b92000000031d2e8e09513f8

----------------
IN: 
0x07ed32ac:  
OBJD-T: 8973108d65f85b5e5dc3

----------------
IN: 
0x07ed3668:  
OBJD-T: 8b431485c07426

----------------
IN: 
0x07ed366f:  
OBJD-T: 8b530c833c9000741d

----------------
IN: 
0x07ed3678:  
OBJD-T: 8b43248a531888108b530c8b43148b04908b53248950088b531c8950108b5314
OBJD-T: 85d2740d

----------------
IN: 
0x07ed369c:  
OBJD-T: 8b430c833c82007404

----------------
IN: 
0x07ed36a5:  
OBJD-T: 4089430c8b430c89348289d8e843fbffff

----------------
IN: 
0x07ed36b6:  
OBJD-T: c74330010000005b5e5dc3

----------------
IN: 
0x07ed3ee8:  
OBJD-T: 89da8b45e4e851f9ffff

----------------
IN: 
0x07ed3843:  
OBJD-T: 5589e5535189d3e8d8ffffff

----------------
IN: 
0x07ed3468:  
OBJD-T: 8b43248a531888108b530c8b43148b04908b53248950088b531c8950108b530c
OBJD-T: 8b431489349089d8e864fdffff

----------------
IN: 
0x07ed384f:  
OBJD-T: 85c0741c

----------------
IN: 
0x07ed3853:  
OBJD-T: 8b038b4014c740200100000089dab801000000e84bfaffff

----------------
IN: 
0x07ed32b6:  
OBJD-T: 5589e557565383ec0c89c689d38b42388b4a3c3942347c45

----------------
IN: 
0x07ed32ce:  
OBJD-T: 83c019894238c1e00285c97507

----------------
IN: 
0x07ed32db:  
OBJD-T: e8bcac13f8

----------------
IN: 
0x07ed32e0:  
OBJD-T: eb09

----------------
IN: 
0x07ed32eb:  
OBJD-T: 89433c85c07521

----------------
IN: 
0x07ed3313:  
OBJD-T: 8b432c488b4b348d5101895334bf0200000099f7ff8b7b3c89048f01f6468973
OBJD-T: 2c8d65f45b5e5f5dc3

----------------
IN: 
0x07ed386b:  
OBJD-T: 31c0eb0e

----------------
IN: 
0x07ed387d:  
OBJD-T: 5a5b5dc3

----------------
IN: 
0x07ed3ef2:  
OBJD-T: 85c07420

----------------
IN: 
0x07ed3f16:  
OBJD-T: 8b038b4014c7403801000000e9dffbffff

----------------
IN: 
0x07ed409d:  
OBJD-T: 8b83502000008945d48a431888078b530c8b43148b1490837a2c007512

----------------
IN: 
0x07ed40ba:  
OBJD-T: 8b421089431c8b43048902c7422c010000008b43248b72048b4b1c894dd88b8b
OBJD-T: 50200000894de08b4dd801f139c17271

----------------
IN: 
0x07ed415b:  
OBJD-T: 8b4dd88d4c0e0139c1730a

----------------
IN: 
0x07ed4170:  
OBJD-T: 8b4de029c8837a28007506

----------------
IN: 
0x07ed417b:  
OBJD-T: 48e936010000

----------------
IN: 
0x07ed42b7:  
OBJD-T: 7546

----------------
IN: 
0x07ed42ff:  
OBJD-T: 8b530c8b43148b14908b431c03420489c789432489d8e853eeffff

----------------
IN: 
0x07ed316d:  
OBJD-T: 5589e557565383ec0889c28b402c8b8a502000008b7a24897dec8b7dec39f973
OBJD-T: 64

----------------
IN: 
0x07ed318e:  
OBJD-T: 0fb619c645f30184db7409

----------------
IN: 
0x07ed3199:  
OBJD-T: 8a9b8060ed07885df36683bc008061ed07007420

----------------
IN: 
0x07ed31cd:  
OBJD-T: 0fb67df30fbf9c00805eed0701fb0fbfb41bc04fed0739c675ce

----------------
IN: 
0x07ed31b5:  
OBJD-T: 0fbf8400c05ced073dbb0000007e09

----------------
IN: 
0x07ed31c4:  
OBJD-T: 8a9f4060ed07885df30fb67df30fbf9c00805eed0701fb0fbfb41bc04fed0739
OBJD-T: c675ce

----------------
IN: 
0x07ed31e7:  
OBJD-T: 0fbf841b4056ed0741eb95

----------------
IN: 
0x07ed3187:  
OBJD-T: 8b7dec39f97364

----------------
IN: 
0x07ed31ad:  
OBJD-T: 894240894a44eb18

----------------
IN: 
0x07ed31f2:  
OBJD-T: 5a595b5e5f5dc3

----------------
IN: 
0x07ed431a:  
OBJD-T: 8bb350200000e95bf8ffff

----------------
IN: 
0x07ed3b80:  
OBJD-T: 8975dc0fbf84008061ed078b75dc89b35020000089fa29f28953208a17885318
OBJD-T: c607008b73208975e081feff1f00000f8fb0000000

----------------
IN: 
0x07ed4067:  
OBJD-T: 8b4b208b55e48b03e8c8f2ffff

----------------
IN: 
0x07ed333c:  
OBJD-T: 5589e557565383ec1c89c68955e489cb85c97509

----------------
IN: 
0x07ed3359:  
OBJD-T: 8b4e148b51308b41288b792c01df39d77230

----------------
IN: 
0x07ed339b:  
OBJD-T: 8b46148b502c8b40288d4410ff8b55e4e8049313f8

----------------
IN: 
0x0000c6b4:  
OBJD-T: 5589e55331c98a1c0a881c084184db75f5

----------------
IN: 
0x0000c6ba:  
OBJD-T: 8a1c0a881c084184db75f5

----------------
IN: 
0x0000c6c5:  
OBJD-T: 5b5dc3

----------------
IN: 
0x07ed33b0:  
OBJD-T: 8b461401582c83c41c5b5e5f5dc3

----------------
IN: 
0x07ed4074:  
OBJD-T: e98dfaffff

----------------
IN: 
0x07ed40cc:  
OBJD-T: 8b43248b72048b4b1c894dd88b8b50200000894de08b4dd801f139c17271

----------------
IN: 
0x07ed42b9:  
OBJD-T: 31c9894b3089d8e8c6f7ffff

----------------
IN: 
0x07ed3a8b:  
OBJD-T: 8b008b5014837a38007507

----------------
IN: 
0x07ed3a9d:  
OBJD-T: b801000000c3

----------------
IN: 
0x07ed42c5:  
OBJD-T: 85c0741d

----------------
IN: 
0x07ed42c9:  
OBJD-T: 8b83502000008943248b432c48b90200000099f7f983c046e9eff8ffff

----------------
IN: 
0x07ed3bd5:  
OBJD-T: 83f84b0f8747070000

----------------
IN: 
0x07ed3f6c:  
OBJD-T: 89d8e84bf4ffff

----------------
IN: 
0x07ed33be:  
OBJD-T: 8b48348d51ff89503485d27926

----------------
IN: 
0x07ed33f1:  
OBJD-T: 8b483c8b149101d24289502cc3

----------------
IN: 
0x07ed3f73:  
OBJD-T: 89d8e848f7ffff

----------------
IN: 
0x07ed36c2:  
OBJD-T: 5589e5535389c38b401485c0743f

----------------
IN: 
0x07ed36d0:  
OBJD-T: 8b530c8b049085c07435

----------------
IN: 
0x07ed36da:  
OBJD-T: 89dae8c5fdffff

----------------
IN: 
0x07ed34a6:  
OBJD-T: 85c07434

----------------
IN: 
0x07ed34aa:  
OBJD-T: 5589e5535389c38b421485c0740e

----------------
IN: 
0x07ed34b8:  
OBJD-T: 8b520c8d04903b187504

----------------
IN: 
0x07ed34c2:  
OBJD-T: 31c98908837b14007408

----------------
IN: 
0x07ed34cc:  
OBJD-T: 8b4304e8f6aa13f8

----------------
IN: 
0x07ed34d4:  
OBJD-T: 89d85a5b5de9ecaa13f8

----------------
IN: 
0x07ed36e1:  
OBJD-T: 8b53148b430c31c9890c8285c07404

----------------
IN: 
0x07ed36f0:  
OBJD-T: 4889430c85d27417

----------------
IN: 
0x07ed36f8:  
OBJD-T: 8b430c833c8200740e

----------------
IN: 
0x07ed3701:  
OBJD-T: 89d8e8f1faffff

----------------
IN: 
0x07ed3708:  
OBJD-T: c7433001000000585b5dc3

----------------
IN: 
0x07ed3f7a:  
OBJD-T: 8b038b401431c9894838c7402401000000c7403401000000e9af030000

----------------
IN: 
0x07ed4346:  
OBJD-T: b821010000eb53

----------------
IN: 
0x07ed21a6:  
OBJD-T: 8b43288b4b34eb0d

----------------
IN: 
0x07ed21bb:  
OBJD-T: 894ddc5252508945e056689a72ed0768ae72ed07685001000068b472ed07e823
OBJD-T: b613f8

----------------
IN: 
0x07ed21fd:  
OBJD-T: 837b24000f8479ffffff

----------------
IN: 
0x07ed2ea4:  
OBJD-T: 8b1fe961010000

----------------
IN: 
0x07ed3c9a:  
OBJD-T: 8b55e48b03e8ece3ffff

----------------
IN: 
0x07ed3ca4:  
OBJD-T: b803010000e9f2060000

----------------
IN: 
0x07ed2e40:  
OBJD-T: 8b5ff485db0f84c1010000

----------------
IN: 
0x07ed2e4b:  
OBJD-T: 8b0785c00f84b7010000

----------------
IN: 
0x07ed2e67:  
OBJD-T: 8b57f48b0f85c9740d

----------------
IN: 
0x07ed2e7d:  
OBJD-T: 8b47e885d27411

----------------
IN: 
0x07ed2e84:  
OBJD-T: 85c0740d

----------------
IN: 
0x07ed2e88:  
OBJD-T: 89108b4a0801480831c9894a0889c28b85a4f5ffffe8c7f8ffff

----------------
IN: 
0x07ed2769:  
OBJD-T: 5589e55383ec148945f489d368df73ed0768b373ed0768c600000068bd73ed07
OBJD-T: e873b013f8

----------------
IN: 
0x07ed278e:  
OBJD-T: ba0c0000008b45f4e80cfeffff

----------------
IN: 
0x07ed279b:  
OBJD-T: 83c41085c0740e

----------------
IN: 
0x07ed27a2:  
OBJD-T: c700b81aed0731d28950048958088b5dfcc9c3

----------------
IN: 
0x07ed2ea2:  
OBJD-T: eb1d

----------------
IN: 
0x07ed3a96:  
OBJD-T: 31d2e9b3e7ffff

----------------
IN: 
0x07ed228d:  
OBJD-T: b801000000e91b010000

----------------
IN: 
0x07ed4079:  
OBJD-T: 89d8e842f6ffff

----------------
IN: 
0x07ed36f4:  
OBJD-T: 85d27417

----------------
IN: 
0x07ed370f:  
OBJD-T: 585b5dc3

----------------
IN: 
0x07ed4080:  
OBJD-T: 8b038b4014c7401c0100000031c0e90d030000

----------------
IN: 
0x07ed2c00:  
OBJD-T: 31d231c9898d9cf5ffff8d04323dd80000007757

----------------
IN: 
0x07ed2d09:  
OBJD-T: 8b4fe88b57dce9a2010000

----------------
IN: 
0x07ed2eb6:  
OBJD-T: 8b85a4f5ffffe8e0f9ffff

----------------
IN: 
0x07ed28a1:  
OBJD-T: 5589e557565383ec0c89c789d389ce68f773ed0768b373ed07682601000068bd
OBJD-T: 73ed07e838af13f8

----------------
IN: 
0x07ed28c9:  
OBJD-T: 83c41085f6742d

----------------
IN: 
0x07ed28d0:  
OBJD-T: 89d885db751b

----------------
IN: 
0x07ed28d6:  
OBJD-T: ba0800000089f8e8c5fcffff

----------------
IN: 
0x07ed28e2:  
OBJD-T: 85c07419

----------------
IN: 
0x07ed28e6:  
OBJD-T: c7009518ed07897004eb0e

----------------
IN: 
0x07ed28ff:  
OBJD-T: 8d65f45b5e5f5dc3

----------------
IN: 
0x07ed2cf2:  
OBJD-T: 8b078bb5a4f5ffff89461089f031d2895004e903030000

----------------
IN: 
0x07ed3148:  
OBJD-T: 31db8d85c0f5ffff398598f5ffff740b

----------------
IN: 
0x07ed3163:  
OBJD-T: 89d88d65f45b5e5f5dc3

----------------
IN: 
0x07ed29a8:  
OBJD-T: 85c08b43088b55e47506

----------------
IN: 
0x07ed29b2:  
OBJD-T: 837b04007418

----------------
IN: 
0x07ed29d0:  
OBJD-T: 8953088946048b43108946088b430c89461089f8e831f7ffff

----------------
IN: 
0x07ed211a:  
OBJD-T: 85c07429

----------------
IN: 
0x07ed211e:  
OBJD-T: 5589e5535289c38b4040e8d5180000

----------------
IN: 
0x07ed3a02:  
OBJD-T: 5589e5535389c38b431485c07427

----------------
IN: 
0x07ed3a10:  
OBJD-T: 8b530c8b0c9085c9741d

----------------
IN: 
0x07ed3a37:  
OBJD-T: e88ea513f8

----------------
IN: 
0x07ed3a3c:  
OBJD-T: 31c08943148b433ce881a513f8

----------------
IN: 
0x07ed3a49:  
OBJD-T: 31d289531489530c89531089532489532889532c89533489533889533c899350
OBJD-T: 20000089935420000089935820000089530489530889d8e845a513f8

----------------
IN: 
0x07ed3a85:  
OBJD-T: 31c0595b5dc3

----------------
IN: 
0x07ed212d:  
OBJD-T: 8b4310e895be13f8

----------------
IN: 
0x07ed2135:  
OBJD-T: 8b4328e88dbe13f8

----------------
IN: 
0x07ed213d:  
OBJD-T: 89d8595b5de983be13f8

----------------
IN: 
0x07ed29e9:  
OBJD-T: 89d8e8dab513f8

----------------
IN: 
0x07ed29f0:  
OBJD-T: 89f08d65f45b5e5f5dc3

----------------
IN: 
0x07ed2464:  
OBJD-T: 85c07419

----------------
IN: 
0x07ed2468:  
OBJD-T: 89c3e8d7f5ffff

----------------
IN: 
0x07ed1a46:  
OBJD-T: 85c07408

----------------
IN: 
0x07ed1a4a:  
OBJD-T: 8b4008e919f5ffff

----------------
IN: 
0x07ed0f6b:  
OBJD-T: 5589e5565383ec1031db85c07450

----------------
IN: 
0x07ed0f79:  
OBJD-T: 8b0dc8c2ed078d51018915c8c2ed0783fa3f7612

----------------
IN: 
0x07ed0f9f:  
OBJD-T: ff10

----------------
IN: 
0x07ed1895:  
OBJD-T: 5589e553518b580431c085db741e

----------------
IN: 
0x07ed18a3:  
OBJD-T: 833dd0c2ed07007515

----------------
IN: 
0x07ed18ac:  
OBJD-T: 89d8e8b8f6ffff

----------------
IN: 
0x07ed1ab8:  
OBJD-T: 5589e557565383ec3c31ff897dc8897dcc897dd08b40088d55c8e8fbf4ffff

----------------
IN: 
0x07ed0fd2:  
OBJD-T: 5589e557565383ec4c8945b08955a831d28955c08955c48955c885c00f843806
OBJD-T: 0000

----------------
IN: 
0x07ed0ff4:  
OBJD-T: 8b45b083780400

----------------
IN: 
0x07ed0ffb:  
OBJD-T: 0f8422050000

----------------
IN: 
0x07ed1001:  
OBJD-T: 8d45c0e87ef8ffff

----------------
IN: 
0x07ed0887:  
OBJD-T: 5589e5535289c38b48048b0085c9740b

----------------
IN: 
0x07ed08a2:  
OBJD-T: 83c0027209

----------------
IN: 
0x07ed08a7:  
OBJD-T: ba04000000f7e27107

----------------
IN: 
0x07ed08b7:  
OBJD-T: e869ffffff

----------------
IN: 
0x07ed0825:  
OBJD-T: 8d50ff89d0d1e809d089c2c1ea0209c289d0c1e80409d089c2c1ea0809c289d0
OBJD-T: c1e81009d031d2400f94c201d0c3

----------------
IN: 
0x07ed08bc:  
OBJD-T: 89c289c8e828da13f8

----------------
IN: 
0x0000e2fc:  
OBJD-T: 89d083c41c5b5e5f5de992fcffff

----------------
IN: 
0x07ed08c5:  
OBJD-T: 85c074e7

----------------
IN: 
0x07ed08c9:  
OBJD-T: 8b0b8d5101891389430483fa017504

----------------
IN: 
0x07ed08d8:  
OBJD-T: 31db891831c9890c9031c05a5b5dc3

----------------
IN: 
0x07ed1009:  
OBJD-T: 85c00f8513060000

----------------
IN: 
0x07ed1011:  
OBJD-T: 8b45b08b780485ff0f84f4040000

----------------
IN: 
0x07ed101f:  
OBJD-T: 8b3783fe060f87e1040000

----------------
IN: 
0x07ed102a:  
OBJD-T: ff24b54048ed07

----------------
IN: 
0x07ed13c5:  
OBJD-T: 8b47048038000f843a010000

----------------
IN: 
0x07ed13d1:  
OBJD-T: e82ab513f8

----------------
IN: 
0x07ed13d6:  
OBJD-T: 89c18b57048d45c0e804f5ffff

----------------
IN: 
0x07ed08e7:  
OBJD-T: 5589e557565383ec1c89c68955e48b108b40048d4490fc837de400745f

----------------
IN: 
0x07ed0904:  
OBJD-T: 89cf8b1831c985db7409

----------------
IN: 
0x07ed0917:  
OBJD-T: 89c801f87205

----------------
IN: 
0x07ed091d:  
OBJD-T: 83c0017307

----------------
IN: 
0x07ed0929:  
OBJD-T: 894de0e8f4feffff

----------------
IN: 
0x07ed0931:  
OBJD-T: 89c289d8e8b3d913f8

----------------
IN: 
0x07ed093a:  
OBJD-T: 89c385c074e2

----------------
IN: 
0x07ed0940:  
OBJD-T: 8b4de08d04088945e089f98b55e4e83abd13f8

----------------
IN: 
0x07ed0953:  
OBJD-T: 8b45e0c60438008b168b4604895c90fc31c083c41c5b5e5f5dc3

----------------
IN: 
0x07ed13e3:  
OBJD-T: e91b010000

----------------
IN: 
0x07ed1503:  
OBJD-T: 85c00f8519010000

----------------
IN: 
0x07ed150b:  
OBJD-T: 8b7f0ce904fbffff

----------------
IN: 
0x07ed1017:  
OBJD-T: 85ff0f84f4040000

----------------
IN: 
0x07ed1513:  
OBJD-T: 8b45b08b008945b085c00f85d1faffff

----------------
IN: 
0x07ed0897:  
OBJD-T: 85c07407

----------------
IN: 
0x07ed089b:  
OBJD-T: 837c81fc00743f

----------------
IN: 
0x07ed08dc:  
OBJD-T: 31c9890c9031c05a5b5dc3

----------------
IN: 
0x07ed1523:  
OBJD-T: 8b55c485d20f84f6000000

----------------
IN: 
0x07ed152e:  
OBJD-T: 8b45c085c00f84eb000000

----------------
IN: 
0x07ed1539:  
OBJD-T: 837c82fc007504

----------------
IN: 
0x07ed1544:  
OBJD-T: 8d7dd88d75c0b903000000f3a5

----------------
IN: 
0x07ed154f:  
OBJD-T: f3a5

----------------
IN: 
0x07ed1551:  
OBJD-T: 31c9894dc0894dc431f68b45dc8b043085c00f84a2000000

----------------
IN: 
0x07ed1569:  
OBJD-T: 31d28955cc8b0dc0c2ed0785c9751b

----------------
IN: 
0x07ed1578:  
OBJD-T: 8d45c0e807f3ffff

----------------
IN: 
0x07ed1580:  
OBJD-T: 8b45dc8b143083c9ff8d45c0e82af8ffff

----------------
IN: 
0x07ed0dbb:  
OBJD-T: 5589e557565383ec0c89c789d389d085c97517

----------------
IN: 
0x07ed0de5:  
OBJD-T: 497512

----------------
IN: 
0x07ed0dfa:  
OBJD-T: e801bb13f8

----------------
IN: 
0x07ed0dff:  
OBJD-T: 40e897d113f8

----------------
IN: 
0x07ed0e05:  
OBJD-T: 89c685c074e8

----------------
IN: 
0x07ed0e0b:  
OBJD-T: 8a1384d27413

----------------
IN: 
0x07ed0e11:  
OBJD-T: 80fa5c7508

----------------
IN: 
0x07ed0e1e:  
OBJD-T: 43881040ebe7

----------------
IN: 
0x07ed0e24:  
OBJD-T: c6000089f0e8d2ba13f8

----------------
IN: 
0x07ed0e2e:  
OBJD-T: 89c189f289f8e8aefaffff

----------------
IN: 
0x07ed0e39:  
OBJD-T: 89c389f0e888d113f8

----------------
IN: 
0x07ed0e42:  
OBJD-T: 89d883c40c5b5e5f5dc3

----------------
IN: 
0x07ed1591:  
OBJD-T: eb70

----------------
IN: 
0x07ed1603:  
OBJD-T: 83c604e950ffffff

----------------
IN: 
0x07ed155b:  
OBJD-T: 8b45dc8b043085c00f84a2000000

----------------
IN: 
0x07ed160b:  
OBJD-T: 8d45d8e840f2ffff

----------------
IN: 
0x07ed0853:  
OBJD-T: 5589e5565389c331f6837804007417

----------------
IN: 
0x07ed0862:  
OBJD-T: 8b43043b33730b

----------------
IN: 
0x07ed0869:  
OBJD-T: 8b04b0e859d713f8

----------------
IN: 
0x07ed0871:  
OBJD-T: 46ebee

----------------
IN: 
0x07ed0874:  
OBJD-T: e851d713f8

----------------
IN: 
0x07ed0879:  
OBJD-T: 31c089038943048943085b5e5dc3

----------------
IN: 
0x07ed1613:  
OBJD-T: 8d75c0b9030000008b7da8f3a5

----------------
IN: 
0x07ed161e:  
OBJD-T: f3a5

----------------
IN: 
0x07ed1620:  
OBJD-T: 31c0eb0d

----------------
IN: 
0x07ed1631:  
OBJD-T: 8d65f45b5e5f5dc3

----------------
IN: 
0x07ed1ad7:  
OBJD-T: 85c0750e

----------------
IN: 
0x07ed1adb:  
OBJD-T: 89c68b45cc85c07405

----------------
IN: 
0x07ed1ae4:  
OBJD-T: 833800750b

----------------
IN: 
0x07ed1af4:  
OBJD-T: 31ff31db3b5dc87312

----------------
IN: 
0x07ed1afd:  
OBJD-T: 8b45cc8b0498e8f8ad13f8

----------------
IN: 
0x07ed1b08:  
OBJD-T: 8d7c070143ebe9

----------------
IN: 
0x07ed1af8:  
OBJD-T: 3b5dc87312

----------------
IN: 
0x07ed1b0f:  
OBJD-T: 89f8e886c413f8

----------------
IN: 
0x07ed1b16:  
OBJD-T: 89c331c931d285c0750e

----------------
IN: 
0x07ed1b2e:  
OBJD-T: 3b55c8732d

----------------
IN: 
0x07ed1b33:  
OBJD-T: 8b45ccff34908955c0680a72ed0789f829c8508d040b894dc450e856bd13f8

----------------
IN: 
0x07ed1b52:  
OBJD-T: 8b4dc401c18b55c04283c410ebce

----------------
IN: 
0x0000d71d:  
OBJD-T: c6043b008d65f45b5e5f5dc20400

----------------
IN: 
0x07ed1b60:  
OBJD-T: c6443bff00ba0200000089d8e840e40900

----------------
IN: 
0x07f6ffb1:  
OBJD-T: 5589e557565383ec1489c389d6525068f600f707682d00f70768d60000006834
OBJD-T: 00f707e828d809f8

----------------
IN: 
0x07f6ffd9:  
OBJD-T: 8b3d5c01f70783c42085ff7417

----------------
IN: 
0x07f6fffd:  
OBJD-T: 31c0

----------------
IN: 
0x07f6ffff:  
OBJD-T: 8d65f4

----------------
IN: 
0x07f70002:  
OBJD-T: 5b5e5f5dc3

----------------
IN: 
0x07ed1b71:  
OBJD-T: 89d8e852c413f8

----------------
IN: 
0x07ed1b78:  
OBJD-T: 8b45c88945c48b7dcc8b1fba0e72ed0789d8e888ab13f8

----------------
IN: 
0x07ed1b8f:  
OBJD-T: 85c0740c

----------------
IN: 
0x07ed1b93:  
OBJD-T: 8b45c4488945c48d4f04eb3d

----------------
IN: 
0x07ed1bdc:  
OBJD-T: 894dc089daa1a40f0100e88ba513f8

----------------
IN: 
0x07ed1beb:  
OBJD-T: 85c08d7dd68b4dc0757f

----------------
IN: 
0x07ed1c74:  
OBJD-T: 8b5014833d44c2ed0700750c

----------------
IN: 
0x07ed1c80:  
OBJD-T: eb25

----------------
IN: 
0x07ed1ca7:  
OBJD-T: f7d280e2507515

----------------
IN: 
0x07ed1cc3:  
OBJD-T: 8b55c4ff5010

----------------
IN: 
0x00009507:  
OBJD-T: 5589e5565385d27f31

----------------
IN: 
0x00009541:  
OBJD-T: 8b31ba3d00000089f0e81d320000

----------------
IN: 
0x0000954f:  
OBJD-T: 89c385c07513

----------------
IN: 
0x00009568:  
OBJD-T: c600008d500189f0e84b190000

----------------
IN: 
0x00009575:  
OBJD-T: c6033d31c08d65f85b5e5dc3

----------------
IN: 
0x07ed1cc9:  
OBJD-T: 89c385f6742f

----------------
IN: 
0x07ed1cfe:  
OBJD-T: 8d45c8e84debffff

----------------
IN: 
0x07ed1d06:  
OBJD-T: 833d40790100017507

----------------
IN: 
0x07ed1d16:  
OBJD-T: e8079513f8

----------------
IN: 
0x07ed1d1b:  
OBJD-T: 53686471ed076a1257e87fbb13f8

----------------
IN: 
0x0000d0d2:  
OBJD-T: 7f1e

----------------
IN: 
0x0000d0f2:  
OBJD-T: 80fa647555

----------------
IN: 
0x0000d0f7:  
OBJD-T: 8b9300010000eb09

----------------
IN: 
0x0000d108:  
OBJD-T: 893cc2eb3f

----------------
IN: 
0x07ed1d29:  
OBJD-T: 89fab86771ed07e88b9113f8

----------------
IN: 
0x07ed1d35:  
OBJD-T: 83c41089d88d65f45b5e5f5dc3

----------------
IN: 
0x07ed0fa1:  
OBJD-T: 89c3ff0dc8c2ed0750686471ed076a0e8d75ea56e8eec813f8

----------------
IN: 
0x07ed0fba:  
OBJD-T: 89f2b86771ed07e8fa9e13f8

----------------
IN: 
0x0000aee8:  
OBJD-T: 89f0e82c1b0000

----------------
IN: 
0x07ed0fc6:  
OBJD-T: 83c41089d88d65f85b5e5dc3

----------------
IN: 
0x07ed18b3:  
OBJD-T: 833dccc2ed07007505

----------------
IN: 
0x07ed18bc:  
OBJD-T: 8b5b04ebde

----------------
IN: 
0x07ed189f:  
OBJD-T: 85db741e

----------------
IN: 
0x07ed18c1:  
OBJD-T: 5a5b5dc3

----------------
IN: 
0x07ed246f:  
OBJD-T: 8b0385c07509

----------------
IN: 
0x07ed2475:  
OBJD-T: 89d8e8c8010000

----------------
IN: 
0x07ed2644:  
OBJD-T: 85c0743b

----------------
IN: 
0x07ed2648:  
OBJD-T: 5589e5565389c38b400485c07405

----------------
IN: 
0x07ed2656:  
OBJD-T: e894ffffff

----------------
IN: 
0x07ed25ef:  
OBJD-T: 85c07501

----------------
IN: 
0x07ed25f4:  
OBJD-T: 5589e55683ec148b3083ec0c508945f468cd73ed0768b373ed076a4168bd73ed
OBJD-T: 07e8e7b113f8

----------------
IN: 
0x07ed261a:  
OBJD-T: 83c4208b45f4e8a5b913f8

----------------
IN: 
0x07ed2625:  
OBJD-T: 89f085f675d0

----------------
IN: 
0x07ed25fb:  
OBJD-T: 8b3083ec0c508945f468cd73ed0768b373ed076a4168bd73ed07e8e7b113f8

----------------
IN: 
0x07ed262b:  
OBJD-T: 8b75fcc9c3

----------------
IN: 
0x07ed265b:  
OBJD-T: 8b431085c07417

----------------
IN: 
0x07ed2679:  
OBJD-T: 89d85b5e5de947b913f8

----------------
IN: 
0x07ed247c:  
OBJD-T: eb03

----------------
IN: 
0x07ed2481:  
OBJD-T: a1407901005a5b5dc3

----------------
IN: 
0x07ecbf8d:  
OBJD-T: 89f0e8362014f8

----------------
IN: 
0x07ecbf94:  
OBJD-T: ebc3

----------------
IN: 
0x07ed22cf:  
OBJD-T: e8f6bc13f8

----------------
IN: 
0x07ed22d4:  
OBJD-T: b8eb72ed07e83da713f8

----------------
IN: 
0x07ed22de:  
OBJD-T: 8945e4bb01000000eb49

----------------
IN: 
0x07ed2331:  
OBJD-T: 837de4007482

----------------
IN: 
0x07ed0fc9:  
OBJD-T: 89d88d65f85b5e5dc3

----------------
IN: 
0x07ed3f36:  
OBJD-T: 89dab802000000eb07

----------------
IN: 
0x07ed3f46:  
OBJD-T: e86bf3ffff

----------------
IN: 
0x07ed3f4b:  
OBJD-T: 8b038b4014eb39

----------------
IN: 
0x07ed3f8b:  
OBJD-T: c7403401000000e9af030000

----------------
IN: 
0x07ed2180:  
OBJD-T: c7432c010000008b4328c600008b534089f8e80c190000

----------------
IN: 
0x07ed401d:  
OBJD-T: 89d8e89af3ffff

----------------
IN: 
0x07ed4024:  
OBJD-T: eb0c

----------------
IN: 
0x07ed4032:  
OBJD-T: 8b038b4014c7403404000000e903030000

----------------
IN: 
0x07ed26e0:  
OBJD-T: 89f089c28b400c85c075f7

----------------
IN: 
0x07ed26eb:  
OBJD-T: 895a0c89f389d883c41c5b5e5f5dc20400

----------------
IN: 
0x07ed26e2:  
OBJD-T: 89c28b400c85c075f7

----------------
IN: 
0x07ed3d4e:  
OBJD-T: 8b55e48b03e838e3ffff

----------------
IN: 
0x07ed3d58:  
OBJD-T: b80a010000e93e060000

----------------
IN: 
0x07ed2d47:  
OBJD-T: 8b85a4f5ffff8b4014e870f2ffff

----------------
IN: 
0x07ed1fc5:  
OBJD-T: ff4008c3

----------------
IN: 
0x07ed2d55:  
OBJD-T: 8b85a4f5ffffe86df2ffff

----------------
IN: 
0x07ed1fcd:  
OBJD-T: 5589e556538b5814ff430c837b1000752c

----------------
IN: 
0x07ed1fde:  
OBJD-T: 89c631d2895314c7431800010000b800010000e8a6bf13f8

----------------
IN: 
0x07ed1ff6:  
OBJD-T: 89431085c0750d

----------------
IN: 
0x07ed200a:  
OBJD-T: 8b43145b5e5dc3

----------------
IN: 
0x07ed2d60:  
OBJD-T: 89c38b85a4f5ffffe8c3f8ffff

----------------
IN: 
0x07ed2630:  
OBJD-T: 8b500831c989480889d0c3

----------------
IN: 
0x07ed2d6d:  
OBJD-T: 898580f5ffff8b85a4f5ffff8b400c898588f5ffff8b85a4f5ffffe967010000

----------------
IN: 
0x07ed2ef4:  
OBJD-T: 31d289500ce90e010000

----------------
IN: 
0x07ed20a5:  
OBJD-T: 837b10007467

----------------
IN: 
0x07ed20ab:  
OBJD-T: 89c689d0e84ca813f8

----------------
IN: 
0x07ed20b4:  
OBJD-T: 89c78b43188b531401fa39c27c3f

----------------
IN: 
0x07ed2101:  
OBJD-T: 8b43140343108b55e0e8a5a513f8

----------------
IN: 
0x07ed210f:  
OBJD-T: 017b1483c41c5b5e5f5dc3

----------------
IN: 
0x07ed229b:  
OBJD-T: 8b4e04ba010000008d45e4ffd7

----------------
IN: 
0x07ed22a8:  
OBJD-T: eb08

----------------
IN: 
0x07ed22b2:  
OBJD-T: 8b45e485c07507

----------------
IN: 
0x07ed42e6:  
OBJD-T: 837b30000f8516f8ffff

----------------
IN: 
0x07ed3c30:  
OBJD-T: 8a431888078d57ff8953248b45dc89835020000089d08b75dc29f08943208a47
OBJD-T: ff884318c647ff008b43208945e03dff1f00007e0a

----------------
IN: 
0x07ed3c6f:  
OBJD-T: 8bb35020000031c03945e07c0c

----------------
IN: 
0x07ed3c7c:  
OBJD-T: 8b7de48a0c06880c0740ebef

----------------
IN: 
0x07ed3c77:  
OBJD-T: 3945e07c0c

----------------
IN: 
0x07ed3c88:  
OBJD-T: 8953248b55e48b03e8fbe3ffff

----------------
IN: 
0x07ed2eab:  
OBJD-T: 8b0f31d2eb05

----------------
IN: 
0x07ed2eb1:  
OBJD-T: 8b57e88b0f8b85a4f5ffffe8e0f9ffff

----------------
IN: 
0x07ed28f1:  
OBJD-T: 89c28b400485c075f7

----------------
IN: 
0x07ed28fa:  
OBJD-T: 89720489d88d65f45b5e5f5dc3

----------------
IN: 
0x07fd4495:  
OBJD-T: 8d5403148b4de08b45d8e8e98103f8

----------------
IN: 
0x07ed3d62:  
OBJD-T: 8b55e48b03e824e3ffff

----------------
IN: 
0x07ed3d6c:  
OBJD-T: b80b010000e92a060000

----------------
IN: 
0x07ed2d8d:  
OBJD-T: 8b77e48b57e08b85a4f5ffffe89df8ffff

----------------
IN: 
0x07ed263b:  
OBJD-T: 8b480889500889c8c3

----------------
IN: 
0x07ed2d9e:  
OBJD-T: 898578f5ffff8b57dc8b85a4f5ffffe85ff2ffff

----------------
IN: 
0x07ed2011:  
OBJD-T: 5589e557565383ec1c89d68b58148b530c85d27507

----------------
IN: 
0x07ed202d:  
OBJD-T: 4a89530c837b100074ef

----------------
IN: 
0x07ed2037:  
OBJD-T: 8b7b1429f78d5701e863050000

----------------
IN: 
0x07ed2044:  
OBJD-T: 8945e485c07421

----------------
IN: 
0x07ed204b:  
OBJD-T: 89c28b431001f08d343840428a48ff884aff84c97404

----------------
IN: 
0x07ed2061:  
OBJD-T: 39f075f0

----------------
IN: 
0x07ed2055:  
OBJD-T: 40428a48ff884aff84c97404

----------------
IN: 
0x07ed2065:  
OBJD-T: 8b45e4c6043800837b0c007513

----------------
IN: 
0x07ed2072:  
OBJD-T: 8b4310e850bf13f8

----------------
IN: 
0x07ed207a:  
OBJD-T: 31c08943108943188943148b45e483c41c5b5e5f5dc3

----------------
IN: 
0x07ed2db2:  
OBJD-T: 89c385c0740d

----------------
IN: 
0x07ed2db8:  
OBJD-T: ba7d000000e8bf9913f8

----------------
IN: 
0x07ed2dc2:  
OBJD-T: c6000083ec0c53b90600000031d28b85a4f5ffffe8a9f8ffff

----------------
IN: 
0x07ed2ddb:  
OBJD-T: 89c383c40c85c07510

----------------
IN: 
0x07ed2df4:  
OBJD-T: 8b47e88b9578f5ffffe805fbffff

----------------
IN: 
0x07ed2e02:  
OBJD-T: 89430885c074db

----------------
IN: 
0x07ed2e09:  
OBJD-T: 8b8da4f5ffff8b510c8950108b57e485d27502

----------------
IN: 
0x07ed2e1c:  
OBJD-T: 89c28b8da4f5ffff89510c85f60f8431010000

----------------
IN: 
0x07ed2f60:  
OBJD-T: 8b85a4f5ffff8b4014e85bf0ffff

----------------
IN: 
0x07ed1fc9:  
OBJD-T: ff4808c3

----------------
IN: 
0x07ed2f6e:  
OBJD-T: e999000000

----------------
IN: 
0x07ed2e70:  
OBJD-T: 8b85a4f5ffffe881f8ffff

----------------
IN: 
0x07ed2751:  
OBJD-T: ff430889da89d18b1285d275f8

----------------
IN: 
0x07ed275e:  
OBJD-T: 890189d88d65f85b5e5dc3

----------------
IN: 
0x07ed2e7b:  
OBJD-T: 89c28b47e885d27411

----------------
IN: 
0x07ed14f3:  
OBJD-T: 8b5704b9010000008d45c0e8b8f8ffff

----------------
IN: 
0x07ed0de8:  
OBJD-T: e878ffffff

----------------
IN: 
0x07ed0d65:  
OBJD-T: 5589e557565383ec1c89c6e88bbb13f8

----------------
IN: 
0x07ed0d75:  
OBJD-T: 8d440001e81ed213f8

----------------
IN: 
0x07ed0d7e:  
OBJD-T: 31ff85c0742f

----------------
IN: 
0x07ed0d84:  
OBJD-T: 468a56ff8d1c3884d27421

----------------
IN: 
0x07ed0d8f:  
OBJD-T: 80fa5c0f9445e780fa2a0f94c10a4de77505

----------------
IN: 
0x07ed0da1:  
OBJD-T: 80fa3f7504

----------------
IN: 
0x07ed0daa:  
OBJD-T: 88143847ebd4

----------------
IN: 
0x07ed0db0:  
OBJD-T: c6030083c41c5b5e5f5dc3

----------------
IN: 
0x07ed0ded:  
OBJD-T: 89c685c07534

----------------
IN: 
0x07ed0e27:  
OBJD-T: 89f0e8d2ba13f8

----------------
IN: 
0x07ed134e:  
OBJD-T: b901000000ba6b71ed078d45c0e887f5ffff

----------------
IN: 
0x07ed1360:  
OBJD-T: 85c00f85bc020000

----------------
IN: 
0x07ed1368:  
OBJD-T: 8b4704e8f5f9ffff

----------------
IN: 
0x07ed1370:  
OBJD-T: 89c385c00f84aa020000

----------------
IN: 
0x07ed137a:  
OBJD-T: e881b513f8

----------------
IN: 
0x07ed137f:  
OBJD-T: 89c189da8d45c0e85cf5ffff

----------------
IN: 
0x07ed090e:  
OBJD-T: 89d8e8ebbf13f8

----------------
IN: 
0x07ed0915:  
OBJD-T: 89c189c801f87205

----------------
IN: 
0x07ed138b:  
OBJD-T: 85c089d8740a

----------------
IN: 
0x07ed139b:  
OBJD-T: e82acc13f8

----------------
IN: 
0x07ed13a0:  
OBJD-T: b901000000ba6d71ed078d45c0e835f5ffff

----------------
IN: 
0x07ed13b2:  
OBJD-T: 85c00f856a020000

----------------
IN: 
0x07ed13ba:  
OBJD-T: 8b47088945c8e946010000

----------------
IN: 
0x07ed1cae:  
OBJD-T: 83ec0cff75d08b55c4e8440e0a00

----------------
IN: 
0x07f72b00:  
OBJD-T: 5589e5565383ec308b582031f68975f0895dec8b45088945f4837b0800750a

----------------
IN: 
0x07f72b29:  
OBJD-T: 894dd08955d489d8e850070000

----------------
IN: 
0x07f73286:  
OBJD-T: 5589e557565383ec0c8b580885db7454

----------------
IN: 
0x07f73296:  
OBJD-T: 89d68d5201d1ea4283c30889df31c031c9837f0400740d

----------------
IN: 
0x07f732ad:  
OBJD-T: f607047402

----------------
IN: 
0x07f732b2:  
OBJD-T: 01d04183c718ebed

----------------
IN: 
0x07f732a7:  
OBJD-T: 837f0400740d

----------------
IN: 
0x07f732b4:  
OBJD-T: 4183c718ebed

----------------
IN: 
0x07f732ba:  
OBJD-T: ba04000000f7e27016

----------------
IN: 
0x07f732c3:  
OBJD-T: 8d3ccd0000000001f8720b

----------------
IN: 
0x07f732ce:  
OBJD-T: e8d2ac09f8

----------------
IN: 
0x07f732d3:  
OBJD-T: 85c07517

----------------
IN: 
0x07f732ee:  
OBJD-T: 8d0c38d1ee8d34b5040000008d5004837b04007418

----------------
IN: 
0x07f73303:  
OBJD-T: 31ff897afc893af603047404

----------------
IN: 
0x07f7330f:  
OBJD-T: 890a01f183c31883c208ebe2

----------------
IN: 
0x07f732fd:  
OBJD-T: 837b04007418

----------------
IN: 
0x07f73313:  
OBJD-T: 83c31883c208ebe2

----------------
IN: 
0x07f7331b:  
OBJD-T: 8d65f45b5e5f5dc3

----------------
IN: 
0x07f72b36:  
OBJD-T: 89c685c08b55d48b4dd0743f

----------------
IN: 
0x07f72b42:  
OBJD-T: 508d45e4508d45e8505689d8e834040000

----------------
IN: 
0x07f72f87:  
OBJD-T: 5589e557565383ec3c89c78955c8894dcc31c08945dc8945e08945d08b45e08b
OBJD-T: 75c83975d00f8d5d010000

----------------
IN: 
0x07f72fb2:  
OBJD-T: 8b75d08d1cb500000000895dc48b5dcc8b0cb3894dd485c0740c

----------------
IN: 
0x07f72fd8:  
OBJD-T: 8b45d480382d0f85da010000

----------------
IN: 
0x07f731be:  
OBJD-T: 8b4dd48d55e08d45dce83bfcffff

----------------
IN: 
0x07f72e07:  
OBJD-T: 5589e557565383ec1c89c789d68b008945e48b028d5001891681c2010000800f
OBJD-T: 90c20fb6d283c00285d2750f

----------------
IN: 
0x07f72e33:  
OBJD-T: ba04000000f7e20f90c30fb6db7115

----------------
IN: 
0x07f72e57:  
OBJD-T: 894de089c28b45e4e889b409f8

----------------
IN: 
0x07f72e64:  
OBJD-T: 890785c08b4de07510

----------------
IN: 
0x07f72e7d:  
OBJD-T: 8b1681c2ffffff3f890c9031c9894c900489d88d65f45b5e5f5dc3

----------------
IN: 
0x07f731cc:  
OBJD-T: 85c0e99d000000

----------------
IN: 
0x07f73270:  
OBJD-T: 7508

----------------
IN: 
0x07f73272:  
OBJD-T: ff45d0e929fdffff

----------------
IN: 
0x07f72fa3:  
OBJD-T: 8b45e08b75c83975d00f8d5d010000

----------------
IN: 
0x07f72fcc:  
OBJD-T: 8b07f64015010f85e6010000

----------------
IN: 
0x07f7310f:  
OBJD-T: 8b450c8b55dc89108b45108b55e08910b801000000e953010000

----------------
IN: 
0x07f7327c:  
OBJD-T: 8d65f45b5e5f5dc20c00

----------------
IN: 
0x07f72b53:  
OBJD-T: 5a85c07422

----------------
IN: 
0x07f72b58:  
OBJD-T: 8975f08b4de88b55e48d45ecff5304

----------------
IN: 
0x07ec79e8:  
OBJD-T: 5589e557565383ec3c894de085d27509

----------------
IN: 
0x07ec7a01:  
OBJD-T: 89c389d78b40048b4b0883781800741c

----------------
IN: 
0x07ec7a2d:  
OBJD-T: 85c97509

----------------
IN: 
0x07ec7a3a:  
OBJD-T: 837808007408

----------------
IN: 
0x07ec7a48:  
OBJD-T: c745dcf862ed07837828007405

----------------
IN: 
0x07ec7a5a:  
OBJD-T: 85c97543

----------------
IN: 
0x07ec7aa1:  
OBJD-T: 8b45e08d44b8fc8945d48b008945d88b45d431f689308b45d8e8414e14f8

----------------
IN: 
0x07ec7abf:  
OBJD-T: 8b75d88d4406ff8945d08a008845cb8b45d0c600008d47ff8945ccb80a000000
OBJD-T: 31d23955cc7e24

----------------
IN: 
0x07ec7ae6:  
OBJD-T: 83c0038b7de08b34978a0e84c97412

----------------
IN: 
0x07ec7af5:  
OBJD-T: 4680f9270f94c10fb6c98d4c490101c8ebe8

----------------
IN: 
0x07ec7aef:  
OBJD-T: 8a0e84c97412

----------------
IN: 
0x07ec7b07:  
OBJD-T: 42ebd7

----------------
IN: 
0x07ec7ae1:  
OBJD-T: 3955cc7e24

----------------
IN: 
0x07ec7b0a:  
OBJD-T: 83c002e88a6414f8

----------------
IN: 
0x07ec7b12:  
OBJD-T: 8945e48b354079010085c00f84b6000000

----------------
IN: 
0x07ec7b23:  
OBJD-T: ba7263ed07e8874b14f8

----------------
IN: 
0x07ec7b2d:  
OBJD-T: 8b45e483c00931ff397dcc7e47

----------------
IN: 
0x07ec7b3a:  
OBJD-T: 8d700266c70020278b45e08b0cb88a0184c0742a

----------------
IN: 
0x07ec7b4e:  
OBJD-T: 413c277520

----------------
IN: 
0x07ec7b73:  
OBJD-T: 880646ebd0

----------------
IN: 
0x07ec7b48:  
OBJD-T: 8a0184c0742a

----------------
IN: 
0x07ec7b78:  
OBJD-T: 8d4601c6062747ebb4

----------------
IN: 
0x07ec7b35:  
OBJD-T: 397dcc7e47

----------------
IN: 
0x07ec7b81:  
OBJD-T: 66c7000a008b43048b480452528b138b128b5208803a730f94c20fb6d2528b5d
OBJD-T: d88d530152ff75e4ff7014ff75dcff70248b55e08b45cce883fbffff

----------------
IN: 
0x07ec7740:  
OBJD-T: 5589e557565383ec2c8945e08955d089ce8b5d14e8983c0000

----------------
IN: 
0x07ec7759:  
OBJD-T: 8945dc85c07516

----------------
IN: 
0x07ec7776:  
OBJD-T: 85db7505

----------------
IN: 
0x07ec777f:  
OBJD-T: 57ff751853680963ed07e8a86114f8

----------------
IN: 
0x07ec778e:  
OBJD-T: 8945d483c41085c00f843d020000

----------------
IN: 
0x07ec779c:  
OBJD-T: 85f67455

----------------
IN: 
0x07ec77a0:  
OBJD-T: 8b068945e485c07451

----------------
IN: 
0x07ec77fa:  
OBJD-T: 837d0c007413

----------------
IN: 
0x07ec7800:  
OBJD-T: 8b450ce8135214f8

----------------
IN: 
0x07ec7808:  
OBJD-T: 89450c85c00f8454010000

----------------
IN: 
0x07ec7813:  
OBJD-T: 31db895dd8837d1000742d

----------------
IN: 
0x07ec784b:  
OBJD-T: 837de0007516

----------------
IN: 
0x07ec7867:  
OBJD-T: 8b45d08b00e8aa5114f8

----------------
IN: 
0x07ec7871:  
OBJD-T: 89c785c00f84f2000000

----------------
IN: 
0x07ec787b:  
OBJD-T: 837d08007503

----------------
IN: 
0x07ec7881:  
OBJD-T: 8945088b4508e88f5114f8

----------------
IN: 
0x07ec788c:  
OBJD-T: 89c685c00f84d9000000

----------------
IN: 
0x07ec7896:  
OBJD-T: 8b45e040ba04000000e8b76614f8

----------------
IN: 
0x07ec78a4:  
OBJD-T: 89c331c985c00f84c1000000

----------------
IN: 
0x07ec78b0:  
OBJD-T: 8b45e039c17d1f

----------------
IN: 
0x07ec78b7:  
OBJD-T: 8b45d08b0488894dcce8565114f8

----------------
IN: 
0x07ec78c5:  
OBJD-T: 8b4dcc89048b85c00f849e000000

----------------
IN: 
0x07ec78d3:  
OBJD-T: 41ebda

----------------
IN: 
0x07ec78d6:  
OBJD-T: 8b45dc8d48048b45e031d28914838b45dc8b400485c07408

----------------
IN: 
0x07ec78f6:  
OBJD-T: 894dd0b82c000000e8a26614f8

----------------
IN: 
0x07ec7903:  
OBJD-T: 8b4dd0890185c07465

----------------
IN: 
0x07ec790c:  
OBJD-T: 89388970048b7dd88978208b55e4895010837d0c007407

----------------
IN: 
0x07ec7923:  
OBJD-T: c74008010000008b7d0c89780c8b55e089501889581c8b7dd48978148b551c89
OBJD-T: 50248b45dcff0031c0e98d000000

----------------
IN: 
0x07ec79de:  
OBJD-T: 8d65f45b5e5f5dc21800

----------------
IN: 
0x07ec7bbd:  
OBJD-T: 89c68b5dd08a45cb88038b45d48b7dd88938595b8b45e4e8f16314f8

----------------
IN: 
0x07ec7bd9:  
OBJD-T: 89f08d65f45b5e5f5dc3

----------------
IN: 
0x07f72b67:  
OBJD-T: 89c38b45e8e859b409f8

----------------
IN: 
0x07f72b71:  
OBJD-T: 89f0e852b409f8

----------------
IN: 
0x07f72b78:  
OBJD-T: eb0d

----------------
IN: 
0x07f72b87:  
OBJD-T: 89d88d65f85b5e5dc20400

----------------
IN: 
0x07ed1cbc:  
OBJD-T: 89c383c40ceb08

----------------
IN: 
0x07ed1ccb:  
OBJD-T: 85f6742f

----------------
IN: 
0x07ed2662:  
OBJD-T: 8b700c8b1085d27507

----------------
IN: 
0x07ed266b:  
OBJD-T: e8d4ffffff

----------------
IN: 
0x07ed2670:  
OBJD-T: eb03

----------------
IN: 
0x07ed2675:  
OBJD-T: 89f0ebe5

----------------
IN: 
0x07ed265e:  
OBJD-T: 85c07417

----------------
IN: 
0x07ecbaf1:  
OBJD-T: a140790100eb0e

----------------
IN: 
0x07ecbb06:  
OBJD-T: 5b5e5dc3

----------------
IN: 
0x07ecbf96:  
OBJD-T: 837dd400740f

----------------
IN: 
0x07ecbfab:  
OBJD-T: b85c69ed07e867f013f8

----------------
IN: 
0x0000b01c:  
OBJD-T: 5589e5565389c6e851feffff

----------------
IN: 
0x0000b028:  
OBJD-T: 85c07445

----------------
IN: 
0x0000b02c:  
OBJD-T: 89c3837808007506

----------------
IN: 
0x0000b034:  
OBJD-T: 83780c00740f

----------------
IN: 
0x0000b049:  
OBJD-T: 8b50148b4010890285c07403

----------------
IN: 
0x0000b055:  
OBJD-T: 8950148b03e86b2f0000

----------------
IN: 
0x0000b05f:  
OBJD-T: 8b4304e8632f0000

----------------
IN: 
0x0000b067:  
OBJD-T: 89d85b5e5de9592f0000

----------------
IN: 
0x07ecbfb5:  
OBJD-T: 85ff740e

----------------
IN: 
0x07ecbfc7:  
OBJD-T: b86869ed07e84bf013f8

----------------
IN: 
0x07ecbfd1:  
OBJD-T: 8b45d4e8f11f14f8

----------------
IN: 
0x07ecbfd9:  
OBJD-T: 89f8e8ea1f14f8

----------------
IN: 
0x07ecbfe0:  
OBJD-T: 8b45d0e8bff313f8

----------------
IN: 
0x07fd43e0:  
OBJD-T: 5589e5565389c38b70408b06e8b66f03f8

----------------
IN: 
0x07fd43f1:  
OBJD-T: 89f0e8d29b03f8

----------------
IN: 
0x07fd43f8:  
OBJD-T: 31c0894304a1407901005b5e5dc3

----------------
IN: 
0x07ecbfe8:  
OBJD-T: 31c0a340790100837dc8007529

----------------
IN: 
0x07ecbff5:  
OBJD-T: 85db7425

----------------
IN: 
0x07ecbff9:  
OBJD-T: 833b007420

----------------
IN: 
0x07ecbffe:  
OBJD-T: 31c9

----------------
IN: 
0x07ecc000:  
OBJD-T: 8b55cc89d8e84d060000

----------------
IN: 
0x07ecc657:  
OBJD-T: 5589e557565383ec4c8945d48955bc894dc8e852ffffff

----------------
IN: 
0x07ecc5c0:  
OBJD-T: 5589e55383ec14b8ec6bed07e8c3e913f8

----------------
IN: 
0x07ecc5d1:  
OBJD-T: 83cbff85c08945f47435

----------------
IN: 
0x07ecc5db:  
OBJD-T: e89ceb13f8

----------------
IN: 
0x0000b17c:  
OBJD-T: a14879010083f8097f3c

----------------
IN: 
0x0000b186:  
OBJD-T: 5589e583ec0869c0040100008b15407901008990607901000564790100b90001
OBJD-T: 0000ba40780100e8db140000

----------------
IN: 
0x0000b1b2:  
OBJD-T: ff054879010031c9890d40790100c9c3

----------------
IN: 
0x07ecc5e0:  
OBJD-T: 31c931d28b45f4e8600814f8

----------------
IN: 
0x0000cd1a:  
OBJD-T: 8a46013c787512

----------------
IN: 
0x0000cd33:  
OBJD-T: 85db7518

----------------
IN: 
0x0000cd37:  
OBJD-T: 83e8303c0819db83e3fe83c30aeb09

----------------
IN: 
0x07ecc5ec:  
OBJD-T: 89c3833d40790100007414

----------------
IN: 
0x07ecc60b:  
OBJD-T: e8c4eb13f8

----------------
IN: 
0x0000b1de:  
OBJD-T: 5589e583ec084a89154879010069d2040100008b8260790100a34079010081c2
OBJD-T: 64790100b900010000b840780100e87c140000

----------------
IN: 
0x0000b211:  
OBJD-T: b801000000c9c3

----------------
IN: 
0x07ecc610:  
OBJD-T: 89d883c4145b5dc3

----------------
IN: 
0x07ecc66e:  
OBJD-T: 8945b8c745e001000000b8f76bed07e812e913f8

----------------
IN: 
0x07ecc682:  
OBJD-T: 89c385c07473

----------------
IN: 
0x07ecc688:  
OBJD-T: e8efea13f8

----------------
IN: 
0x07ecc68d:  
OBJD-T: 31c931d289d8e8b40714f8

----------------
IN: 
0x07ecc698:  
OBJD-T: 833d407901000a7405

----------------
IN: 
0x07ecc6a1:  
OBJD-T: 8945d0eb3f

----------------
IN: 
0x07ecc6e5:  
OBJD-T: 833d40790100007414

----------------
IN: 
0x07ecc702:  
OBJD-T: e8cdea13f8

----------------
IN: 
0x07ecc707:  
OBJD-T: 837dd00078ee

----------------
IN: 
0x07ecc70d:  
OBJD-T: 8b45d48b4dd039087ee4

----------------
IN: 
0x07ecc717:  
OBJD-T: e8a4feffff

----------------
IN: 
0x07ecc71c:  
OBJD-T: 89c385c0790a

----------------
IN: 
0x07ecc72c:  
OBJD-T: b8ff6bed07e85ee813f8

----------------
IN: 
0x07ecc736:  
OBJD-T: 89c7bee096ed0785c0751b

----------------
IN: 
0x07ecc741:  
OBJD-T: 31d28955c0e934010000

----------------
IN: 
0x07ecc87f:  
OBJD-T: 8b7dd085db7579

----------------
IN: 
0x07ecc886:  
OBJD-T: 31c0837dc0020f95c08945e08b7dd0c745cc01000000e9f9020000

----------------
IN: 
0x07eccb9a:  
OBJD-T: 89fa8b45d4e80afaffff

----------------
IN: 
0x07ecc5ae:  
OBJD-T: 8b400485c0740a

----------------
IN: 
0x07ecc5b5:  
OBJD-T: 85d27e06

----------------
IN: 
0x07ecc5bf:  
OBJD-T: c3

----------------
IN: 
0x07eccba4:  
OBJD-T: 85c00f84bdfaffff

----------------
IN: 
0x07eccbac:  
OBJD-T: 837db800740b

----------------
IN: 
0x07eccbbd:  
OBJD-T: ba01000000837dcc000f84be000000

----------------
IN: 
0x07eccbcc:  
OBJD-T: e8ff000000

----------------
IN: 
0x07ecccd0:  
OBJD-T: 5589e557565383ec2c89c38955d483780800741e

----------------
IN: 
0x07eccce4:  
OBJD-T: 8b400ce8f4b1ffff

----------------
IN: 
0x07ec7ee0:  
OBJD-T: 5589e557565381ec1c0800008985e4f7ffffb90004000031d28d85e8f7ffffe8
OBJD-T: 884914f8

----------------
IN: 
0x07ec7f04:  
OBJD-T: 8b85e4f7ffffe8d9fdffff

----------------
IN: 
0x07ec7ce8:  
OBJD-T: 5589e557565383ec0c89c7b81565ed07e8973214f8

----------------
IN: 
0x07ec7cfd:  
OBJD-T: 8b1d00c2ed0789c685c0750f

----------------
IN: 
0x07ec7d09:  
OBJD-T: b801000000eb34

----------------
IN: 
0x07ec7d44:  
OBJD-T: 83c40c5b5e5f5dc3

----------------
IN: 
0x07ec7f0f:  
OBJD-T: 85c07411

----------------
IN: 
0x07ec7f13:  
OBJD-T: c705a076ed070100000031c0e93f010000

----------------
IN: 
0x07ec8063:  
OBJD-T: 8d65f45b5e5f5dc3

----------------
IN: 
0x07ecccec:  
OBJD-T: 85c07412

----------------
IN: 
0x07eccd02:  
OBJD-T: a1207801008945d0b84c6ced07e880e213f8

----------------
IN: 
0x07eccd14:  
OBJD-T: 8945e0b8f76bed07e873e213f8

----------------
IN: 
0x07eccd21:  
OBJD-T: 89c631c9894de4837b24007434

----------------
IN: 
0x07eccd62:  
OBJD-T: 8b430431ff8a1084d27410

----------------
IN: 
0x07eccd6d:  
OBJD-T: 80fa3e0f94c20fb6d28d7c170140ebea

----------------
IN: 
0x07eccd67:  
OBJD-T: 8a1084d27410

----------------
IN: 
0x07eccd7d:  
OBJD-T: 31d28955dc837de0007414

----------------
IN: 
0x07eccd9c:  
OBJD-T: 31c08945d885f67413

----------------
IN: 
0x07eccda5:  
OBJD-T: 89f0e86ffc13f8

----------------
IN: 
0x07eccdac:  
OBJD-T: 8945d885c07505

----------------
IN: 
0x07eccdb8:  
OBJD-T: 47837de000740a

----------------
IN: 
0x07eccdc9:  
OBJD-T: 8d4701e8cb1114f8

----------------
IN: 
0x07eccdd1:  
OBJD-T: 89c785c07507

----------------
IN: 
0x07eccdde:  
OBJD-T: 837de0007415

----------------
IN: 
0x07eccdf9:  
OBJD-T: 8b4b048a1184d27411

----------------
IN: 
0x07ecce02:  
OBJD-T: 80fa3e7504

----------------
IN: 
0x07ecce0b:  
OBJD-T: 8a1188104140ebe9

----------------
IN: 
0x07eccdfc:  
OBJD-T: 8a1184d27411

----------------
IN: 
0x07ecce13:  
OBJD-T: c6000089fab84c6ced07e89ee013f8

----------------
IN: 
0x07ecce22:  
OBJD-T: b84c6ced07e8e6e213f8

----------------
IN: 
0x07ecce2c:  
OBJD-T: 89f8e8971114f8

----------------
IN: 
0x07ecce33:  
OBJD-T: 85f67429

----------------
IN: 
0x07ecce37:  
OBJD-T: 8a0684c07423

----------------
IN: 
0x07ecce3d:  
OBJD-T: 3c3e751c

----------------
IN: 
0x07ecce5d:  
OBJD-T: 46ebd7

----------------
IN: 
0x07ecce60:  
OBJD-T: b8f76bed07e8b2e113f8

----------------
IN: 
0x07ecce6a:  
OBJD-T: 8b4b1c8b53188b4314e8334f0000

----------------
IN: 
0x07ed1dab:  
OBJD-T: 5589e55383ec248955ec894df031d28955e48b1dc4c2ed078d55e48915c4c2ed
OBJD-T: 07e871ffffff

----------------
IN: 
0x07ed1d42:  
OBJD-T: 5589e557565383ec2c8945d431db837dd400744b

----------------
IN: 
0x07ed1d56:  
OBJD-T: 8d4dd431d28d45e4e8b8efffff

----------------
IN: 
0x07ed0d1b:  
OBJD-T: 5589e557565383ec0c89c78b0185c07506

----------------
IN: 
0x07ed0d32:  
OBJD-T: 89ceba0a000000e82eba13f8

----------------
IN: 
0x07ed0d3e:  
OBJD-T: 89c38b0685db740c

----------------
IN: 
0x07ed0d46:  
OBJD-T: 89da29c2e8f8bc13f8

----------------
IN: 
0x07ed0d4f:  
OBJD-T: 43eb05

----------------
IN: 
0x07ed0d57:  
OBJD-T: 8907891e31c083c40c5b5e5f5dc3

----------------
IN: 
0x07ed1d63:  
OBJD-T: 8b75e48d4dd4ba1b0ded0789f0e8bd0b0000

----------------
IN: 
0x07ed3f3f:  
OBJD-T: 89dab804000000e86bf3ffff

----------------
IN: 
0x07ed3fe1:  
OBJD-T: 89d8e8d6f3ffff

----------------
IN: 
0x07ed3fe8:  
OBJD-T: 8b038b4014c7403405000000e94d030000

----------------
IN: 
0x07ed1d75:  
OBJD-T: 89c785c0750f

----------------
IN: 
0x07ed1d8a:  
OBJD-T: e8b7fcffff

----------------
IN: 
0x07ed1776:  
OBJD-T: 5589e557565383ec2c8955d0894dd431d28955dc8955e08955e4b81100000083
OBJD-T: 3dc4c2ed07007450

----------------
IN: 
0x07ed179e:  
OBJD-T: b814000000e8f4c713f8

----------------
IN: 
0x07ed17a8:  
OBJD-T: 89c385c08b4dd48b55d07415

----------------
IN: 
0x07ed17b4:  
OBJD-T: 8d75dc89f0e8aff1ffff

----------------
IN: 
0x07ed096d:  
OBJD-T: 5589e557565383ec2c8945d48955d089cf31c08945dc8945e08945e431db8b45
OBJD-T: d039c38d75dc7d35

----------------
IN: 
0x07ed0995:  
OBJD-T: 89f0e8ebfeffff

----------------
IN: 
0x07ed099c:  
OBJD-T: 85c0740f

----------------
IN: 
0x07ed09af:  
OBJD-T: 8b049fe849bf13f8

----------------
IN: 
0x07ed09b7:  
OBJD-T: 89c18b149f89f0e824ffffff

----------------
IN: 
0x07ed09c3:  
OBJD-T: 85c075d9

----------------
IN: 
0x07ed09c7:  
OBJD-T: 43ebc1

----------------
IN: 
0x07ed098b:  
OBJD-T: 8b45d039c38d75dc7d35

----------------
IN: 
0x07ed09ca:  
OBJD-T: b9030000008b7dd4f3a5

----------------
IN: 
0x07ed09d2:  
OBJD-T: f3a5

----------------
IN: 
0x07ed09d4:  
OBJD-T: 31c083c42c5b5e5f5dc3

----------------
IN: 
0x07ed17be:  
OBJD-T: 85c0740e

----------------
IN: 
0x07ed17d0:  
OBJD-T: 31c08943048d7b08b903000000f3a5

----------------
IN: 
0x07ed17dd:  
OBJD-T: f3a5

----------------
IN: 
0x07ed17df:  
OBJD-T: c7030300000089d8e8c6f2ffff

----------------
IN: 
0x07ed0ab2:  
OBJD-T: 5589e5535289c3a1c4c2ed0785c07428

----------------
IN: 
0x07ed0ac2:  
OBJD-T: 8b5004015008c1e20229500cf600027408

----------------
IN: 
0x07ed0adb:  
OBJD-T: a1c4c2ed07f600017405

----------------
IN: 
0x07ed0aea:  
OBJD-T: 891dc4c2ed07585b5dc3

----------------
IN: 
0x07ed17ec:  
OBJD-T: 31c083c42c5b5e5f5dc3

----------------
IN: 
0x07ed1d8f:  
OBJD-T: 89c389f8e8ac080000

----------------
IN: 
0x07ed1d98:  
OBJD-T: 89f0e82bc213f8

----------------
IN: 
0x07ed1d9f:  
OBJD-T: ebaf

----------------
IN: 
0x07ed1d50:  
OBJD-T: 837dd400744b

----------------
IN: 
0x07f72b1f:  
OBJD-T: 8d45ecff5304

----------------
IN: 
0x07ecb801:  
OBJD-T: 5589e557565383ec1c89c38955e0894ddc8b308b3e8b460c8945e4e8c1f513f8

----------------
IN: 
0x000090e8:  
OBJD-T: 9cfa8cd850b800008ec0b800808ed8b80002509d

----------------
IN: 
0x000090fc:  
OBJD-T: 66b800420000cd13

----------------
IN: 
0x000090e8:  
OBJD-T: 9cfa8cd850b800008ec0b800808ed8b80002509d

----------------
IN: 
0x000090fc:  
OBJD-T: 66b800420000cd13

----------------
IN: 
0x000090e8:  
OBJD-T: 9cfa8cd850b800008ec0b800808ed8b80002509d

----------------
IN: 
0x000090fc:  
OBJD-T: 66b800420000cd13

----------------
IN: 
0x000090e8:  
OBJD-T: 9cfa8cd850b8a81e8ec0b800808ed8b80002509d

----------------
IN: 
0x000090fc:  
OBJD-T: 66b800420000cd13

----------------
IN: 
0x000090e8:  
OBJD-T: 9cfa8cd850b8a81e8ec0b800808ed8b80002509d

----------------
IN: 
0x000090fc:  
OBJD-T: 66b800420000cd13

----------------
IN: 
0x000090e8:  
OBJD-T: 9cfa8cd850b800008ec0b800808ed8b80002509d

----------------
IN: 
0x000090fc:  
OBJD-T: 66b800420000cd13

----------------
IN: 
0x000090e8:  
OBJD-T: 9cfa8cd850b800008ec0b800808ed8b80002509d

----------------
IN: 
0x000090fc:  
OBJD-T: 66b800420000cd13

----------------
IN: 
0x07f9c371:  
OBJD-T: 5589e583ec146899c5f907b979c5f907ba0dbff907b808c5f907e897cf06f8

----------------
IN: 
0x00009327:  
OBJD-T: 5589e583ec106a00ff7508e83bffffff

----------------
IN: 
0x00009337:  
OBJD-T: c9c20400

----------------
IN: 
0x07f9c390:  
OBJD-T: a348c6f90768e1c5f907b9c4c5f907baa4bef907b8dac5f907e879cf06f8

----------------
IN: 
0x07f9c3ae:  
OBJD-T: a344c6f90783c40cc9c3

----------------
IN: 
0x000090e8:  
OBJD-T: 9cfa8cd850b800008ec0b800808ed8b80002509d

----------------
IN: 
0x000090fc:  
OBJD-T: 66b800420000cd13

----------------
IN: 
0x000090e8:  
OBJD-T: 9cfa8cd850b8a0208ec0b800808ed8b80002509d

----------------
IN: 
0x000090fc:  
OBJD-T: 66b800420000cd13

----------------
IN: 
0x000090e8:  
OBJD-T: 9cfa8cd850b800008ec0b800808ed8b80002509d

----------------
IN: 
0x000090fc:  
OBJD-T: 66b800420000cd13

----------------
IN: 
0x000090e8:  
OBJD-T: 9cfa8cd850b8e8f88ec0b800808ed8b80002509d

----------------
IN: 
0x000090fc:  
OBJD-T: 66b800420000cd13

----------------
IN: 
0x000090e8:  
OBJD-T: 9cfa8cd850b8e8f88ec0b800808ed8b80002509d

----------------
IN: 
0x000090fc:  
OBJD-T: 66b800420000cd13

----------------
IN: 
0x07e79e97:  
OBJD-T: a1b4cbe7078b0d90a0e707bab4cbe70785c0740b

----------------
IN: 
0x07e79eb6:  
OBJD-T: a380a0e707c70280a0e707891584a0e707a180a0e70785c07407

----------------
IN: 
0x07e79ed7:  
OBJD-T: c3

----------------
IN: 
0x07ea50d3:  
OBJD-T: 5589e55383ec0c89c36a0068115cea0731c9baa849ea07b86558ea07e87e4116
OBJD-T: f8

----------------
IN: 
0x07ea50f4:  
OBJD-T: a3a45fea076a0068245cea0731c9baae41ea07b81d5cea07e8614116f8

----------------
IN: 
0x07ea5111:  
OBJD-T: a3a05fea07891de063ea07585a8b5dfcc9c3

----------------
IN: 
0x000090e8:  
OBJD-T: 9cfa8cd850b800008ec0b800808ed8b80002509d

----------------
IN: 
0x000090fc:  
OBJD-T: 66b800420000cd13

----------------
IN: 
0x07f8e4db:  
OBJD-T: 5589e583ec106a0068a6e6f80731c9bac3e3f807b8a0e6f807e879ad07f8

----------------
IN: 
0x07f8e4f9:  
OBJD-T: a3cce6f807585ac9c3

----------------
IN: 
0x07f1906e:  
OBJD-T: 5589e55383ec0c89c36a0068e595f10731c9ba297ff107b8db95f107e8e3010f
OBJD-T: f8

----------------
IN: 
0x07f1908f:  
OBJD-T: a37496f1076a00680596f10731c9bae880f107b8fe95f107e8c6010ff8

----------------
IN: 
0x07f190ac:  
OBJD-T: a37096f107891d8096f107585a8b5dfcc9c3

----------------
IN: 
0x07ecb821:  
OBJD-T: 85c08b4ddc7508

----------------
IN: 
0x07ecb830:  
OBJD-T: 894dd88945dc8b45e4e88c2714f8

----------------
IN: 
0x07ecb83e:  
OBJD-T: 8b45dce820ed13f8

----------------
IN: 
0x07ecb846:  
OBJD-T: 8b7f0889f0e8db730a00

----------------
IN: 
0x07f72c2b:  
OBJD-T: 5589e5535289c38b00e8026709f8

----------------
IN: 
0x0000933b:  
OBJD-T: 5589e5535189c3f6400d01740d

----------------
IN: 
0x00009355:  
OBJD-T: 89d8e8502e0000

----------------
IN: 
0x0000c1ac:  
OBJD-T: 8b500485d27404

----------------
IN: 
0x0000c1b3:  
OBJD-T: 8b08890a8b0885c97403

----------------
IN: 
0x0000c1bd:  
OBJD-T: 89510431d28910895004c3

----------------
IN: 
0x0000935c:  
OBJD-T: 89d85a5b5de9644c0000

----------------
IN: 
0x07f72c39:  
OBJD-T: 89d8595b5de987b309f8

----------------
IN: 
0x07ecb850:  
OBJD-T: 89faa1a40f0100e81a0914f8

----------------
IN: 
0x07ecb85c:  
OBJD-T: 8b354079010085c0742a

----------------
IN: 
0x07ecb866:  
OBJD-T: 8b5014f7d280e2508b4dd87515

----------------
IN: 
0x07ecb888:  
OBJD-T: 8b55e0ff5010

----------------
IN: 
0x07f17f29:  
OBJD-T: 5589e557565383ec0c89d389cee864ce0b00

----------------
IN: 
0x07fd4d9f:  
OBJD-T: 5589e583ec08833d504ffd07007411

----------------
IN: 
0x07fd4dbf:  
OBJD-T: 31c0a3684ffd07a3644ffd07a3604ffd07a3504ffd07c9c3

----------------
IN: 
0x07f17f3b:  
OBJD-T: 31c9890d7896f107890d7c96f107890d3096f10785db744b

----------------
IN: 
0x07f17f53:  
OBJD-T: bae591f1078b06e8b8470ff8

----------------
IN: 
0x07f17f5f:  
OBJD-T: 85c07514

----------------
IN: 
0x07f17f77:  
OBJD-T: 31ffbaf891f1078b06e892470ff8

----------------
IN: 
0x07f17f85:  
OBJD-T: 85c0750d

----------------
IN: 
0x07f17f96:  
OBJD-T: 85ff75b5

----------------
IN: 
0x07f17f9a:  
OBJD-T: 85db7516

----------------
IN: 
0x07f17fb4:  
OBJD-T: ba050000008b06e82e340ff8

----------------
IN: 
0x0000b2af:  
OBJD-T: 31ffeb1f

----------------
IN: 
0x0000b2d2:  
OBJD-T: 89f88d65f45b5e5f5dc3

----------------
IN: 
0x0000b421:  
OBJD-T: 8b45e4eb12

----------------
IN: 
0x0000b438:  
OBJD-T: 8945e089f8e85de2ffff

----------------
IN: 
0x000096aa:  
OBJD-T: b8b0f40000e8e0180000

----------------
IN: 
0x000096b4:  
OBJD-T: 89c685c07405

----------------
IN: 
0x000096ba:  
OBJD-T: 8038007517

----------------
IN: 
0x000090e8:  
OBJD-T: 9cfa8cd850b800008ec0b800808ed8b80002509d

----------------
IN: 
0x000090fc:  
OBJD-T: 66b800420000cd13

----------------
IN: 
0x07f17fc0:  
OBJD-T: 89c785c0747b

----------------
IN: 
0x07f17fc6:  
OBJD-T: a18096f107e896250ff8

----------------
IN: 
0x07f17fd0:  
OBJD-T: 8d56048d43ffe8c5fdffff

----------------
IN: 
0x07f17da0:  
OBJD-T: 5589e557565383ec0c89c389d6e870ffffff

----------------
IN: 
0x07f17d22:  
OBJD-T: 5589e5565331c9890d5896f107890d5496f107890d5096f107a14c96f107e885
OBJD-T: 620ff8

----------------
IN: 
0x07f17d45:  
OBJD-T: 31db891d4c96f107891d4496f1078b1d6096f10785db7415

----------------
IN: 
0x07f17d72:  
OBJD-T: 31c0a36096f107a35c96f107a13496f107e842620ff8

----------------
IN: 
0x07f17d88:  
OBJD-T: 31d289153496f10789153c96f10789154096f1075b5e5dc3

----------------
IN: 
0x07f17db2:  
OBJD-T: 89f289d8e855c2f8ff

----------------
IN: 
0x07ea4010:  
OBJD-T: 5589e55756535189c789d131db31f639fe7d17

----------------
IN: 
0x07ea403a:  
OBJD-T: 89d885db7505

----------------
IN: 
0x07ea4040:  
OBJD-T: b8010000005a5b5e5f5dc3

----------------
IN: 
0x07f17dbb:  
OBJD-T: 89c7e8da610ff8

----------------
IN: 
0x07f17dc2:  
OBJD-T: a34c96f10785c07507

----------------
IN: 
0x07f17dd2:  
OBJD-T: 89c1893d5896f10750506a005789f289d8e863c2f8ff

----------------
IN: 
0x07ea404b:  
OBJD-T: 5589e557565383ec3c8945cc8955c8894dd089cf31c08945d48b4dcc394dd47d
OBJD-T: 67

----------------
IN: 
0x07ea40d3:  
OBJD-T: 837dd40183d7ffc607008b550c8b45d0e8c9be0c00

----------------
IN: 
0x07ea40e8:  
OBJD-T: 83c43c5b5e5f5dc20800

----------------
IN: 
0x07f17de8:  
OBJD-T: 5a598d65f45b5e5f5dc3

----------------
IN: 
0x07f17fdb:  
OBJD-T: a16c96f107e8e09ef8ff

----------------
IN: 
0x07ea1ec5:  
OBJD-T: 85c07448

----------------
IN: 
0x07ea1f11:  
OBJD-T: c3

----------------
IN: 
0x07f17fe5:  
OBJD-T: e8f498f8ff

----------------
IN: 
0x07ea18de:  
OBJD-T: 5589e55350e80ef2ffff

----------------
IN: 
0x07ea0af6:  
OBJD-T: b8f60aea072de00aea07a38826ea07b8e00aea072dc00aea07a38426ea07c3

----------------
IN: 
0x07ea18e8:  
OBJD-T: b814000000e8b3c616f8

----------------
IN: 
0x07ea18f2:  
OBJD-T: 89c385c0742c

----------------
IN: 
0x07ea18f8:  
OBJD-T: c74004ffffffffa16c26ea0789431083ec0c5068b224ea07689823ea076a7268
OBJD-T: a223ea07e8e0be16f8

----------------
IN: 
0x07ea1921:  
OBJD-T: 83c42089d88b5dfcc9c3

----------------
IN: 
0x07f17fea:  
OBJD-T: a36c96f10785c07423

----------------
IN: 
0x07f17ff3:  
OBJD-T: 8b1689f8e8b2f7ffff

----------------
IN: 
0x07f177ae:  
OBJD-T: 5589e557565383ec5c8945a089d7b800200000e8d6670ff8

----------------
IN: 
0x07f177c6:  
OBJD-T: 85c0743d

----------------
IN: 
0x07f177ca:  
OBJD-T: 89c6b90020000089c28b45a0e8013b0ff8

----------------
IN: 
0x07f177db:  
OBJD-T: 89f38d5406f483f81f7f37

----------------
IN: 
0x07f1781d:  
OBJD-T: 39da73f1

----------------
IN: 
0x07f17812:  
OBJD-T: 813b02b0ad1b740c

----------------
IN: 
0x07f1781a:  
OBJD-T: 83c30439da73f1

----------------
IN: 
0x07f17826:  
OBJD-T: 8b43048b4b0801c181f9fe4f52e475e4

----------------
IN: 
0x07f17836:  
OBJD-T: a9f8ff00007417

----------------
IN: 
0x07f17854:  
OBJD-T: 8b45a08945b8897dbc8975c0c745c40100000031c08945c88945e4f6053096f1
OBJD-T: 0701742b

----------------
IN: 
0x07f178a3:  
OBJD-T: f64306010f84d6000000

----------------
IN: 
0x07f17983:  
OBJD-T: 8d45b8e84e090000

----------------
IN: 
0x07f182d9:  
OBJD-T: 5589e557565383ec6c89c78b70088a46043c010f8532050000

----------------
IN: 
0x07f182f2:  
OBJD-T: 813e7f454c460f853c050000

----------------
IN: 
0x07f182fe:  
OBJD-T: 807e05010f8532050000

----------------
IN: 
0x07f18308:  
OBJD-T: 66837e12030f85610c0000

----------------
IN: 
0x07f18313:  
OBJD-T: 837e14010f85570c0000

----------------
IN: 
0x07f1831d:  
OBJD-T: 8b461083e8026683f8010f873a050000

----------------
IN: 
0x07f1832d:  
OBJD-T: 8d55d889f0e8b7630800

----------------
IN: 
0x07f9e6ee:  
OBJD-T: 5589e583ec0885d27509

----------------
IN: 
0x07f9e701:  
OBJD-T: 89c131c0890285c9750b

----------------
IN: 
0x07f9e716:  
OBJD-T: 0fb74130890285c0752c

----------------
IN: 
0x07f9e74c:  
OBJD-T: 3dfffe000076ea

----------------
IN: 
0x07f9e73d:  
OBJD-T: 31c0eb25

----------------
IN: 
0x07f9e766:  
OBJD-T: c9c3

----------------
IN: 
0x07f18337:  
OBJD-T: 8945c485c00f85460c0000

----------------
IN: 
0x07f18342:  
OBJD-T: 8d55dc89f0e81c640800

----------------
IN: 
0x07f9e768:  
OBJD-T: 5589e583ec0885d27509

----------------
IN: 
0x07f9e77b:  
OBJD-T: 31c9890a85c0750b

----------------
IN: 
0x07f9e78e:  
OBJD-T: 0fb74832890a81f9ffff0000752a

----------------
IN: 
0x07f9e7c6:  
OBJD-T: 81f9fffe000076eb

----------------
IN: 
0x07f9e7b9:  
OBJD-T: 31c0eb22

----------------
IN: 
0x07f9e7df:  
OBJD-T: c9c3

----------------
IN: 
0x07f1834c:  
OBJD-T: 8945c485c00f85310c0000

----------------
IN: 
0x07f18357:  
OBJD-T: 8d55e089f0e880640800

----------------
IN: 
0x07f9e7e1:  
OBJD-T: 5589e583ec0885d27509

----------------
IN: 
0x07f9e7f4:  
OBJD-T: 31c9890a85c0750b

----------------
IN: 
0x07f9e807:  
OBJD-T: 0fb7482c890a81f9ffff00007404

----------------
IN: 
0x07f9e815:  
OBJD-T: 31c0eb2e

----------------
IN: 
0x07f9e847:  
OBJD-T: c9c3

----------------
IN: 
0x07f18361:  
OBJD-T: 8945c485c00f851c0c0000

----------------
IN: 
0x07f1836c:  
OBJD-T: 8b461c8945b80fb7462a8945a08b45e08945988b078b48348b5838b800200000
OBJD-T: 39c88b45c419d87307

----------------
IN: 
0x07f18395:  
OBJD-T: b90020000031db8b45a08b55980fafc28945b08b45b831d20345b083d20039c1
OBJD-T: 19d30f824b050000

----------------
IN: 
0x07f183bd:  
OBJD-T: 8b45b80347088945b8c74724ffffffffa17896f1078945b0a17c96f1078945a8
OBJD-T: 8b55b831c08945c0c64590008b5f248b45c03945987441

----------------
IN: 
0x07f183f4:  
OBJD-T: 833a017532

----------------
IN: 
0x07f183f9:  
OBJD-T: 8b420c89c139c37302

----------------
IN: 
0x07f18404:  
OBJD-T: 894f2403421489c389459031c0894594395db08b45a81b45947308

----------------
IN: 
0x07f1841f:  
OBJD-T: 895db031c08945a8c6459001ff45c08b5da001daebb4

----------------
IN: 
0x07f183e9:  
OBJD-T: 8b5f248b45c03945987441

----------------
IN: 
0x07f18402:  
OBJD-T: 89d9894f2403421489c389459031c0894594395db08b45a81b45947308

----------------
IN: 
0x07f1842b:  
OBJD-T: ff45c08b5da001daebb4

----------------
IN: 
0x07f18435:  
OBJD-T: 807d90007410

----------------
IN: 
0x07f1843b:  
OBJD-T: 8b45b0a37896f1078b45a8a37c96f107837f10000f84a2000000

----------------
IN: 
0x07f184f7:  
OBJD-T: 895f2831c08945b08945a051ff7728ff7724ff771068cf93f107685d93f10768
OBJD-T: 9b000000686e93f107e8dc520ff8

----------------
IN: 
0x07f18525:  
OBJD-T: 83c42031db31c08945a88b45e089459839c30f834b010000

----------------
IN: 
0x07f1853d:  
OBJD-T: 0fb7462a0fafc38b4db801c88338010f8530010000

----------------
IN: 
0x07f18552:  
OBJD-T: ff7008ff7014ff700c53680994f107685d93f10768a5000000686e93f107e88c
OBJD-T: 520ff8

----------------
IN: 
0x07f18575:  
OBJD-T: 83c420837f10000fb7462a7432

----------------
IN: 
0x07f185b4:  
OBJD-T: 0fafc38b4db801c88b4814894db08b480c83ec0cff75b08d55d4a16c96f107e8
OBJD-T: 5393f8ff

----------------
IN: 
0x07ea192b:  
OBJD-T: 5589e557565383ec3c89c38955c031f68975e089c80345080f92c00fb6c08945
OBJD-T: d47309

----------------
IN: 
0x07ea1957:  
OBJD-T: 89cf505051518d4de48d55e089d8e82ef5ffff

----------------
IN: 
0x07ea0e98:  
OBJD-T: 5589e557565389c331f689328b400489018b0385c07437

----------------
IN: 
0x07ea0ee6:  
OBJD-T: 5b5e5f5dc20800

----------------
IN: 
0x07ea196a:  
OBJD-T: 8b035a598b4d0801f9eb06

----------------
IN: 
0x07ea197b:  
OBJD-T: 85c0742f

----------------
IN: 
0x07ea19ae:  
OBJD-T: b81c000000e8e4c516f8

----------------
IN: 
0x07ea19b8:  
OBJD-T: 89c685c0750d

----------------
IN: 
0x07ea19cb:  
OBJD-T: 897dc831c9894dcc8b45e48945d08b45e08945c45050ff75ccff75c88b45d031
OBJD-T: d252508b45c431d2525068f024ea07689823ea0768e404000068a223ea07e8f3
OBJD-T: bd16f8

----------------
IN: 
0x07ea1a0e:  
OBJD-T: 83c43081ffffff0f007721

----------------
IN: 
0x07ea1a3a:  
OBJD-T: 83ec0c6a006a0156ff75086a018b4dd089fa89d8e89af4ffff

----------------
IN: 
0x07ea0eed:  
OBJD-T: 5589e557565381ec8c0000008945c089d789ce8b5d08ff750c535152685c23ea
OBJD-T: 07689823ea0768af01000068a223ea07e8dfc816f8

----------------
IN: 
0x07ea0f22:  
OBJD-T: 8d43ff8945a001c7f7db895dac89d821f88945a82b750c89d821f08945a40345
OBJD-T: 0c89459c8b45a803450c83c42039459c0f82e2000000

----------------
IN: 
0x07ea0f58:  
OBJD-T: a104860100bb8200000085c0743d

----------------
IN: 
0x07ea0f66:  
OBJD-T: 8b3089f28d782039fa720c

----------------
IN: 
0x07ea0f71:  
OBJD-T: 8b481001c183c12039ca7211

----------------
IN: 
0x07ea0f8e:  
OBJD-T: 8d4b028b1239d67404

----------------
IN: 
0x07ea0f97:  
OBJD-T: 89cbebd2

----------------
IN: 
0x07ea0f6d:  
OBJD-T: 39fa720c

----------------
IN: 
0x07ea0f9b:  
OBJD-T: 83c3068b4004ebbf

----------------
IN: 
0x07ea0f62:  
OBJD-T: 85c0743d

----------------
IN: 
0x07ea0fa3:  
OBJD-T: 837dc0000f95c022451889c6740e

----------------
IN: 
0x07ea0fbf:  
OBJD-T: ba1800000089d8e890cf16f8

----------------
IN: 
0x07ea0fcb:  
OBJD-T: 8945bcb804040000e8c4cf16f8

----------------
IN: 
0x07ea0fd8:  
OBJD-T: 8945b4ba1800000089d8e874cf16f8

----------------
IN: 
0x07ea0fe7:  
OBJD-T: 8945c4837dbc000f94c0837dc4000f94c208d07506

----------------
IN: 
0x07ea0ffc:  
OBJD-T: 837db400

----------------
IN: 
0x07ea1000:  
OBJD-T: 753f

----------------
IN: 
0x07ea1041:  
OBJD-T: 31ff897db889f084c07430

----------------
IN: 
0x07ea107c:  
OBJD-T: 8b0d04860100894dcc31f68935048601008d45cc8945c085c90f84c2000000

----------------
IN: 
0x07ea109b:  
OBJD-T: 8b398b17817a08a48fb06d0f84a3000000

----------------
IN: 
0x07ea10ac:  
OBJD-T: 6b45b8188b75c401f089fe8d5920895d988b5a0881fb08283c2d7419

----------------
IN: 
0x07ea10e1:  
OBJD-T: 8b5a04c1e30401d3895db08345b8028b5d9839da7528

----------------
IN: 
0x07ea111f:  
OBJD-T: 31db891889500489501489700c894808be010000008970188b75b089701c8b1a
OBJD-T: 83c03089d639fa7407

----------------
IN: 
0x07ea1148:  
OBJD-T: 89dae96effffff

----------------
IN: 
0x07ea10bd:  
OBJD-T: 8b5a0881fb08283c2d7419

----------------
IN: 
0x07ea10f7:  
OBJD-T: c7000200000089cb2b59088958048948088b5dc089581089501489700c836db0
OBJD-T: 30be03000000eb15

----------------
IN: 
0x07ea1134:  
OBJD-T: 8970188b75b089701c8b1a83c03089d639fa7407

----------------
IN: 
0x07ea114f:  
OBJD-T: 8d41048945c08b4904e936ffffff

----------------
IN: 
0x07ea1093:  
OBJD-T: 85c90f84c2000000

----------------
IN: 
0x07ea115d:  
OBJD-T: 8b45b8d1e88945c08b55c46b45b81889459889d08b7d9801f88945b031db8b45
OBJD-T: b039c27441

----------------
IN: 
0x07ea1182:  
OBJD-T: 8b02a8017405

----------------
IN: 
0x07ea118d:  
OBJD-T: 6bc3188b7dbc01f8b90600000089c789d6f3a5

----------------
IN: 
0x07ea119e:  
OBJD-T: f3a5

----------------
IN: 
0x07ea11a0:  
OBJD-T: 43eb1b

----------------
IN: 
0x07ea11be:  
OBJD-T: 83c218ebb8

----------------
IN: 
0x07ea117b:  
OBJD-T: 8b45b039c27441

----------------
IN: 
0x07ea1188:  
OBJD-T: 83f80a7516

----------------
IN: 
0x07ea11a3:  
OBJD-T: 6b45c0188b7dbc01f8b90600000089c789d6f3a5

----------------
IN: 
0x07ea11b5:  
OBJD-T: f3a5

----------------
IN: 
0x07ea11b7:  
OBJD-T: 8b45c0408945c083c218ebb8

----------------
IN: 
0x07ea11c3:  
OBJD-T: 31c08945c0b90404000031d28b45b4e8b5b616f8

----------------
IN: 
0x07ea11d7:  
OBJD-T: 8b55bc8b7d988d1c3a89d639de7417

----------------
IN: 
0x07ea11e6:  
OBJD-T: 8b46048a4dc0d3e80fb6c08b7db4ff44870483c618ebe5

----------------
IN: 
0x07ea11e2:  
OBJD-T: 39de7417

----------------
IN: 
0x07ea11fd:  
OBJD-T: 31c0408b7db48b4c87fc010c873d0001000075ee

----------------
IN: 
0x07ea11ff:  
OBJD-T: 408b7db48b4c87fc010c873d0001000075ee

----------------
IN: 
0x07ea1211:  
OBJD-T: 39da7430

----------------
IN: 
0x07ea1215:  
OBJD-T: 8b42048a4dc0d3e80fb6c08b7db48d0c878b018d700189316bc0188b7dc401f8
OBJD-T: b90600000089c789d6f3a5

----------------
IN: 
0x07ea123e:  
OBJD-T: f3a5

----------------
IN: 
0x07ea1240:  
OBJD-T: 83c218ebcc

----------------
IN: 
0x07ea1245:  
OBJD-T: 8345c008837dc0207411

----------------
IN: 
0x07ea124f:  
OBJD-T: 8b45bc8b7dc4897dbc8945c4e968ffffff

----------------
IN: 
0x07ea11c8:  
OBJD-T: b90404000031d28b45b4e8b5b616f8

----------------
IN: 
0x07ea1260:  
OBJD-T: 31c08945b0837d14007507

----------------
IN: 
0x07ea1272:  
OBJD-T: 31c031f631ff8b55a08b4da801d18b5dac21cb895d94837d14007458

----------------
IN: 
0x07ea128e:  
OBJD-T: 8b55b83955b00f92c184c90f8467020000

----------------
IN: 
0x07ea129f:  
OBJD-T: 85ff0f95c385f60f94c121cb88da6b4db0188b5dc401d983390b0f86ac010000

----------------
IN: 
0x07ea146b:  
OBJD-T: 8b19ff249dcc22ea07

----------------
IN: 
0x07ea1480:  
OBJD-T: 47e939feffff

----------------
IN: 
0x07ea12bf:  
OBJD-T: 85ff0f95c385f60f9445c0235dc0837d1400751c

----------------
IN: 
0x07ea12ef:  
OBJD-T: 84d20f8495010000

----------------
IN: 
0x07ea148c:  
OBJD-T: 84db746e

----------------
IN: 
0x07ea1490:  
OBJD-T: 8b45a00341048b5dac21d8eb61

----------------
IN: 
0x07ea14fe:  
OBJD-T: ff45b0e982fdffff

----------------
IN: 
0x07ea1288:  
OBJD-T: 837d14007458

----------------
IN: 
0x07ea1486:  
OBJD-T: 4fe933feffff

----------------
IN: 
0x07ea12f7:  
OBJD-T: 84db0f85ff010000

----------------
IN: 
0x07ea12ff:  
OBJD-T: 8945c08b5da839d87306

----------------
IN: 
0x07ea130f:  
OBJD-T: 8b5dc0035d0c395d9c0f82e0010000

----------------
IN: 
0x07ea131e:  
OBJD-T: 3959040f82d7010000

----------------
IN: 
0x07ea1327:  
OBJD-T: 8b45c48945b08945a831c089458889458c8945a08945908945a48945948b45c0
OBJD-T: 03450c8945848b7db8397da40f842b030000

----------------
IN: 
0x07ea1359:  
OBJD-T: 83c9ff837d8c000f84ad010000

----------------
IN: 
0x07ea1513:  
OBJD-T: b901000000837da0000f8544feffff

----------------
IN: 
0x07ea1522:  
OBJD-T: 837d900119c9e939feffff

----------------
IN: 
0x07ea1366:  
OBJD-T: 837da4000f84b9020000

----------------
IN: 
0x07ea1629:  
OBJD-T: 8b45a88b0083f80b7745

----------------
IN: 
0x07ea1633:  
OBJD-T: ff2485fc22ea07

----------------
IN: 
0x07ea163a:  
OBJD-T: 83f8027516

----------------
IN: 
0x07ea163f:  
OBJD-T: 8b45a88b40088945ac83c0203945c07305

----------------
IN: 
0x07ea1650:  
OBJD-T: ff45a0eb03

----------------
IN: 
0x07ea1658:  
OBJD-T: 8b45a4894588eb18

----------------
IN: 
0x07ea1678:  
OBJD-T: ff45a48345a818e9c9fcffff

----------------
IN: 
0x07ea134d:  
OBJD-T: 8b7db8397da40f842b030000

----------------
IN: 
0x07ea1370:  
OBJD-T: 8b45a88b40ec8b7da88b5f0439d80f84a5020000

----------------
IN: 
0x07ea1384:  
OBJD-T: 8b75c039f07302

----------------
IN: 
0x07ea138d:  
OBJD-T: 8b558439d37302

----------------
IN: 
0x07ea1396:  
OBJD-T: 39d00f838b020000

----------------
IN: 
0x07ea139e:  
OBJD-T: 85c90f84df010000

----------------
IN: 
0x07ea13a6:  
OBJD-T: 490f8579020000

----------------
IN: 
0x07ea13ad:  
OBJD-T: 6b4588188b75c401f08945ac8b400c8945808b45ac8b401089857cffffff8b45
OBJD-T: ac8b48088d412089459c8d420f83e0f089c629d689b578ffffff89cb29c38b71
OBJD-T: 1001de89b574ffffff8b7124c1e60489f78b512089c629ce39f78d70200f831d
OBJD-T: 010000

----------------
IN: 
0x07ea152d:  
OBJD-T: 01fbc1eb0439559c7502

----------------
IN: 
0x07ea1539:  
OBJD-T: 895020895e04c7460808283c2d89f2e9ccfeffff

----------------
IN: 
0x07ea1419:  
OBJD-T: 8b198b49048b7d808917395d9c7402

----------------
IN: 
0x07ea1428:  
OBJD-T: 89da89108948048bbd78ffffff8978088bb574ffffff8970108bbd7cffffff89
OBJD-T: 0731f689d18d782039f90f83f5000000

----------------
IN: 
0x07ea154d:  
OBJD-T: 8b1989ce39da7407

----------------
IN: 
0x07ea1555:  
OBJD-T: 89d9e9f4feffff

----------------
IN: 
0x07ea1450:  
OBJD-T: 39f90f83f5000000

----------------
IN: 
0x07ea155c:  
OBJD-T: 8b45ac8b48148b45c48b75988d143039480c7509

----------------
IN: 
0x07ea1579:  
OBJD-T: 83c01839c275eb

----------------
IN: 
0x07ea156b:  
OBJD-T: 39480c7509

----------------
IN: 
0x07ea1570:  
OBJD-T: 8b7dac8b5f0c89580c83c01839c275eb

----------------
IN: 
0x07ea1580:  
OBJD-T: e9a1000000

----------------
IN: 
0x07ea1626:  
OBJD-T: ff45948b45a88b0083f80b7745

----------------
IN: 
0x07ea1660:  
OBJD-T: 837da0007405

----------------
IN: 
0x07ea1666:  
OBJD-T: ff4da0eb0d

----------------
IN: 
0x07ea1655:  
OBJD-T: ff45908b45a4894588eb18

----------------
IN: 
0x07ea166b:  
OBJD-T: ff4d90eb08

----------------
IN: 
0x07ea1684:  
OBJD-T: 8b45cca3048601008b45bce836c916f8

----------------
IN: 
0x07ea1694:  
OBJD-T: 8b45b4e82ec916f8

----------------
IN: 
0x07ea169c:  
OBJD-T: ba180000008b4594e8b2c816f8

----------------
IN: 
0x07ea16a9:  
OBJD-T: 8b751089461431d285c00f94c28b7d94897e1831db895d9c895da0895da4895d
OBJD-T: a8895d98895db48b75b83975b40f8464010000

----------------
IN: 
0x07ea16dc:  
OBJD-T: 83cbff837da0007511

----------------
IN: 
0x07ea16e5:  
OBJD-T: bb01000000837da4007506

----------------
IN: 
0x07ea16f0:  
OBJD-T: 837da80119db837db4000f84eb000000

----------------
IN: 
0x07ea17eb:  
OBJD-T: 8b45b08b0083f80b773f

----------------
IN: 
0x07ea17f5:  
OBJD-T: ff24852c23ea07

----------------
IN: 
0x07ea17fc:  
OBJD-T: 83f8027516

----------------
IN: 
0x07ea1801:  
OBJD-T: 8b45b08b40088945bc83c0203945c07305

----------------
IN: 
0x07ea1812:  
OBJD-T: ff45a4eb03

----------------
IN: 
0x07ea181a:  
OBJD-T: 8b45b4894598eb12

----------------
IN: 
0x07ea1834:  
OBJD-T: ff45b48345b018e990feffff

----------------
IN: 
0x07ea16d0:  
OBJD-T: 8b75b83975b40f8464010000

----------------
IN: 
0x07ea16f6:  
OBJD-T: 837db4000f84eb000000

----------------
IN: 
0x07ea1700:  
OBJD-T: 8b45b08b40ec8945bc8b45b08b40048945ac3945bc0f84d0000000

----------------
IN: 
0x07ea171b:  
OBJD-T: 8d7dd0b90600000031c0f3ab

----------------
IN: 
0x07ea1725:  
OBJD-T: f3ab

----------------
IN: 
0x07ea1727:  
OBJD-T: 8d75d085d2750a

----------------
IN: 
0x07ea172e:  
OBJD-T: 6b759c188b45100370148b7dbc8b4dc039cf7302

----------------
IN: 
0x07ea1744:  
OBJD-T: 8b4dc0034d0c394dac7303

----------------
IN: 
0x07ea1752:  
OBJD-T: 39cf0f8391000000

----------------
IN: 
0x07ea175a:  
OBJD-T: 891e897e0889c8894dac29f889460c83fb01776c

----------------
IN: 
0x07ea176e:  
OBJD-T: 6b4598188b4dc48b44010889460489f88b4dbc29c889461085d27554

----------------
IN: 
0x07ea178a:  
OBJD-T: 4b7546

----------------
IN: 
0x07ea178d:  
OBJD-T: b810000000e805c816f8

----------------
IN: 
0x07ea1797:  
OBJD-T: 85c08b4dac7511

----------------
IN: 
0x07ea17af:  
OBJD-T: 89780889480c8b158c26ea078910c740048c26ea0785d27403

----------------
IN: 
0x07ea17cb:  
OBJD-T: a38c26ea07894614ff459c31d2eb11

----------------
IN: 
0x07ea182c:  
OBJD-T: 31c9894da4894da8ff45b48345b018e990feffff

----------------
IN: 
0x07ea1817:  
OBJD-T: ff45a88b45b4894598eb12

----------------
IN: 
0x07ea1840:  
OBJD-T: 31db85d27446

----------------
IN: 
0x07ea188c:  
OBJD-T: 8b45108b75c08970048b7d0c8978108b45c4e827c716f8

----------------
IN: 
0x07ea18a3:  
OBJD-T: 5050ff750cff75c0689a24ea07689823ea0768b104000068a223ea07e83dbf16
OBJD-T: f8

----------------
IN: 
0x07ea18c4:  
OBJD-T: 83c420b8010000008d65f45b5e5f5dc21400

----------------
IN: 
0x07ea1a53:  
OBJD-T: 83c40c85c0757c

----------------
IN: 
0x07ea1ad6:  
OBJD-T: ff75ccff75c88b460431d25250684425ea07689823ea07680a05000068a223ea
OBJD-T: 07e805bd16f8

----------------
IN: 
0x07ea1afc:  
OBJD-T: 8b550801fa83c4203953087303

----------------
IN: 
0x07ea1b09:  
OBJD-T: 8953088b4e048b450801c83943087303

----------------
IN: 
0x07ea1b1c:  
OBJD-T: 3b4b047310

----------------
IN: 
0x07ea1b21:  
OBJD-T: 39530c7303

----------------
IN: 
0x07ea1b26:  
OBJD-T: 89530c39430c7303

----------------
IN: 
0x07ea1b31:  
OBJD-T: 83ec0cff7310685d25ea07689823ea07681c05000068a223ea07e8b1bc16f8

----------------
IN: 
0x07ea1b50:  
OBJD-T: 8b560483c42039fa730a

----------------
IN: 
0x07ea1b64:  
OBJD-T: 8b431039d77309

----------------
IN: 
0x07ea1b74:  
OBJD-T: 83ec0cff7310685d25ea07689823ea07682405000068a223ea07e86ebc16f8

----------------
IN: 
0x07ea1b93:  
OBJD-T: 897e0c8b45088946108b038906893383c4185056687225ea07689823ea07682b
OBJD-T: 05000068a223ea07e841bc16f8

----------------
IN: 
0x07ea1bc0:  
OBJD-T: 8b46048946088b45c0893083c4208b45d48d65f45b5e5f5dc20400

----------------
IN: 
0x07f185d8:  
OBJD-T: 83c40c85c00f85ec040000

----------------
IN: 
0x07f185e3:  
OBJD-T: 8b45d4e8eb92f8ff

----------------
IN: 
0x07ea18d6:  
OBJD-T: 8b4008c3

----------------
IN: 
0x07f185eb:  
OBJD-T: 8945a00fb7462a0fafc38b4db801c883781000744b

----------------
IN: 
0x07f18600:  
OBJD-T: 8b400431c989c28b07e83b2f0ff8

----------------
IN: 
0x07f1860e:  
OBJD-T: 427507

----------------
IN: 
0x07f18618:  
OBJD-T: 0fb7462a0fafc38b4db88b4c01108b45a08b55a801c28b07e8a72c0ff8

----------------
IN: 
0x07f18635:  
OBJD-T: 89c20fb7462a0fafc38b4db83b5401100f85ca050000

----------------
IN: 
0x07f1864b:  
OBJD-T: 0fb7562a0fafd38b45b801c28b42108b4a1439c87321

----------------
IN: 
0x07f18682:  
OBJD-T: 43e9a7feffff

----------------
IN: 
0x07f1852f:  
OBJD-T: 8b45e089459839c30f834b010000

----------------
IN: 
0x07ea0eaf:  
OBJD-T: 8b780c397d0c730e

----------------
IN: 
0x07ea0ec5:  
OBJD-T: 8b70108b780c01f7397d087210

----------------
IN: 
0x07ea0ed2:  
OBJD-T: 8b780401fe39327307

----------------
IN: 
0x07ea0edb:  
OBJD-T: 3b7b047302

----------------
IN: 
0x07ea0ee0:  
OBJD-T: 89328b00ebc5

----------------
IN: 
0x07ea0eab:  
OBJD-T: 85c07437

----------------
IN: 
0x07ea197f:  
OBJD-T: 8b500c39d77222

----------------
IN: 
0x07ea1986:  
OBJD-T: 8b701001d639f773e6

----------------
IN: 
0x07ea1975:  
OBJD-T: 39fa742f

----------------
IN: 
0x07ea1979:  
OBJD-T: 8b0085c0742f

----------------
IN: 
0x07ea1309:  
OBJD-T: 8b5d94895dc08b5dc0035d0c395d9c0f82e0010000

----------------
IN: 
0x07ea138b:  
OBJD-T: 89f08b558439d37302

----------------
IN: 
0x07ea1585:  
OBJD-T: 6b5d88188b75c401f38b73088b7b0c897d9c8b4b1429c88945ac8d420f83e0f0
OBJD-T: 8b7904c1e70401cf8d501039d77237

----------------
IN: 
0x07ea15b4:  
OBJD-T: 89c2c7400808283c2d29c7c1ff04897804837dac0f761a

----------------
IN: 
0x07ea15cb:  
OBJD-T: 8b45acc1e80489410485d27433

----------------
IN: 
0x07ea15d8:  
OBJD-T: 890a8b459c89103b0e7528

----------------
IN: 
0x07ea160b:  
OBJD-T: 8b45c48b75988d14303b480c7506

----------------
IN: 
0x07ea161f:  
OBJD-T: 83c01839c275ee

----------------
IN: 
0x07ea1614:  
OBJD-T: 3b480c7506

----------------
IN: 
0x07ea1619:  
OBJD-T: 8b730c89700c83c01839c275ee

----------------
IN: 
0x07ea1742:  
OBJD-T: 89cf8b4dc0034d0c394dac7303

----------------
IN: 
0x07ea17d3:  
OBJD-T: ff459c31d2eb11

----------------
IN: 
0x07ea0ee2:  
OBJD-T: 8b00ebc5

----------------
IN: 
0x07ea1394:  
OBJD-T: 89da39d00f838b020000

----------------
IN: 
0x07ea174f:  
OBJD-T: 8b4dac39cf0f8391000000

----------------
IN: 
0x000090e8:  
OBJD-T: 9cfa8cd850b800008ec0b800808ed8b80002509d

----------------
IN: 
0x000090fc:  
OBJD-T: 66b800420000cd13

----------------
IN: 
0x07f18661:  
OBJD-T: 29c18b55a801ca3955b00f82c9050000

----------------
IN: 
0x07f18671:  
OBJD-T: 8b55a801d08b55a001d031d2e80a420ff8

----------------
IN: 
0x07f18688:  
OBJD-T: 31c9394d980f84d5060000

----------------
IN: 
0x07f18693:  
OBJD-T: 0fb7562a0fafd18b45b801c28b5a088b46188945b039d87223

----------------
IN: 
0x07f186ac:  
OBJD-T: 8b421401d83945b07319

----------------
IN: 
0x07f186b6:  
OBJD-T: 8b45b003420c29d8a36896f1078b4dd885c97508

----------------
IN: 
0x07f186d2:  
OBJD-T: 0fb75e2e89c80fafc331d203462083d2008945b88955bc8b078b40388945b08b
OBJD-T: 078b55b83950348b45b01b45bc0f82ae060000

----------------
IN: 
0x07f18705:  
OBJD-T: 89da89c8e84d580ff8

----------------
IN: 
0x07f1870e:  
OBJD-T: 8945b885c00f8451080000

----------------
IN: 
0x07f18719:  
OBJD-T: 8b462031c989c28b07e8222e0ff8

----------------
IN: 
0x07f18727:  
OBJD-T: 427507

----------------
IN: 
0x07f18731:  
OBJD-T: 0fb74e2e0faf4dd88b55b88b07e8992b0ff8

----------------
IN: 
0x07f18743:  
OBJD-T: 89c20fb7462e0faf45d839c20f8574070000

----------------
IN: 
0x07f18755:  
OBJD-T: 8b5db831c08945b08b45d83945b00f83a9000000

----------------
IN: 
0x07f18769:  
OBJD-T: 837f0c017615

----------------
IN: 
0x07f18784:  
OBJD-T: 837b0c00757a

----------------
IN: 
0x07f1878a:  
OBJD-T: 8b431485c07473

----------------
IN: 
0x07f18804:  
OBJD-T: 0fb7462e01c3ff45b0e94bffffff

----------------
IN: 
0x07f1875d:  
OBJD-T: 8b45d83945b00f83a9000000

----------------
IN: 
0x07f18791:  
OBJD-T: 83ec0cff772c6a00ff732050f7d85031c98d55d4a16c96f107e82c94f8ff

----------------
IN: 
0x07ea1bdb:  
OBJD-T: 5589e557565383ec5c89c38955a889ce8b7d0c31d28955e08955e4894dcc8b45
OBJD-T: 088945d0897dd48b45108945d88b45148945dc31c9894dc485ff740e

----------------
IN: 
0x07ea1c17:  
OBJD-T: 89f80345087307

----------------
IN: 
0x07ea1c1e:  
OBJD-T: 89f8f7d889450883ec0cff33688725ea07689823ea07687905000068a223ea07
OBJD-T: e8bebb16f8

----------------
IN: 
0x07ea1c43:  
OBJD-T: 83c420b81c000000e84cc316f8

----------------
IN: 
0x07ea1c50:  
OBJD-T: 8945e085c0750a

----------------
IN: 
0x07ea1c61:  
OBJD-T: 81fe001000007305

----------------
IN: 
0x07ea1c69:  
OBJD-T: be0010000083ec0c6a0131d2837d14020f95c2525057ff75108b4d0889f289d8
OBJD-T: e85ff2ffff

----------------
IN: 
0x07ea0fb1:  
OBJD-T: 8b45c08b0085c07405

----------------
IN: 
0x07ea0fba:  
OBJD-T: 83c302ebf5

----------------
IN: 
0x07ea0fb4:  
OBJD-T: 8b0085c07405

----------------
IN: 
0x07ea104c:  
OBJD-T: 8b45c08b108b45c485d27424

----------------
IN: 
0x07ea1058:  
OBJD-T: c7000a0000008b4a0c894804c740180b000000034a1089481c8345b8028b1283
OBJD-T: c030ebd8

----------------
IN: 
0x07ea1054:  
OBJD-T: 85d27424

----------------
IN: 
0x07ea1474:  
OBJD-T: 46e945feffff

----------------
IN: 
0x07ea147a:  
OBJD-T: 4ee93ffeffff

----------------
IN: 
0x07ea1670:  
OBJD-T: ff458ceb03

----------------
IN: 
0x07ea1675:  
OBJD-T: ff4d8cff45a48345a818e9c9fcffff

----------------
IN: 
0x07ea1822:  
OBJD-T: ff45a0eb0d

----------------
IN: 
0x07ea1827:  
OBJD-T: ff4da0eb08

----------------
IN: 
0x07ea17c8:  
OBJD-T: 894204a38c26ea07894614ff459c31d2eb11

----------------
IN: 
0x07ea1c8e:  
OBJD-T: 83c40c85c0745a

----------------
IN: 
0x07ea1c95:  
OBJD-T: 8b45e08b400431d252505250684425ea07689823ea07688305000068a223ea07
OBJD-T: e847bb16f8

----------------
IN: 
0x07ea1cba:  
OBJD-T: 83c414ff33688725ea07689823ea07688605000068a223ea07e829bb16f8

----------------
IN: 
0x07ea1cd8:  
OBJD-T: 8b45e08b500489500c8978108b0b89088903e9bf010000

----------------
IN: 
0x07ea1eae:  
OBJD-T: 89500883c4208b7da8890731c08d65f45b5e5f5dc21400

----------------
IN: 
0x07f187af:  
OBJD-T: 83c40c85c00f85dd060000

----------------
IN: 
0x07f187ba:  
OBJD-T: 8b45d4e81491f8ff

----------------
IN: 
0x07f187c2:  
OBJD-T: 8945a88b45d4e80d91f8ff

----------------
IN: 
0x07ea18da:  
OBJD-T: 8b400cc3

----------------
IN: 
0x07f187cd:  
OBJD-T: 8945a08b431031c989c28b07e86b2d0ff8

----------------
IN: 
0x07f187de:  
OBJD-T: 427507

----------------
IN: 
0x07f187e8:  
OBJD-T: 8b4b148b55a88b07e8e72a0ff8

----------------
IN: 
0x07f187f5:  
OBJD-T: 3b43140f85cb060000

----------------
IN: 
0x07f187fe:  
OBJD-T: 8b45a089430c0fb7462e01c3ff45b0e94bffffff

----------------
IN: 
0x07ea15e5:  
OBJD-T: 8b398938eb0a

----------------
IN: 
0x07ea15f5:  
OBJD-T: 8b459c89103b0e750d

----------------
IN: 
0x07f18812:  
OBJD-T: 0fb7562e83ec0cff75b88b4ddce934070000

----------------
IN: 
0x07f18f58:  
OBJD-T: e8a5edffff

----------------
IN: 
0x07f17d02:  
OBJD-T: 5589e5a34096f107890d3896f10789153c96f1078b4508a33496f1075dc20400

----------------
IN: 
0x07f18f5d:  
OBJD-T: 83c40ceb26

----------------
IN: 
0x07f18f88:  
OBJD-T: 8b45c48d65f45b5e5f5dc3

----------------
IN: 
0x07f1798b:  
OBJD-T: 89c785ff7409

----------------
IN: 
0x07f1799a:  
OBJD-T: f6430404743f

----------------
IN: 
0x07f179df:  
OBJD-T: 516a006a006a0031c9ba01000000b801000000e89c150000

----------------
IN: 
0x07f18f93:  
OBJD-T: 5589e5565389d68b55088b5d0cf7c6030000007532

----------------
IN: 
0x07f18fda:  
OBJD-T: 83f802756a

----------------
IN: 
0x07f19049:  
OBJD-T: ba7792f107b86c92f107e8681e0ff8

----------------
IN: 
0x07f19058:  
OBJD-T: d1ee83e60189358496f10731c08d65f85b5e5dc20c00

----------------
IN: 
0x07f179f7:  
OBJD-T: 89c75aeb1a

----------------
IN: 
0x07f17a16:  
OBJD-T: 89f88d65f45b5e5f5dc3

----------------
IN: 
0x07f17ffc:  
OBJD-T: 85c07516

----------------
IN: 
0x07f18000:  
OBJD-T: e890feffff

----------------
IN: 
0x07f17e95:  
OBJD-T: 5589e557565383ec0cff15304ffd07

----------------
IN: 
0x07fd4e96:  
OBJD-T: 5589e55350b8254ffd07e8ef6003f8

----------------
IN: 
0x07fd4ea5:  
OBJD-T: 85c0740c

----------------
IN: 
0x07fd4eb5:  
OBJD-T: 31c0e8e34703f8

----------------
IN: 
0x07fd4ebc:  
OBJD-T: 83cbff85c0741b

----------------
IN: 
0x07fd4ec3:  
OBJD-T: 8b1085d27410

----------------
IN: 
0x07fd4ec9:  
OBJD-T: 8b4a0485c97409

----------------
IN: 
0x07fd4ed0:  
OBJD-T: 837904007503

----------------
IN: 
0x07fd4ed6:  
OBJD-T: 8b5a18e8574803f8

----------------
IN: 
0x07fd4ede:  
OBJD-T: 89d85a5b5dc3

----------------
IN: 
0x07f17ea4:  
OBJD-T: 83f8ff746a

----------------
IN: 
0x07f17ea9:  
OBJD-T: 89c631c0e8ed170ff8

----------------
IN: 
0x07f17eb2:  
OBJD-T: 85c0741f

----------------
IN: 
0x07f17eb6:  
OBJD-T: 8b1085d2744a

----------------
IN: 
0x07f17ebc:  
OBJD-T: 8b521c85d27443

----------------
IN: 
0x07f17f06:  
OBJD-T: 83cfff83cbffe824180ff8

----------------
IN: 
0x07f17f11:  
OBJD-T: ebc8

----------------
IN: 
0x07f17edb:  
OBJD-T: c1e31081e30000ff00c1e7080fb7ff09fbc1e61809f380cbff891d4896f107c7
OBJD-T: 054496f10701000000eb0d

----------------
IN: 
0x07f17f13:  
OBJD-T: 83c40c5b5e5f5dc3

----------------
IN: 
0x07f18005:  
OBJD-T: 31c9ba4e80f107b87980f107e852cd0b00

----------------
IN: 
0x07fd4d68:  
OBJD-T: 5589e5565389c689d383ec0c51b9544ffd07ba424cfd07b8404cfd07e888ffff
OBJD-T: ff

----------------
IN: 
0x07fd4d11:  
OBJD-T: 5589e557565383ec0c89c689d789cb833d504ffd07007411

----------------
IN: 
0x07fd4d3a:  
OBJD-T: 8935684ffd07893d644ffd07891d604ffd078b4508a35c4ffd07c705504ffd07
OBJD-T: 0100000083c40c5b5e5f5dc20400

----------------
IN: 
0x07fd4d89:  
OBJD-T: 8935544ffd07891d584ffd0783c40c8d65f85b5e5dc3

----------------
IN: 
0x07f18016:  
OBJD-T: 89f8e88a330ff8

----------------
IN: 
0x07f1801d:  
OBJD-T: 833d4079010000741b

----------------
IN: 
0x07f18041:  
OBJD-T: a1407901008d65f45b5e5f5dc3

----------------
IN: 
0x07ecb88e:  
OBJD-T: 89c689f8e8332714f8

----------------
IN: 
0x07ecb897:  
OBJD-T: 89f08d65f45b5e5f5dc3

----------------
IN: 
0x07f72b25:  
OBJD-T: 89c3eb5e

----------------
IN: 
0x07f180e8:  
OBJD-T: 5589e557565383ec2c8955d085d27421

----------------
IN: 
0x07f180f8:  
OBJD-T: 89cfba2792f1078b01e811460ff8

----------------
IN: 
0x07f18106:  
OBJD-T: 85c07518

----------------
IN: 
0x07f18122:  
OBJD-T: 31c0833d6c96f107007518

----------------
IN: 
0x07f18145:  
OBJD-T: 83f80119d281e20000feff81c2060002008b07e891320ff8

----------------
IN: 
0x07f1815d:  
OBJD-T: 8945d485c00f84c1000000

----------------
IN: 
0x07f18168:  
OBJD-T: b900001000f6053096f107027412

----------------
IN: 
0x07f18188:  
OBJD-T: 8b45d48b703485f6743d

----------------
IN: 
0x07f18192:  
OBJD-T: 83ec0c6a016a0068001000005689f0f7d8508d55e4a16c96f107e82a9af8ff

----------------
IN: 
0x07ea1c6e:  
OBJD-T: 83ec0c6a0131d2837d14020f95c2525057ff75108b4d0889f289d8e85ff2ffff

----------------
IN: 
0x07f181b1:  
OBJD-T: 89c383c40c85c07577

----------------
IN: 
0x07f181ba:  
OBJD-T: 8b45e4e81497f8ff

----------------
IN: 
0x07f181c2:  
OBJD-T: 8945cc8b45e4e80d97f8ff

----------------
IN: 
0x07f181cd:  
OBJD-T: eb07

----------------
IN: 
0x07f181d6:  
OBJD-T: 8b4dd04983ec0c8d57045289f2e80afcffff

----------------
IN: 
0x07f17df2:  
OBJD-T: 5589e557565383ec1c89c68955e489cfb814000000e890610ff8

----------------
IN: 
0x07f17e0c:  
OBJD-T: 85c08b55e47451

----------------
IN: 
0x07f17e13:  
OBJD-T: 89c389700489500831f689308b550889f8e8e7c1f8ff

----------------
IN: 
0x07f17e29:  
OBJD-T: 89c6e86c610ff8

----------------
IN: 
0x07f17e30:  
OBJD-T: 89c189430c85c07424

----------------
IN: 
0x07f17e39:  
OBJD-T: 8973108d460383e0fc01055496f10750506a01568b550889f8e8f4c1f8ff

----------------
IN: 
0x07f17e57:  
OBJD-T: 5a5985c0740e

----------------
IN: 
0x07f17e6b:  
OBJD-T: 8b155c96f10785d27404

----------------
IN: 
0x07f17e79:  
OBJD-T: 891d6096f107891d5c96f107ff055096f1078d65f45b5e5f5dc20400

----------------
IN: 
0x07f181e8:  
OBJD-T: 89c383c40c85c07540

----------------
IN: 
0x07f181f1:  
OBJD-T: 85f6743c

----------------
IN: 
0x07f181f5:  
OBJD-T: 89f18b55cc8b45d4e8da300ff8

----------------
IN: 
0x07f18202:  
OBJD-T: 39c6742b

----------------
IN: 
0x07f18231:  
OBJD-T: 8b45d4e86e310ff8

----------------
IN: 
0x07f18239:  
OBJD-T: 89d88d65f45b5e5f5dc3

----------------
IN: 
0x07ed0d52:  
OBJD-T: e8c4bc13f8

----------------
IN: 
0x07ed1da1:  
OBJD-T: 89d883c42c5b5e5f5dc3

----------------
IN: 
0x07ed1dd1:  
OBJD-T: 891dc4c2ed0783c4245b5dc3

----------------
IN: 
0x07ecce78:  
OBJD-T: 8b45d03905207801007405

----------------
IN: 
0x07ecce88:  
OBJD-T: 8b3520780100833d40790100007530

----------------
IN: 
0x07ecce97:  
OBJD-T: e8c67d1000

----------------
IN: 
0x07fd4c62:  
OBJD-T: a1504ffd07c3

----------------
IN: 
0x07ecce9c:  
OBJD-T: 85c0741a

----------------
IN: 
0x07eccea0:  
OBJD-T: ba556ced07a1a40f0100e8c7f213f8

----------------
IN: 
0x07ecceaf:  
OBJD-T: 85c07407

----------------
IN: 
0x07ecceb3:  
OBJD-T: 31c931d2ff5010

----------------
IN: 
0x07fd4e60:  
OBJD-T: e972ffffff

----------------
IN: 
0x07fd4dd7:  
OBJD-T: 5589e55653833d504ffd07007515

----------------
IN: 
0x07fd4dfa:  
OBJD-T: a15c4ffd07e84e7003f8

----------------
IN: 
0x0000be52:  
OBJD-T: 5589e583ec08a8017405

----------------
IN: 
0x0000be61:  
OBJD-T: 31c0baf2030000ee

----------------
IN: 
0x0000be69:  
OBJD-T: c9c3

----------------
IN: 
0x07fd4e04:  
OBJD-T: 8b354c4ffd0785f6741e

----------------
IN: 
0x07fd4e0e:  
OBJD-T: a15c4ffd07ff16

----------------
IN: 
0x07ef07ff:  
OBJD-T: 5589e553538b1d54a9ef0785db7423

----------------
IN: 
0x07ef0831:  
OBJD-T: 31c05a5b5dc3

----------------
IN: 
0x07fd4e15:  
OBJD-T: 89c385c0740c

----------------
IN: 
0x07fd4e27:  
OBJD-T: 8b760cebde

----------------
IN: 
0x07fd4e0a:  
OBJD-T: 85f6741e

----------------
IN: 
0x07fd4e2c:  
OBJD-T: a1604ffd07ff15684ffd07

----------------
IN: 
0x07fd4c40:  
OBJD-T: ff20

----------------
IN: 
0x07f18079:  
OBJD-T: 5589e557565383ec5c8d7da4b90800000031c0f3ab

----------------
IN: 
0x07f1808c:  
OBJD-T: f3ab

----------------
IN: 
0x07f1808e:  
OBJD-T: c745a000ff0700c745a802b0ad2ba16896f1078945b88d45ace874f9ffff

----------------
IN: 
0x07f17a20:  
OBJD-T: 5589e557565383ec3c89c7a15896f1078d580383e3fca15096f107c1e0048b15
OBJD-T: 5496f1078db402a4060000e8f3070000

----------------
IN: 
0x07f18243:  
OBJD-T: 5589e583ec1831c08945f48d55f4b81b7ff107e85f390800

----------------
IN: 
0x07f9bbba:  
OBJD-T: 5589e557565383ec5c8945a88955a431c9894dc88b1540c6f90731c031c98d58
OBJD-T: 0185d27408

----------------
IN: 
0x07f9bbe7:  
OBJD-T: 84c97403

----------------
IN: 
0x07f9bbee:  
OBJD-T: 8d55c8b8c3b9f907e8700207f8

----------------
IN: 
0x000090e8:  
OBJD-T: 9cfa8cd850b800688ec0b8e7078ed8b80002509d

----------------
IN: 
0x000090fc:  
OBJD-T: 66b820e80000cd15

----------------
IN: 
0x07f9b9c3:  
OBJD-T: 5589e58b4514ff0031c05dc21000

----------------
IN: 
0x000090e8:  
OBJD-T: 9cfa8cd850b800688ec0b8e7078ed8b80002509d

----------------
IN: 
0x000090fc:  
OBJD-T: 66b820e80000cd15

----------------
IN: 
0x000090e8:  
OBJD-T: 9cfa8cd850b800688ec0b8e7078ed8b80002509d

----------------
IN: 
0x000090fc:  
OBJD-T: 66b820e80000cd15

----------------
IN: 
0x000090e8:  
OBJD-T: 9cfa8cd850b800688ec0b8e7078ed8b80002509d

----------------
IN: 
0x000090fc:  
OBJD-T: 66b820e80000cd15

----------------
IN: 
0x000090e8:  
OBJD-T: 9cfa8cd850b800688ec0b8e7078ed8b80002509d

----------------
IN: 
0x000090fc:  
OBJD-T: 66b820e80000cd15

----------------
IN: 
0x000090e8:  
OBJD-T: 9cfa8cd850b800688ec0b8e7078ed8b80002509d

----------------
IN: 
0x000090fc:  
OBJD-T: 66b820e80000cd15

----------------
IN: 
0x07f9bbfb:  
OBJD-T: ba280000008b45c8e8532307f8

----------------
IN: 
0x07f9bc08:  
OBJD-T: 8945ccba0c000000a110c6f907e8412307f8

----------------
IN: 
0x07f9bc1a:  
OBJD-T: 8945c48b4dcc85c00f94c085c90f94c208d07419

----------------
IN: 
0x07f9bc47:  
OBJD-T: 31ff897dd08b1d40c6f90731d28955b885db7442

----------------
IN: 
0x07f9bc9d:  
OBJD-T: 84c07406

----------------
IN: 
0x07f9bca7:  
OBJD-T: 8d55ccb8c3baf907e8b70107f8

----------------
IN: 
0x000090e8:  
OBJD-T: 9cfa8cd850b800688ec0b800008ed8b80002509d

----------------
IN: 
0x000090fc:  
OBJD-T: 66b820e80000cd15

----------------
IN: 
0x07f9bac3:  
OBJD-T: 5589e557565383ec1c89c689d78b45088b550c8945d88955dc837d10fe7525

----------------
IN: 
0x07f9bb07:  
OBJD-T: 8b45148b188b40048945e46bc8148d140b8932897a0431c08942088b45108942
OBJD-T: 0cc74210000000008d540b148b4dd88b5ddc01f111fb890a895a04c742080100
OBJD-T: 000089420c31c08942108b45e483c0028b7d1489470431c08d65f45b5e5f5dc2
OBJD-T: 1000

----------------
IN: 
0x000090e8:  
OBJD-T: 9cfa8cd850b800688ec0b800008ed8b80002509d

----------------
IN: 
0x000090fc:  
OBJD-T: 66b820e80000cd15

----------------
IN: 
0x000090e8:  
OBJD-T: 9cfa8cd850b800688ec0b800008ed8b80002509d

----------------
IN: 
0x000090fc:  
OBJD-T: 66b820e80000cd15

----------------
IN: 
0x000090e8:  
OBJD-T: 9cfa8cd850b800688ec0b800008ed8b80002509d

----------------
IN: 
0x000090fc:  
OBJD-T: 66b820e80000cd15

----------------
IN: 
0x000090e8:  
OBJD-T: 9cfa8cd850b800688ec0b800008ed8b80002509d

----------------
IN: 
0x000090fc:  
OBJD-T: 66b820e80000cd15

----------------
IN: 
0x000090e8:  
OBJD-T: 9cfa8cd850b800688ec0b800008ed8b80002509d

----------------
IN: 
0x000090fc:  
OBJD-T: 66b820e80000cd15

----------------
IN: 
0x07f9bcb4:  
OBJD-T: 8b45c801c0488945ac8b55cc89d031db31c9894db88b75b83975ac7e65

----------------
IN: 
0x07f9bcd1:  
OBJD-T: 8b7814897dc08b78188b308b4804894db03975c089f91b4db07218

----------------
IN: 
0x07f9bcec:  
OBJD-T: 8b4db039cf753b

----------------
IN: 
0x07f9bcf3:  
OBJD-T: 3975c07536

----------------
IN: 
0x07f9bd2e:  
OBJD-T: ff45b883c014eb93

----------------
IN: 
0x07f9bcc9:  
OBJD-T: 8b75b83975ac7e65

----------------
IN: 
0x07f9bcf8:  
OBJD-T: 83781c007530

----------------
IN: 
0x07f9bcfe:  
OBJD-T: 83780801752a

----------------
IN: 
0x07f9bd04:  
OBJD-T: 8d7dd48d7014b905000000f3a5

----------------
IN: 
0x07f9bd0f:  
OBJD-T: f3a5

----------------
IN: 
0x07f9bd11:  
OBJD-T: 8d7814b90500000089c6f3a5

----------------
IN: 
0x07f9bd1b:  
OBJD-T: f3a5

----------------
IN: 
0x07f9bd1d:  
OBJD-T: 8d75d4b90500000089c7f3a5

----------------
IN: 
0x07f9bd27:  
OBJD-T: f3a5

----------------
IN: 
0x07f9bd29:  
OBJD-T: bb01000000ff45b883c014eb93

----------------
IN: 
0x07f9bd36:  
OBJD-T: 85db7586

----------------
IN: 
0x07f9bcc0:  
OBJD-T: 89d031db31c9894db88b75b83975ac7e65

----------------
IN: 
0x07f9bd3a:  
OBJD-T: 8b328b7a048975b8897dbc8b420c8945c08b45cc8b55c801d239da0f8e320100
OBJD-T: 00

----------------
IN: 
0x07f9bd5b:  
OBJD-T: 6bfb14897dac01f86b50100c8b7dc401fa8b4a0883780800743e

----------------
IN: 
0x07f9bdb3:  
OBJD-T: 85c9750f

----------------
IN: 
0x07f9bdb7:  
OBJD-T: c74208010000008b400c894204eb2c

----------------
IN: 
0x07f9bdf2:  
OBJD-T: a110c6f9074885c07813

----------------
IN: 
0x07f9bdfc:  
OBJD-T: 6bd00c8b7dc4837c17080074ee

----------------
IN: 
0x07f9be09:  
OBJD-T: 8b7c1704eb03

----------------
IN: 
0x07f9be12:  
OBJD-T: 8b45cc83ffff7405

----------------
IN: 
0x07f9be1a:  
OBJD-T: 397dc07468

----------------
IN: 
0x07f9be87:  
OBJD-T: 43e9befeffff

----------------
IN: 
0x07f9bd4b:  
OBJD-T: 8b45cc8b55c801d239da0f8e32010000

----------------
IN: 
0x07f9bdc6:  
OBJD-T: b80c000000e8cc2107f8

----------------
IN: 
0x07f9bdd0:  
OBJD-T: 8b55ac0355cc8b4a0c894804c74008010000006b52100c8b75c401f28b0a8908
OBJD-T: 8902a110c6f9074885c07813

----------------
IN: 
0x07f9bd75:  
OBJD-T: 85c97479

----------------
IN: 
0x07f9bd79:  
OBJD-T: 8b480c394a048b02751c

----------------
IN: 
0x07f9bd83:  
OBJD-T: 85c0740d

----------------
IN: 
0x07f9bd87:  
OBJD-T: b90300000089d789c6f3a5

----------------
IN: 
0x07f9bd90:  
OBJD-T: f3a5

----------------
IN: 
0x07f9bd92:  
OBJD-T: eb18

----------------
IN: 
0x07f9bdac:  
OBJD-T: e8192207f8

----------------
IN: 
0x07f9bdb1:  
OBJD-T: eb3f

----------------
IN: 
0x07f9be1f:  
OBJD-T: 8b75ac8b5430048b04308945b08955b4837dc0fe733c

----------------
IN: 
0x07f9be35:  
OBJD-T: 8b75b08b45b88b55b48b4dbc31f031ca09d07428

----------------
IN: 
0x07f9be49:  
OBJD-T: ff75a4ff75c08b45b08b55b42b45b81b55bc52508b45b88b55bc8b75a8ffd6

----------------
IN: 
0x07f17f1b:  
OBJD-T: 5589e58b4514ff0031c05dc21000

----------------
IN: 
0x07f9be68:  
OBJD-T: 85c07405

----------------
IN: 
0x07f9be71:  
OBJD-T: 8b45cc8b75ac8b5430048b04308945b88955bc897dc043e9befeffff

----------------
IN: 
0x07f9bd94:  
OBJD-T: 31c0894208eb57

----------------
IN: 
0x07f9bdf7:  
OBJD-T: 4885c07813

----------------
IN: 
0x07f9be0f:  
OBJD-T: 83cfff8b45cc83ffff7405

----------------
IN: 
0x07f9be8d:  
OBJD-T: e8382107f8

----------------
IN: 
0x07f9be92:  
OBJD-T: 8b45c4e8302107f8

----------------
IN: 
0x07f9be9a:  
OBJD-T: 31c08d65f45b5e5f5dc3

----------------
IN: 
0x07f1825b:  
OBJD-T: 8b45f4c9c3

----------------
IN: 
0x07f17a50:  
OBJD-T: 89c2a13c96f1070faf054096f10701f001d86bd21801d08b1558a9ef0785d274
OBJD-T: 0f

----------------
IN: 
0x07f17a80:  
OBJD-T: c745bc0b0000003d00000a000f8765020000

----------------
IN: 
0x07f17a92:  
OBJD-T: ba00000a0029c281faffff00000f8652020000

----------------
IN: 
0x07f17aa5:  
OBJD-T: 83ec0c6a006a006a045052b9000001008d55cca16c96f107e819a1f8ff

----------------
IN: 
0x07ea1c25:  
OBJD-T: 83ec0cff33688725ea07689823ea07687905000068a223ea07e8bebb16f8

----------------
IN: 
0x07ea1506:  
OBJD-T: 8b45cca304860100e90ffbffff

----------------
IN: 
0x07ea1022:  
OBJD-T: 8b45c4e8a0cf16f8

----------------
IN: 
0x07ea102a:  
OBJD-T: 8b45bce898cf16f8

----------------
IN: 
0x07ea1032:  
OBJD-T: 8b45b4e890cf16f8

----------------
IN: 
0x07ea103a:  
OBJD-T: 31c0e98b080000

----------------
IN: 
0x07ea18cc:  
OBJD-T: 8d65f45b5e5f5dc21400

----------------
IN: 
0x07ea1cef:  
OBJD-T: 5151ff7508568d4dc88d55c489d8e896f1ffff

----------------
IN: 
0x07ea0eb7:  
OBJD-T: 8b70043b317307

----------------
IN: 
0x07ea0ebe:  
OBJD-T: 3b73047302

----------------
IN: 
0x07ea0ec3:  
OBJD-T: 89318b70108b780c01f7397d087210

----------------
IN: 
0x07ea1d02:  
OBJD-T: 8b4dc88b55c4585851894db0528955b4ff750856689425ea07689823ea076891
OBJD-T: 05000068a223ea07e8d2ba16f8

----------------
IN: 
0x07ea1d2f:  
OBJD-T: 83c4146a016a01ff75e057ff75108b4db08b55b489d8e8a3f1ffff

----------------
IN: 
0x07ea1d4a:  
OBJD-T: 83c40c85c0753c

----------------
IN: 
0x07ea1d51:  
OBJD-T: 8b530c83ec0c6a016a00ff75e0576a0183c9ff89d8e882f1ffff

----------------
IN: 
0x07ea126b:  
OBJD-T: 8b45b8488945b031c031f631ff8b55a08b4da801d18b5dac21cb895d94837d14
OBJD-T: 007458

----------------
IN: 
0x07ea12e6:  
OBJD-T: 837db0ff0f95c1eba8

----------------
IN: 
0x07ea1297:  
OBJD-T: 84c90f8467020000

----------------
IN: 
0x07ea12d3:  
OBJD-T: 84d20f85e2010000

----------------
IN: 
0x07ea12db:  
OBJD-T: 84db0f85ba010000

----------------
IN: 
0x07ea149d:  
OBJD-T: 8b490431c03b4d0c0f8238feffff

----------------
IN: 
0x07ea14ab:  
OBJD-T: 2b4d0c8b45ac21c18b450c01c8e926feffff

----------------
IN: 
0x07ea12e3:  
OBJD-T: ff4db0837db0ff0f95c1eba8

----------------
IN: 
0x07ea14bd:  
OBJD-T: 84db0f851efeffff

----------------
IN: 
0x07ea14c5:  
OBJD-T: 3b450c0f8215feffff

----------------
IN: 
0x07ea14ce:  
OBJD-T: 89c32b5d0c895dc0395da47306

----------------
IN: 
0x07ea14e1:  
OBJD-T: 8b5da8395dc00f82f6fdffff

----------------
IN: 
0x07ea14ed:  
OBJD-T: 8b55c03b51040f82eafdffff

----------------
IN: 
0x07ea14f9:  
OBJD-T: e929feffff

----------------
IN: 
0x07ea15eb:  
OBJD-T: 31d2837dac0f77d8

----------------
IN: 
0x07ea1d6b:  
OBJD-T: 83c40c85c07410

----------------
IN: 
0x07ea1d72:  
OBJD-T: 8b45e08b40043b43047310

----------------
IN: 
0x07ea1d7d:  
OBJD-T: 894304eb0b

----------------
IN: 
0x07ea1d8d:  
OBJD-T: 8d55ccb83a0dea07e8209e0f00

----------------
IN: 
0x000090e8:  
OBJD-T: 9cfa8cd850b800688ec0b807008ed8b80002509d

----------------
IN: 
0x000090fc:  
OBJD-T: 66b820e80000cd15

----------------
IN: 
0x000090e8:  
OBJD-T: 9cfa8cd850b800688ec0b807008ed8b80002509d

----------------
IN: 
0x000090fc:  
OBJD-T: 66b820e80000cd15

----------------
IN: 
0x000090e8:  
OBJD-T: 9cfa8cd850b800688ec0b807008ed8b80002509d

----------------
IN: 
0x000090fc:  
OBJD-T: 66b820e80000cd15

----------------
IN: 
0x000090e8:  
OBJD-T: 9cfa8cd850b800688ec0b807008ed8b80002509d

----------------
IN: 
0x000090fc:  
OBJD-T: 66b820e80000cd15

----------------
IN: 
0x000090e8:  
OBJD-T: 9cfa8cd850b800688ec0b807008ed8b80002509d

----------------
IN: 
0x000090fc:  
OBJD-T: 66b820e80000cd15

----------------
IN: 
0x000090e8:  
OBJD-T: 9cfa8cd850b800688ec0b807008ed8b80002509d

----------------
IN: 
0x000090fc:  
OBJD-T: 66b820e80000cd15

----------------
IN: 
0x000090e8:  
OBJD-T: 9cfa8cd850b800688ec0b800008ed8b80002509d

----------------
IN: 
0x000090fc:  
OBJD-T: 66b820e80000cd15

----------------
IN: 
0x000090e8:  
OBJD-T: 9cfa8cd850b800688ec0b800008ed8b80002509d

----------------
IN: 
0x000090fc:  
OBJD-T: 66b820e80000cd15

----------------
IN: 
0x000090e8:  
OBJD-T: 9cfa8cd850b800688ec0b800008ed8b80002509d

----------------
IN: 
0x000090fc:  
OBJD-T: 66b820e80000cd15

----------------
IN: 
0x000090e8:  
OBJD-T: 9cfa8cd850b800688ec0b800008ed8b80002509d

----------------
IN: 
0x000090fc:  
OBJD-T: 66b820e80000cd15

----------------
IN: 
0x000090e8:  
OBJD-T: 9cfa8cd850b800688ec0b800008ed8b80002509d

----------------
IN: 
0x000090fc:  
OBJD-T: 66b820e80000cd15

----------------
IN: 
0x000090e8:  
OBJD-T: 9cfa8cd850b800688ec0b800008ed8b80002509d

----------------
IN: 
0x000090fc:  
OBJD-T: 66b820e80000cd15

----------------
IN: 
0x07ea0d3a:  
OBJD-T: 5589e557565383ec2c8945e08955e48b45088b550c8945c88955cc8b7514837d
OBJD-T: 10010f852a010000

----------------
IN: 
0x07ea0d62:  
OBJD-T: 8b460c8945e88b4de831db89c831d2f7d819da8945d88955dc8b45e08b55e483
OBJD-T: c0ff83d2ff01c111d3234dd8235ddc8b168955d031c08945d439d189d81b45d4
OBJD-T: 730f

----------------
IN: 
0x07ea0da4:  
OBJD-T: 8b45e88d5410fff7d821d089c131db8b460831d28945d08955d48b45e08b55e4
OBJD-T: 0345c81355cc8945e08955e48b45d08b55d401c811da3945e08b7de419d70f82
OBJD-T: a4000000

----------------
IN: 
0x07ea0de8:  
OBJD-T: 8b56048b7de8f7df21d7897de831c08945ec39cf8b45ec19d80f8285000000

----------------
IN: 
0x07ea0e07:  
OBJD-T: 8b46108945e883f8027529

----------------
IN: 
0x07ea0e3b:  
OBJD-T: 8b46188945e085c0741c

----------------
IN: 
0x07ea0e61:  
OBJD-T: 8b7e14894f0c837de00075de

----------------
IN: 
0x07ea0e6d:  
OBJD-T: 8b461489480ceb10

----------------
IN: 
0x07ea0e85:  
OBJD-T: c746180100000031c083c42c5b5e5f5dc21000

----------------
IN: 
0x07ea0e8c:  
OBJD-T: 31c083c42c5b5e5f5dc21000

----------------
IN: 
0x07ea0db3:  
OBJD-T: 8b460831d28945d08955d48b45e08b55e40345c81355cc8945e08955e48b45d0
OBJD-T: 8b55d401c811da3945e08b7de419d70f82a4000000

----------------
IN: 
0x07ea1d9a:  
OBJD-T: 837de4007516

----------------
IN: 
0x07ea1db6:  
OBJD-T: 8b038945ac8b45e08945b48b4510f7d88945b08b4510488945a48b55ac85d274
OBJD-T: 3f

----------------
IN: 
0x07ea1dd7:  
OBJD-T: 8b420c8b75b48b4e0c39c1720d

----------------
IN: 
0x07ea1df1:  
OBJD-T: 01f939c8731b

----------------
IN: 
0x07ea1e12:  
OBJD-T: 8b12ebbd

----------------
IN: 
0x07ea1dd3:  
OBJD-T: 85d2743f

----------------
IN: 
0x07ea1e16:  
OBJD-T: 83ec0cff7310685d25ea07689823ea0768c905000068a223ea07e8ccb916f8

----------------
IN: 
0x07ea1e35:  
OBJD-T: 8b45e08b50048b480c83c42039ca730a

----------------
IN: 
0x07ea1e4f:  
OBJD-T: 8b431039d17309

----------------
IN: 
0x07ea1e56:  
OBJD-T: 03058826ea0789431083ec0cff7310685d25ea07689823ea0768d105000068a2
OBJD-T: 23ea07e883b916f8

----------------
IN: 
0x07ea1e7e:  
OBJD-T: 8b45e08978108b138910890383c4185250687225ea07689823ea0768d7050000
OBJD-T: 68a223ea07e859b916f8

----------------
IN: 
0x07ea1ea8:  
OBJD-T: 8b45e08b500489500883c4208b7da8890731c08d65f45b5e5f5dc21400

----------------
IN: 
0x07f17ac2:  
OBJD-T: 8945bc83c40c85c00f8527020000

----------------
IN: 
0x07f17ad0:  
OBJD-T: 8b45cce8fe9df8ff

----------------
IN: 
0x07f17ad8:  
OBJD-T: 89c38b45cce8f89df8ff

----------------
IN: 
0x07f17ae2:  
OBJD-T: 89078d7b788d7078b97800000031d289d8e8944d0ff8

----------------
IN: 
0x07f17af8:  
OBJD-T: 8b0d5896f1078b154c96f10789f8e8824b0ff8

----------------
IN: 
0x07f17b0b:  
OBJD-T: 830b04897310a15896f10783c00383e0fc01c701c6b915000000bad091f10789
OBJD-T: f8e85c4b0ff8

----------------
IN: 
0x07f17b31:  
OBJD-T: 810b000200008973408d45d0e8be670700

----------------
IN: 
0x07f8e300:  
OBJD-T: 5589e55383ec2489c3c745d80053000031c9894de466c745e000028d55d8b815
OBJD-T: 000000e874ad07f8

----------------
IN: 
0x000090e8:  
OBJD-T: 9cfa8cd850b818fe8ec0b807008ed8b80002509d

----------------
IN: 
0x000090fc:  
OBJD-T: 66b800530000cd15

----------------
IN: 
0x000fbd5a:  
OBJD-T: 3c530f84cb00

----------------
IN: 
0x000fbe2b:  
OBJD-T: 6689d86683c408665b665e665f665de962fa

----------------
IN: 
0x000fb89f:  
OBJD-T: 66536689c3678a501c80fa070f84d200

----------------
IN: 
0x000fb8af:  
OBJD-T: 773e

----------------
IN: 
0x000fb8b1:  
OBJD-T: 80fa030f849d00

----------------
IN: 
0x000fb8b8:  
OBJD-T: 7725

----------------
IN: 
0x000fb8ba:  
OBJD-T: 80fa010f840701

----------------
IN: 
0x000fb8c1:  
OBJD-T: 80fa02678b40247466

----------------
IN: 
0x000fb8ca:  
OBJD-T: 67c7431c020167c743104d5067c743180300e91601

----------------
IN: 
0x000fb9f5:  
OBJD-T: 6683e0feeb04

----------------
IN: 
0x000fb9ff:  
OBJD-T: 67894324665b66c3

----------------
IN: 
0x07f8e328:  
OBJD-T: f645e0017407

----------------
IN: 
0x07f8e335:  
OBJD-T: 8b45d8668943148b45e86689430cc745d80453000031c08945e466c745e00002
OBJD-T: 8d55d8b815000000e83aad07f8

----------------
IN: 
0x000090e8:  
OBJD-T: 9cfa8cd850b818fe8ec0b807008ed8b80002509d

----------------
IN: 
0x000090fc:  
OBJD-T: 66b804530000cd15

----------------
IN: 
0x000fb8df:  
OBJD-T: 80fa050f85e200

----------------
IN: 
0x000fb9c8:  
OBJD-T: 678b4324eb27

----------------
IN: 
0x07f8e362:  
OBJD-T: c745d80353000031d28955e466c745e000028d55d8b815000000e81bad07f8

----------------
IN: 
0x000090e8:  
OBJD-T: 9cfa8cd850b818fe8ec0b807008ed8b80002509d

----------------
IN: 
0x000090fc:  
OBJD-T: 66b803530000cd15

----------------
IN: 
0x000fb955:  
OBJD-T: 67c7401c00f06766c74010a7d1000067c7401800f06766c74008f0fff0ff67c7
OBJD-T: 401400f067c74004f0ffeb47

----------------
IN: 
0x07f8e381:  
OBJD-T: f645e00175a7

----------------
IN: 
0x07f8e387:  
OBJD-T: 8b45d86689038b45e48943048b45e8668943088b45f46689430a8b45f089c2c1
OBJD-T: ea106689530e668943108b45ec66894312b80100000083c4245b5dc3

----------------
IN: 
0x07f17b42:  
OBJD-T: 85c0750b

----------------
IN: 
0x07f17b51:  
OBJD-T: 8b45d06689471a8b45d489471c8b45d88947208b45dc8947248b45e08947288b
OBJD-T: 45e4668947188d472c8945c483c62ca15096f10785c07467

----------------
IN: 
0x07f17b89:  
OBJD-T: 830b08897318894314c1e00401c68b3d6096f1078b4dc4894dc001c88945c431
OBJD-T: c9894db88b45b83b055096f1077340

----------------
IN: 
0x07f17bb8:  
OBJD-T: 8b47048b4dc089010347088941048971088b4f108b570c8b45c4e8b64a0ff8

----------------
IN: 
0x07f17bd7:  
OBJD-T: 8b471083c00383e0fc0145c401c6ff45b88b3f8345c010ebbd

----------------
IN: 
0x07f17bad:  
OBJD-T: 8b45b83b055096f1077340

----------------
IN: 
0x07f17bf8:  
OBJD-T: e846060000

----------------
IN: 
0x000090e8:  
OBJD-T: 9cfa8cd850b800688ec0b800008ed8b80002509d

----------------
IN: 
0x000090fc:  
OBJD-T: 66b820e80000cd15

----------------
IN: 
0x000090e8:  
OBJD-T: 9cfa8cd850b800688ec0b800008ed8b80002509d

----------------
IN: 
0x000090fc:  
OBJD-T: 66b820e80000cd15

----------------
IN: 
0x000090e8:  
OBJD-T: 9cfa8cd850b800688ec0b800008ed8b80002509d

----------------
IN: 
0x000090fc:  
OBJD-T: 66b820e80000cd15

----------------
IN: 
0x000090e8:  
OBJD-T: 9cfa8cd850b800688ec0b800008ed8b80002509d

----------------
IN: 
0x000090fc:  
OBJD-T: 66b820e80000cd15

----------------
IN: 
0x000090e8:  
OBJD-T: 9cfa8cd850b800688ec0b800008ed8b80002509d

----------------
IN: 
0x000090fc:  
OBJD-T: 66b820e80000cd15

----------------
IN: 
0x000090e8:  
OBJD-T: 9cfa8cd850b800688ec0b800008ed8b80002509d

----------------
IN: 
0x000090fc:  
OBJD-T: 66b820e80000cd15

----------------
IN: 
0x000090e8:  
OBJD-T: 9cfa8cd850b800688ec0b800008ed8b80002509d

----------------
IN: 
0x000090fc:  
OBJD-T: 66b820e80000cd15

----------------
IN: 
0x000090e8:  
OBJD-T: 9cfa8cd850b800688ec0b800008ed8b80002509d

----------------
IN: 
0x000090fc:  
OBJD-T: 66b820e80000cd15

----------------
IN: 
0x000090e8:  
OBJD-T: 9cfa8cd850b800688ec0b800008ed8b80002509d

----------------
IN: 
0x000090fc:  
OBJD-T: 66b820e80000cd15

----------------
IN: 
0x000090e8:  
OBJD-T: 9cfa8cd850b800688ec0b800008ed8b80002509d

----------------
IN: 
0x000090fc:  
OBJD-T: 66b820e80000cd15

----------------
IN: 
0x000090e8:  
OBJD-T: 9cfa8cd850b800688ec0b800008ed8b80002509d

----------------
IN: 
0x000090fc:  
OBJD-T: 66b820e80000cd15

----------------
IN: 
0x000090e8:  
OBJD-T: 9cfa8cd850b800688ec0b800008ed8b80002509d

----------------
IN: 
0x000090fc:  
OBJD-T: 66b820e80000cd15

----------------
IN: 
0x07f17bfd:  
OBJD-T: 6bf8188b45c48945d08d55d0b8d074f107e8a73f0800

----------------
IN: 
0x000090e8:  
OBJD-T: 9cfa8cd850b800688ec0b800008ed8b80002509d

----------------
IN: 
0x000090fc:  
OBJD-T: 66b820e80000cd15

----------------
IN: 
0x000090e8:  
OBJD-T: 9cfa8cd850b800688ec0b800008ed8b80002509d

----------------
IN: 
0x000090fc:  
OBJD-T: 66b820e80000cd15

----------------
IN: 
0x000090e8:  
OBJD-T: 9cfa8cd850b800688ec0b800008ed8b80002509d

----------------
IN: 
0x000090fc:  
OBJD-T: 66b820e80000cd15

----------------
IN: 
0x000090e8:  
OBJD-T: 9cfa8cd850b800688ec0b800008ed8b80002509d

----------------
IN: 
0x000090fc:  
OBJD-T: 66b820e80000cd15

----------------
IN: 
0x000090e8:  
OBJD-T: 9cfa8cd850b800688ec0b800008ed8b80002509d

----------------
IN: 
0x000090fc:  
OBJD-T: 66b820e80000cd15

----------------
IN: 
0x000090e8:  
OBJD-T: 9cfa8cd850b800688ec0b800008ed8b80002509d

----------------
IN: 
0x000090fc:  
OBJD-T: 66b820e80000cd15

----------------
IN: 
0x000090e8:  
OBJD-T: 9cfa8cd850b800688ec0b800008ed8b80002509d

----------------
IN: 
0x000090fc:  
OBJD-T: 66b820e80000cd15

----------------
IN: 
0x000090e8:  
OBJD-T: 9cfa8cd850b800688ec0b800008ed8b80002509d

----------------
IN: 
0x000090fc:  
OBJD-T: 66b820e80000cd15

----------------
IN: 
0x000090e8:  
OBJD-T: 9cfa8cd850b800688ec0b800008ed8b80002509d

----------------
IN: 
0x000090fc:  
OBJD-T: 66b820e80000cd15

----------------
IN: 
0x000090e8:  
OBJD-T: 9cfa8cd850b800688ec0b800008ed8b80002509d

----------------
IN: 
0x000090fc:  
OBJD-T: 66b820e80000cd15

----------------
IN: 
0x000090e8:  
OBJD-T: 9cfa8cd850b800688ec0b800008ed8b80002509d

----------------
IN: 
0x000090fc:  
OBJD-T: 66b820e80000cd15

----------------
IN: 
0x000090e8:  
OBJD-T: 9cfa8cd850b800688ec0b800008ed8b80002509d

----------------
IN: 
0x000090fc:  
OBJD-T: 66b820e80000cd15

----------------
IN: 
0x07f174d0:  
OBJD-T: 5589e5538b5d148b0b8941048951088b45088b550c89410c8951108b45108941
OBJD-T: 14c7011400000083c118890b31c05b5dc21000

----------------
IN: 
0x07f17c13:  
OBJD-T: 897b2c897330830b408b45c401f88945c401fee8113d0800

----------------
IN: 
0x07f9b93c:  
OBJD-T: 5589e583ec1831d28955f08955f48d55f0b887b8f907e863020000

----------------
IN: 
0x000090e8:  
OBJD-T: 9cfa8cd850b800688ec0b800008ed8b80002509d

----------------
IN: 
0x000090fc:  
OBJD-T: 66b820e80000cd15

----------------
IN: 
0x000090e8:  
OBJD-T: 9cfa8cd850b800688ec0b800008ed8b80002509d

----------------
IN: 
0x000090fc:  
OBJD-T: 66b820e80000cd15

----------------
IN: 
0x000090e8:  
OBJD-T: 9cfa8cd850b800688ec0b800008ed8b80002509d

----------------
IN: 
0x000090fc:  
OBJD-T: 66b820e80000cd15

----------------
IN: 
0x000090e8:  
OBJD-T: 9cfa8cd850b800688ec0b800008ed8b80002509d

----------------
IN: 
0x000090fc:  
OBJD-T: 66b820e80000cd15

----------------
IN: 
0x000090e8:  
OBJD-T: 9cfa8cd850b800688ec0b800008ed8b80002509d

----------------
IN: 
0x000090fc:  
OBJD-T: 66b820e80000cd15

----------------
IN: 
0x000090e8:  
OBJD-T: 9cfa8cd850b800688ec0b800008ed8b80002509d

----------------
IN: 
0x000090fc:  
OBJD-T: 66b820e80000cd15

----------------
IN: 
0x000090e8:  
OBJD-T: 9cfa8cd850b800688ec0b800008ed8b80002509d

----------------
IN: 
0x000090fc:  
OBJD-T: 66b820e80000cd15

----------------
IN: 
0x000090e8:  
OBJD-T: 9cfa8cd850b800688ec0b800008ed8b80002509d

----------------
IN: 
0x000090fc:  
OBJD-T: 66b820e80000cd15

----------------
IN: 
0x000090e8:  
OBJD-T: 9cfa8cd850b800688ec0b800008ed8b80002509d

----------------
IN: 
0x000090fc:  
OBJD-T: 66b820e80000cd15

----------------
IN: 
0x000090e8:  
OBJD-T: 9cfa8cd850b800688ec0b800008ed8b80002509d

----------------
IN: 
0x000090fc:  
OBJD-T: 66b820e80000cd15

----------------
IN: 
0x000090e8:  
OBJD-T: 9cfa8cd850b800688ec0b800008ed8b80002509d

----------------
IN: 
0x000090fc:  
OBJD-T: 66b820e80000cd15

----------------
IN: 
0x000090e8:  
OBJD-T: 9cfa8cd850b800688ec0b800008ed8b80002509d

----------------
IN: 
0x000090fc:  
OBJD-T: 66b820e80000cd15

----------------
IN: 
0x07f9b887:  
OBJD-T: 5589e5538b4d088b5d0c09d0750e

----------------
IN: 
0x07f9b895:  
OBJD-T: 837d10017508

----------------
IN: 
0x07f9b89b:  
OBJD-T: 8b4514890889580431c05b5dc21000

----------------
IN: 
0x07f9b8a3:  
OBJD-T: 31c05b5dc21000

----------------
IN: 
0x07f9b957:  
OBJD-T: b8000010003b45f0b8000000001b45f4730c

----------------
IN: 
0x07f9b975:  
OBJD-T: 8b45f08b55f4c9c3

----------------
IN: 
0x07f17c2b:  
OBJD-T: 0facd00ac1ea0a894304e8433d0800

----------------
IN: 
0x07f9b97d:  
OBJD-T: 5589e583ec1831c08945f08945f48d55f0b8aab8f907e822020000

----------------
IN: 
0x000090e8:  
OBJD-T: 9cfa8cd850b800688ec0b800008ed8b80002509d

----------------
IN: 
0x000090fc:  
OBJD-T: 66b820e80000cd15

----------------
IN: 
0x000090e8:  
OBJD-T: 9cfa8cd850b800688ec0b800008ed8b80002509d

----------------
IN: 
0x000090fc:  
OBJD-T: 66b820e80000cd15

----------------
IN: 
0x000090e8:  
OBJD-T: 9cfa8cd850b800688ec0b800008ed8b80002509d

----------------
IN: 
0x000090fc:  
OBJD-T: 66b820e80000cd15

----------------
IN: 
0x000090e8:  
OBJD-T: 9cfa8cd850b800688ec0b800008ed8b80002509d

----------------
IN: 
0x000090fc:  
OBJD-T: 66b820e80000cd15

----------------
IN: 
0x000090e8:  
OBJD-T: 9cfa8cd850b800688ec0b800008ed8b80002509d

----------------
IN: 
0x000090fc:  
OBJD-T: 66b820e80000cd15

----------------
IN: 
0x000090e8:  
OBJD-T: 9cfa8cd850b800688ec0b800008ed8b80002509d

----------------
IN: 
0x000090fc:  
OBJD-T: 66b820e80000cd15

----------------
IN: 
0x000090e8:  
OBJD-T: 9cfa8cd850b800688ec0b800008ed8b80002509d

----------------
IN: 
0x000090fc:  
OBJD-T: 66b820e80000cd15

----------------
IN: 
0x000090e8:  
OBJD-T: 9cfa8cd850b800688ec0b800008ed8b80002509d

----------------
IN: 
0x000090fc:  
OBJD-T: 66b820e80000cd15

----------------
IN: 
0x000090e8:  
OBJD-T: 9cfa8cd850b800688ec0b800008ed8b80002509d

----------------
IN: 
0x000090fc:  
OBJD-T: 66b820e80000cd15

----------------
IN: 
0x000090e8:  
OBJD-T: 9cfa8cd850b800688ec0b800008ed8b80002509d

----------------
IN: 
0x000090fc:  
OBJD-T: 66b820e80000cd15

----------------
IN: 
0x000090e8:  
OBJD-T: 9cfa8cd850b800688ec0b800008ed8b80002509d

----------------
IN: 
0x000090fc:  
OBJD-T: 66b820e80000cd15

----------------
IN: 
0x000090e8:  
OBJD-T: 9cfa8cd850b800688ec0b800008ed8b80002509d

----------------
IN: 
0x000090fc:  
OBJD-T: 66b820e80000cd15

----------------
IN: 
0x07f9b8aa:  
OBJD-T: 5589e55756538b75088b7d0c837d1001752e

----------------
IN: 
0x07f9b8bc:  
OBJD-T: 31c9bb0000100039c389cb19d3721f

----------------
IN: 
0x07f9b8cb:  
OBJD-T: 01f011fabf0000100039c719d17310

----------------
IN: 
0x07f9b8ea:  
OBJD-T: 31c05b5e5f5dc21000

----------------
IN: 
0x07f9b8da:  
OBJD-T: 050000f0ff83d2ff8b4d14890189510431c05b5e5f5dc21000

----------------
IN: 
0x07f9b998:  
OBJD-T: 8b45f08b55f4c9c3

----------------
IN: 
0x07f17c3a:  
OBJD-T: 0facd00ac1ea0a8943088b0389c283ca018913833d4496f10700740e

----------------
IN: 
0x07f17c56:  
OBJD-T: 8b154896f10789530c83c80389038b3d58a9ef0785ff7426

----------------
IN: 
0x07f17c94:  
OBJD-T: 8b0d4096f10785c9743d

----------------
IN: 
0x07f17c9e:  
OBJD-T: 8973240faf0d3c96f1078b153496f1078b45c4e8d7490ff8

----------------
IN: 
0x07f17cb6:  
OBJD-T: a14096f10789431c8b153c96f1078953208b0d3896f107894b28830b200fafc2
OBJD-T: 0145c401c689f18b55c489d8e84cf9ffff

----------------
IN: 
0x07f17633:  
OBJD-T: 5589e557565381ec6c04000089c3899594fbffff89cee8120c0000

----------------
IN: 
0x07f18260:  
OBJD-T: 833d8496f107007459

----------------
IN: 
0x07f182c2:  
OBJD-T: 31c931d2b87792f107e97a44f6ff

----------------
IN: 
0x07e7c74a:  
OBJD-T: 5589e557565383ec7c89d789cb8b15b0cbe70785d2740a

----------------
IN: 
0x07e7c76b:  
OBJD-T: e8ab0219f8

----------------
IN: 
0x07e7c770:  
OBJD-T: 8945948b354079010085c00f846a030000

----------------
IN: 
0x07e7c781:  
OBJD-T: 21fb895d90b905000000ba42cbe7078b4594e858ff18f8

----------------
IN: 
0x07e7c798:  
OBJD-T: 85c0750b

----------------
IN: 
0x07e7c7a7:  
OBJD-T: b905000000ba47cbe7078b4594e837ff18f8

----------------
IN: 
0x07e7c7b9:  
OBJD-T: 85c074df

----------------
IN: 
0x07e7c7bd:  
OBJD-T: b905000000ba4dcbe7078b4594e821ff18f8

----------------
IN: 
0x07e7c7cf:  
OBJD-T: 85c074c9

----------------
IN: 
0x07e7c7d3:  
OBJD-T: 8b7594eb68

----------------
IN: 
0x07e7c840:  
OBJD-T: a1b0cbe70785c07456

----------------
IN: 
0x07e7c89f:  
OBJD-T: 89f08a1084d27411

----------------
IN: 
0x07e7c8a7:  
OBJD-T: 80fa2c8d48017410

----------------
IN: 
0x07e7c8af:  
OBJD-T: 80fa3b740b

----------------
IN: 
0x07e7c8b4:  
OBJD-T: 89c8ebe9

----------------
IN: 
0x07e7c8a1:  
OBJD-T: 8a1084d27411

----------------
IN: 
0x07e7c8b8:  
OBJD-T: 31db895d80eb06

----------------
IN: 
0x07e7c8c5:  
OBJD-T: 0fbe06e8d1fe18f8

----------------
IN: 
0x07e7c8cd:  
OBJD-T: 85c07494

----------------
IN: 
0x07e7c865:  
OBJD-T: ba70cbe70789f0e8a6fe18f8

----------------
IN: 
0x07e7c871:  
OBJD-T: 85c0756c

----------------
IN: 
0x07e7c875:  
OBJD-T: b94c00000031d28d459ce8080019f8

----------------
IN: 
0x07e7c884:  
OBJD-T: f7c7400000007448

----------------
IN: 
0x07e7c8d4:  
OBJD-T: 31c9890db0cbe707e932ffffff

----------------
IN: 
0x07e7c813:  
OBJD-T: 8b4594e8af1719f8

----------------
IN: 
0x07e7c81b:  
OBJD-T: 31f6e9c9020000

----------------
IN: 
0x07e7caeb:  
OBJD-T: 89f08d65f45b5e5f5dc3

----------------
IN: 
0x07f1764e:  
OBJD-T: 85c0740d

----------------
IN: 
0x07f1765f:  
OBJD-T: 8d8de8fbffffba0001000031c0e8974cf6ff

----------------
IN: 
0x07e7c308:  
OBJD-T: 5589e553538b1db0cbe70785db7513

----------------
IN: 
0x07e7c317:  
OBJD-T: 505068f5cae7076a0de821ee18f8

----------------
IN: 
0x0000b146:  
OBJD-T: 5589e553508b4508a3407901008d5d108b450cff156c070100

----------------
IN: 
0x0000c67a:  
OBJD-T: c3

----------------
IN: 
0x0000b15f:  
OBJD-T: 89c183ec0c53ba00010000b840780100e81b270000

----------------
IN: 
0x0000b174:  
OBJD-T: 8b45088b5dfcc9c3

----------------
IN: 
0x07e7c325:  
OBJD-T: 83c410eb03

----------------
IN: 
0x07e7c32d:  
OBJD-T: 8b5dfcc9c3

----------------
IN: 
0x07f17671:  
OBJD-T: e8e44af6ff

----------------
IN: 
0x07e7c15a:  
OBJD-T: 8b15b0cbe70731c085d27403

----------------
IN: 
0x07e7c169:  
OBJD-T: c3

----------------
IN: 
0x07f17676:  
OBJD-T: 89858cfbffff85c0750a

----------------
IN: 
0x07f17680:  
OBJD-T: 83ec0c6a01e90a010000

----------------
IN: 
0x07f17794:  
OBJD-T: 89f18b9594fbffff89d8e860fdffff

----------------
IN: 
0x07f17503:  
OBJD-T: 5589e557565383ec1c89c389d689cfb8008006008945e4e8ca1bf6ff

----------------
IN: 
0x07e790e9:  
OBJD-T: 5589e583ec2889c2c1ea046681e200f0668955dc25ffff00008945ecc745d800
OBJD-T: 4f000066c745e000028d55d8b810000000e87dff18f8

----------------
IN: 
0x000090e8:  
OBJD-T: 9cfa8cd850b800608ec0b800008ed8b80002509d

----------------
IN: 
0x000090fc:  
OBJD-T: 66b8004f0000cd10

----------------
IN: 
0x000c4940:  
OBJD-T: 3c1b0f84e20a

----------------
IN: 
0x000c4946:  
OBJD-T: 770f

----------------
IN: 
0x000c4957:  
OBJD-T: 3c1c0f848b0b

----------------
IN: 
0x000c495d:  
OBJD-T: 3c4f0f85d00b

----------------
IN: 
0x000c4963:  
OBJD-T: 6689d88d66f4665b665e665f665de956f5

----------------
IN: 
0x000c3eca:  
OBJD-T: 66556689e56657665666536683ec1467668945f0678a401c678845ef3c060f84
OBJD-T: e105

----------------
IN: 
0x000c3eec:  
OBJD-T: 7721

----------------
IN: 
0x000c3eee:  
OBJD-T: 3c030f844305

----------------
IN: 
0x000c3ef4:  
OBJD-T: 770d

----------------
IN: 
0x000c3ef6:  
OBJD-T: 3c010f848e01

----------------
IN: 
0x000c3efc:  
OBJD-T: 3c027544

----------------
IN: 
0x000c3f44:  
OBJD-T: 67668b45f0678b700267660fb750048ec666b9000100006689d76631c0f3aa

----------------
IN: 
0x000c3f61:  
OBJD-T: f3aa

----------------
IN: 
0x000c3f63:  
OBJD-T: 8ec666b856455341266766890266b80003000026678942048cc966c1e11066b8
OBJD-T: ab580000660fb7c06609c82667668942062e66a1287226676689420a6689d09c
OBJD-T: 6683c0229d

----------------
IN: 
0x000c3fa8:  
OBJD-T: 6689f766c1e710660fb7d86609fb266766895a0e2e668b1e2c7266c1eb102667
OBJD-T: 895a1266bbbf580000660fb7db6609cb266766895a1666bbd2580000660fb7db
OBJD-T: 6609cb266766895a1a66bbe6580000660fb7db6609d9

----------------
IN: 
0x000c3ffe:  
OBJD-T: 266766894a1e

----------------
IN: 
0x000c4004:  
OBJD-T: 6681c2fe0000002e668b0ea45a2e668b1ea05a6685db7434

----------------
IN: 
0x000c401c:  
OBJD-T: 666bc90e6681c1c05a000066bbc05a00006639cb731e

----------------
IN: 
0x000c4032:  
OBJD-T: 6639d07319

----------------
IN: 
0x000c4037:  
OBJD-T: 2e678b3b83ffff740a

----------------
IN: 
0x000c4040:  
OBJD-T: 8ec6266789386683c0026683c30eebdd

----------------
IN: 
0x000c402d:  
OBJD-T: 6639cb731e

----------------
IN: 
0x000c404a:  
OBJD-T: 6683c30eebdd

----------------
IN: 
0x000c4050:  
OBJD-T: 6631c96639d07325

----------------
IN: 
0x000c4058:  
OBJD-T: 6683f910741f

----------------
IN: 
0x000c405e:  
OBJD-T: 666bd92c2e678b9bc066000083fbff740a

----------------
IN: 
0x000c406f:  
OBJD-T: 8ec6266789186683c0026641ebd6

----------------
IN: 
0x000c4053:  
OBJD-T: 6639d07325

----------------
IN: 
0x000c407d:  
OBJD-T: 8ec66683caff26678910e9d603

----------------
IN: 
0x000c4460:  
OBJD-T: 67668b45f0e9b102

----------------
IN: 
0x000c4719:  
OBJD-T: 67c7401c4f00e93901

----------------
IN: 
0x000c485b:  
OBJD-T: 8d66f4665b665e665f665dc20200

----------------
IN: 
0x07e7911f:  
OBJD-T: 0fb745d8c9c3

----------------
IN: 
0x07f1751f:  
OBJD-T: 83f84f740c

----------------
IN: 
0x07f17530:  
OBJD-T: 897b48b9000200008b55e489f0e84b510ff8

----------------
IN: 
0x07f17542:  
OBJD-T: 8b45e4e81a1cf6ff

----------------
IN: 
0x07e79164:  
OBJD-T: 5589e55383ec2489c3c745d8034f000066c745e000028d55d8b810000000e815
OBJD-T: ff18f8

----------------
IN: 
0x000090e8:  
OBJD-T: 9cfa8cd850b800608ec0b800008ed8b80002509d

----------------
IN: 
0x000090fc:  
OBJD-T: 66b8034f0000cd10

----------------
IN: 
0x000c4437:  
OBJD-T: 66b8400000008ec026a1ba0067668b7df067894710660fb7c066506668315900
OBJD-T: 0050e8dbe0

----------------
IN: 
0x000c445c:  
OBJD-T: 6658665a67668b45f0e9b102

----------------
IN: 
0x07e79187:  
OBJD-T: 0fb745e489030fb745d883c4245b5dc3

----------------
IN: 
0x07f1754a:  
OBJD-T: 89c28b45e48b0083fa4f7409

----------------
IN: 
0x07f1755f:  
OBJD-T: 8d8e00020000894de06689435081c700020000897b4c83f8037522

----------------
IN: 
0x07f1757a:  
OBJD-T: b90001000031d28b45e0e803530ff8

----------------
IN: 
0x07f17589:  
OBJD-T: c6861b02000000c7861202000050001900eb30

----------------
IN: 
0x07f175cc:  
OBJD-T: 8d4b568d53548d4352e8211df6ff

----------------
IN: 
0x07e792fb:  
OBJD-T: 5589e557565383ec2c89c789d689cbc745c80a4f000031c08945d466c745d000
OBJD-T: 028d55c8b810000000e873fd18f8

----------------
IN: 
0x000090e8:  
OBJD-T: 9cfa8cd850b8ffff8ec0b8ffff8ed8b80002509d

----------------
IN: 
0x000090fc:  
OBJD-T: 66b80a4f0000cd10

----------------
IN: 
0x000c3f0f:  
OBJD-T: 67807def0a0f840a08

----------------
IN: 
0x000c4722:  
OBJD-T: 66b9005a000066ba7c010000e9f300

----------------
IN: 
0x000c4824:  
OBJD-T: 67668b45f050e89be0

----------------
IN: 
0x000c28c8:  
OBJD-T: 66556689e56683ec0467668945fc6652665166683457000050e853fc

----------------
IN: 
0x000c28e4:  
OBJD-T: 6683c40c67668b45fc6689ec665de930ff

----------------
IN: 
0x000c482d:  
OBJD-T: 67668b45f067c7401c0001eb21

----------------
IN: 
0x07e79329:  
OBJD-T: 0fb745c88b55cc6689178b55dc6689168b55d866891383c42c5b5e5f5dc3

----------------
IN: 
0x07f175da:  
OBJD-T: 8b0389c280ce088913837d08007409

----------------
IN: 
0x07f175e9:  
OBJD-T: 80be1b020000007404

----------------
IN: 
0x07f175f6:  
OBJD-T: c7435800800b0031d289535c0fb796120200008d0c12894b608953640fb79614
OBJD-T: 02000089536866c7436c100280cc188903ebc9

----------------
IN: 
0x07f175f2:  
OBJD-T: 31c0eb33

----------------
IN: 
0x07f17629:  
OBJD-T: 8d65f45b5e5f5dc20400

----------------
IN: 
0x07f177a3:  
OBJD-T: 83c40c8d65f45b5e5f5dc3

----------------
IN: 
0x07f17ce7:  
OBJD-T: 85c0740c

----------------
IN: 
0x07f17cf7:  
OBJD-T: 8b45bc8d65f45b5e5f5dc3

----------------
IN: 
0x07f180ac:  
OBJD-T: 89c385c0752c

----------------
IN: 
0x07f180b2:  
OBJD-T: 8d75a08d7dc4b909000000f3a5

----------------
IN: 
0x07f180bd:  
OBJD-T: f3a5

----------------
IN: 
0x07f180bf:  
OBJD-T: 50506a0083ec248d75c4b90900000089e7f3a5

----------------
IN: 
0x07f180d0:  
OBJD-T: f3a5

----------------
IN: 
0x07f180d2:  
OBJD-T: a16c96f107e82483f8ff

----------------
IN: 
0x07ea0400:  
OBJD-T: 5589e5565383ec20bbc009ea0781ebf008ea0781fb00a009000f87c8000000

----------------
IN: 
0x07ea041f:  
OBJD-T: 89c6ba00a0090029dab80b00000081faff0f00000f86b3000000

----------------
IN: 
0x07ea0439:  
OBJD-T: 83ec0cff752c6a016a105352b9001000008d55f489f0e887170000

----------------
IN: 
0x000090e8:  
OBJD-T: 9cfa8cd850b800688ec0b800008ed8b80002509d

----------------
IN: 
0x000090fc:  
OBJD-T: 66b820e80000cd15

----------------
IN: 
0x000090e8:  
OBJD-T: 9cfa8cd850b800688ec0b800008ed8b80002509d

----------------
IN: 
0x000090fc:  
OBJD-T: 66b820e80000cd15

----------------
IN: 
0x000090e8:  
OBJD-T: 9cfa8cd850b800688ec0b800008ed8b80002509d

----------------
IN: 
0x000090fc:  
OBJD-T: 66b820e80000cd15

----------------
IN: 
0x000090e8:  
OBJD-T: 9cfa8cd850b800688ec0b800008ed8b80002509d

----------------
IN: 
0x000090fc:  
OBJD-T: 66b820e80000cd15

----------------
IN: 
0x000090e8:  
OBJD-T: 9cfa8cd850b800688ec0b800008ed8b80002509d

----------------
IN: 
0x000090fc:  
OBJD-T: 66b820e80000cd15

----------------
IN: 
0x000090e8:  
OBJD-T: 9cfa8cd850b800688ec0b800008ed8b80002509d

----------------
IN: 
0x000090fc:  
OBJD-T: 66b820e80000cd15

----------------
IN: 
0x000090e8:  
OBJD-T: 9cfa8cd850b800688ec0b800008ed8b80002509d

----------------
IN: 
0x000090fc:  
OBJD-T: 66b820e80000cd15

----------------
IN: 
0x000090e8:  
OBJD-T: 9cfa8cd850b800688ec0b800008ed8b80002509d

----------------
IN: 
0x000090fc:  
OBJD-T: 66b820e80000cd15

----------------
IN: 
0x000090e8:  
OBJD-T: 9cfa8cd850b800688ec0b800008ed8b80002509d

----------------
IN: 
0x000090fc:  
OBJD-T: 66b820e80000cd15

----------------
IN: 
0x000090e8:  
OBJD-T: 9cfa8cd850b800688ec0b800008ed8b80002509d

----------------
IN: 
0x000090fc:  
OBJD-T: 66b820e80000cd15

----------------
IN: 
0x000090e8:  
OBJD-T: 9cfa8cd850b800688ec0b800008ed8b80002509d

----------------
IN: 
0x000090fc:  
OBJD-T: 66b820e80000cd15

----------------
IN: 
0x000090e8:  
OBJD-T: 9cfa8cd850b800688ec0b800008ed8b80002509d

----------------
IN: 
0x000090fc:  
OBJD-T: 66b820e80000cd15

----------------
IN: 
0x07ea0454:  
OBJD-T: 83c40c85c00f858d000000

----------------
IN: 
0x07ea045f:  
OBJD-T: 8b4510a37a09ea078b4514a37f09ea078b4518a38409ea078b451ca38909ea07
OBJD-T: 8b4520a38f09ea078b4508a35e09ea078b450ca36509ea078b4524a36c09ea07
OBJD-T: 8b4528a37309ea078b45f4e827140000

----------------
IN: 
0x07ea04af:  
OBJD-T: 89d9baf008ea07e8d2c116f8

----------------
IN: 
0x07ea04bb:  
OBJD-T: 8b45f4e817140000

----------------
IN: 
0x07ea04c3:  
OBJD-T: 89c283ec0c6a008d4df089f0e83e1a0000

----------------
IN: 
0x07ea1f12:  
OBJD-T: 5589e557565381ec5804000089c68995b0fbffff898dacfbffff8b5d08ff7010
OBJD-T: 68e225ea07689823ea07680006000068a223ea07e8b6b816f8

----------------
IN: 
0x07ea1f4b:  
OBJD-T: 8b461083c41489c1f7d96a016a018d95c8fbffff5250ff357026ea0731d289f0
OBJD-T: e87defffff

----------------
IN: 
0x07ea1f70:  
OBJD-T: 83c40c85c07516

----------------
IN: 
0x07ea1f8d:  
OBJD-T: 8b85ccfbffff8985bcfbffff8985d0fbffff85db7405

----------------
IN: 
0x07ea1fa8:  
OBJD-T: 83ec0cffb5bcfbffff68ff25ea07689823ea07680d06000068a223ea07e837b8
OBJD-T: 16f8

----------------
IN: 
0x07ea1fca:  
OBJD-T: 83c420b90404000031d28d85e4fbffffe8ada816f8

----------------
IN: 
0x07ea1fdf:  
OBJD-T: 8b3e31c9898dc0fbffff85ff743b

----------------
IN: 
0x07ea1fed:  
OBJD-T: 52ff7710ff770cff7704681726ea07

----------------
IN: 
0x07ea1ffc:  
OBJD-T: 689823ea07

----------------
IN: 
0x07ea2001:  
OBJD-T: 681a06000068a223ea07e8f1b716f8

----------------
IN: 
0x07ea2010:  
OBJD-T: ff85c0fbffff0fb64704ff8485e8fbffff8b3f83c420ebc1

----------------
IN: 
0x07ea1fe9:  
OBJD-T: 85ff743b

----------------
IN: 
0x07ea2028:  
OBJD-T: ba1c0000008b85c0fbffffe823bf16f8

----------------
IN: 
0x07ea2038:  
OBJD-T: 89c3ba1c0000008b85c0fbffffe811bf16f8

----------------
IN: 
0x07ea204a:  
OBJD-T: 8985c4fbffff85c0740a

----------------
IN: 
0x07ea2054:  
OBJD-T: 8d85e4fbffff85db751c

----------------
IN: 
0x07ea207a:  
OBJD-T: 8b1001500483c0048d7de439f875f1

----------------
IN: 
0x07ea2089:  
OBJD-T: 8b1685d27429

----------------
IN: 
0x07ea208f:  
OBJD-T: 0fb64a048b848de4fbffff8d700189b48de4fbffff6bc01c01d8b90700000089
OBJD-T: c789d6f3a5

----------------
IN: 
0x07ea20b2:  
OBJD-T: f3a5

----------------
IN: 
0x07ea20b4:  
OBJD-T: 8b12ebd3

----------------
IN: 
0x07ea208b:  
OBJD-T: 85d27429

----------------
IN: 
0x07ea20b8:  
OBJD-T: 6b85c0fbffff1c8985b8fbffffc785c0fbffff08000000b90404000031d28d85
OBJD-T: e4fbffffe8aba716f8

----------------
IN: 
0x07ea20e1:  
OBJD-T: 89da8b85b8fbffff01d88985b4fbffff89de8b85b4fbffff39c6741a

----------------
IN: 
0x07ea20fd:  
OBJD-T: 8b46048a8dc0fbffffd3e80fb6c0ff8485e8fbffff83c61cebdc

----------------
IN: 
0x07ea20f3:  
OBJD-T: 8b85b4fbffff39c6741a

----------------
IN: 
0x07ea2117:  
OBJD-T: 8d85e4fbffff8b0801480483c0048d7de439f875f1

----------------
IN: 
0x07ea211d:  
OBJD-T: 8b0801480483c0048d7de439f875f1

----------------
IN: 
0x07ea212c:  
OBJD-T: 8b85b4fbffff39c2743a

----------------
IN: 
0x07ea2136:  
OBJD-T: 8b42048a8dc0fbffffd3e80fb6c88b848de4fbffff8d700189b48de4fbffff6b
OBJD-T: c01c8bbdc4fbffff01f8b90700000089c789d6f3a5

----------------
IN: 
0x07ea2169:  
OBJD-T: f3a5

----------------
IN: 
0x07ea216b:  
OBJD-T: 83c21cebbc

----------------
IN: 
0x07ea2170:  
OBJD-T: 8385c0fbffff0889d883bdc0fbffff207411

----------------
IN: 
0x07ea2182:  
OBJD-T: 8b9dc4fbffff8985c4fbffffe93cffffff

----------------
IN: 
0x07ea20cf:  
OBJD-T: b90404000031d28d85e4fbffffe8aba716f8

----------------
IN: 
0x07ea2193:  
OBJD-T: e832be16f8

----------------
IN: 
0x07ea2198:  
OBJD-T: 8b9dc4fbffff8bb5b8fbffff01de8bbdbcfbffff39f3746d

----------------
IN: 
0x07ea21b0:  
OBJD-T: 50ff7310ff730cff7304682c26ea07689823ea07684606000068a223ea07e82e
OBJD-T: b616f8

----------------
IN: 
0x07ea21d3:  
OBJD-T: 8b4b0c83c420394b047319

----------------
IN: 
0x07ea21f7:  
OBJD-T: 8b4b0c3b4b047319

----------------
IN: 
0x07ea2218:  
OBJD-T: 83c31ceb8f

----------------
IN: 
0x07ea21ac:  
OBJD-T: 39f3746d

----------------
IN: 
0x07ea21ff:  
OBJD-T: 8b530883ec0cff731089f8e847e9ffff

----------------
IN: 
0x07ea0b56:  
OBJD-T: 5589e583ec08890de10aea078915e80aea078b55088915ef0aea07b9f60aea07
OBJD-T: 81e9e00aea07bae00aea07e807bb16f8

----------------
IN: 
0x07ea0b86:  
OBJD-T: c9c20400

----------------
IN: 
0x07ea220f:  
OBJD-T: 033d8826ea0783c40c83c31ceb8f

----------------
IN: 
0x07ea221d:  
OBJD-T: 8b95b0fbffff89f8e8ebe8ffff

----------------
IN: 
0x07ea0b15:  
OBJD-T: c600b889500166c74005ffe0c3

----------------
IN: 
0x07ea222a:  
OBJD-T: 8b85acfbffff8bbdbcfbffff89388b85c4fbffffe887bd16f8

----------------
IN: 
0x07ea2243:  
OBJD-T: 31c08d65f45b5e5f5dc20400

----------------
IN: 
0x07ea04d4:  
OBJD-T: 83c40c85c07511

----------------
IN: 
0x07ea04db:  
OBJD-T: 8945e4faff55f0

----------------
IN: 
0x00102201:  
OBJD-T: b80000010089c7b8e480f90789c6b97c090000fcf3a4

----------------
IN: 
0x00102215:  
OBJD-T: f3a4

----------------
IN: 
0x00102217:  
OBJD-T: b80010000089c7b810a5fd0789c6b9d0000000fcf3a4

----------------
IN: 
0x0010222b:  
OBJD-T: f3a4

----------------
IN: 
0x0010222d:  
OBJD-T: b800100000ffe0

----------------
IN: 
0x00001000:  
OBJD-T: 89c60509000000ffe0

----------------
IN: 
0x00001009:  
OBJD-T: 8d86480000008986400000008d86b00000008986320000000f019630000000ff
OBJD-T: ae40000000

----------------
IN: 
0x00001048:  
OBJD-T: b8180000008ed8

----------------
IN: 
0x0000104f:  
OBJD-T: 8ec0

----------------
IN: 
0x00001051:  
OBJD-T: 8ee08ee88ed0

----------------
IN: 
0x00001057:  
OBJD-T: 0f20c0

----------------
IN: 
0x0000105a:  
OBJD-T: 25ffffff7f0f22c0

----------------
IN: 
0x00001062:  
OBJD-T: 0f20e0

----------------
IN: 
0x00001065:  
OBJD-T: 83e0df0f22e0

----------------
IN: 
0x0000106b:  
OBJD-T: eb00

----------------
IN: 
0x0000106d:  
OBJD-T: b800ff070089c4b80000000089c5b80000000089c6b80000000089c7b802b0ad
OBJD-T: 2bbb00000100b900000000ba00000000fcea0c0010001000

----------------
IN: 
0x0010000c:  
OBJD-T: 53b8004010c02d000000c00f22d8

----------------
IN: 
0x0010001a:  
OBJD-T: 0f20e0

----------------
IN: 
0x0010001d:  
OBJD-T: 83c8100f22e0

----------------
IN: 
0x00100023:  
OBJD-T: 0f20c0

----------------
IN: 
0x00100026:  
OBJD-T: 0d000000800f22c0

----------------
IN: 
0x0010002e:  
OBJD-T: 8d05360010c0ffe0

----------------
IN: 
0xc0100036:  
OBJD-T: 5b53e8c7000000

----------------
IN: 
0xc0100104:  
OBJD-T: 5589e55383ec24e81a200000

----------------
IN: 
0xc010212a:  
OBJD-T: 8b1c24c3

----------------
IN: 
0xc0100110:  
OBJD-T: 81c34c4f0000e89f090000

----------------
IN: 
0xc0100aba:  
OBJD-T: 5589e55383ec04e864160000

----------------
IN: 
0xc0100ac6:  
OBJD-T: 81c39645000066c783c00f000017008d83a80f00008983c20f00006a006a006a
OBJD-T: 006a006a00e822ffffff

----------------
IN: 
0xc0100a12:  
OBJD-T: 5589e583ec08e809170000

----------------
IN: 
0xc0102126:  
OBJD-T: 8b0424c3

----------------
IN: 
0xc0100a1d:  
OBJD-T: 053f4600008b4d148b5518884dfc8855f88b550c89d18b550866898cd0aa0f00
OBJD-T: 008b550cc1ea1089d18b5508888cd0ac0f00008b550cc1ea1889d18b5508888c
OBJD-T: d0af0f00008b551089d18b550866898cd0a80f00008b5510c1ea1089d183e10f
OBJD-T: 8b5508888cd0ae0f00008b55080fb694d0ae0f000089d10fb655f883e2f009ca
OBJD-T: 89d18b5508888cd0ae0f00008b55080fb64dfc888cd0ad0f000090c9c3

----------------
IN: 
0xc0100af0:  
OBJD-T: 83c41468cf000000689a0000006aff6a006a01e80affffff

----------------
IN: 
0xc0100b08:  
OBJD-T: 83c41468cf00000068920000006aff6a006a02e8f2feffff

----------------
IN: 
0xc0100b20:  
OBJD-T: 83c4148d83c00f000083ec0c50e80e000000

----------------
IN: 
0xc0100b40:  
OBJD-T: 8b4424040f011066b810008ed8

----------------
IN: 
0xc0100b4d:  
OBJD-T: 8ec0

----------------
IN: 
0xc0100b4f:  
OBJD-T: 8ee08ee88ed0

----------------
IN: 
0xc0100b55:  
OBJD-T: ea5c0b10c00800

----------------
IN: 
0xc0100b5c:  
OBJD-T: c3

----------------
IN: 
0xc0100b32:  
OBJD-T: 83c410908b5dfcc9c3

----------------
IN: 
0xc010011b:  
OBJD-T: e888060000

----------------
IN: 
0xc01007a8:  
OBJD-T: 5589e55383ec14e876190000

----------------
IN: 
0xc01007b4:  
OBJD-T: 81c3a8480000c745f400000000eb16

----------------
IN: 
0xc01007d9:  
OBJD-T: 817df4cf0700007ee1

----------------
IN: 
0xc01007c3:  
OBJD-T: 8b45f46a006a0f6a2050e823fdffff

----------------
IN: 
0xc01004f5:  
OBJD-T: 5589e55383ec0ce8251c0000

----------------
IN: 
0xc0100501:  
OBJD-T: 055b4b00008b5d0c8b4d108b5514885df8884df48855f08b90a4ffffff8b4d08
OBJD-T: 01c901d10fb655f888110fb655f489d3c1e3040fb655f089d183e10f8b80a4ff
OBJD-T: ffff8b550801d283c20101d009cb89da8810908b5dfcc9c3

----------------
IN: 
0xc0100529:  
OBJD-T: 8811

----------------
IN: 
0xc010052b:  
OBJD-T: 0fb655f489d3c1e3040fb655f089d183e10f8b80a4ffffff8b550801d283c201
OBJD-T: 01d009cb89da8810908b5dfcc9c3

----------------
IN: 
0xc0100551:  
OBJD-T: 8810

----------------
IN: 
0xc0100553:  
OBJD-T: 908b5dfcc9c3

----------------
IN: 
0xc01007d2:  
OBJD-T: 83c4108345f401817df4cf0700007ee1

----------------
IN: 
0xc01007e2:  
OBJD-T: 66c783a40f0000000083ec0c6a00e864fdffff

----------------
IN: 
0xc0100559:  
OBJD-T: 5589e55383ec14e8c51b0000

----------------
IN: 
0xc0100565:  
OBJD-T: 81c3f74a00008b4508668945f483ec086a0e68d4030000e87f040000

----------------
IN: 
0xc0100a00:  
OBJD-T: 8a442408668b542404ee

----------------
IN: 
0xc0100a0a:  
OBJD-T: c3

----------------
IN: 
0xc0100581:  
OBJD-T: 83c4100fb745f466c1e8080fb6c083ec085068d5030000e863040000

----------------
IN: 
0xc010059d:  
OBJD-T: 83c41083ec086a0f68d4030000e851040000

----------------
IN: 
0xc01005af:  
OBJD-T: 83c4100fb745f40fb6c083ec085068d5030000e839040000

----------------
IN: 
0xc01005c7:  
OBJD-T: 83c410908b5dfcc9c3

----------------
IN: 
0xc01007f5:  
OBJD-T: 83c410908b5dfcc9c3

----------------
IN: 
0xc0100120:  
OBJD-T: 83ec0c68f8030000e880070000

----------------
IN: 
0xc01008ad:  
OBJD-T: 5589e55383ec14e871180000

----------------
IN: 
0xc01008b9:  
OBJD-T: 81c3a34700008b4508668945f40fb745f483c0030fb7c083ec08688000000050
OBJD-T: e822010000

----------------
IN: 
0xc01008de:  
OBJD-T: 83c4100fb745f483ec086a0050e810010000

----------------
IN: 
0xc01008f0:  
OBJD-T: 83c4100fb745f483ec086a0250e8fe000000

----------------
IN: 
0xc0100902:  
OBJD-T: 83c4100fb745f483c0030fb7c083ec086a0350e8e6000000

----------------
IN: 
0xc010091a:  
OBJD-T: 83c4100fb745f483c0020fb7c083ec0868c700000050e8cb000000

----------------
IN: 
0xc0100935:  
OBJD-T: 83c4100fb745f483c0040fb7c083ec086a0350e8b3000000

----------------
IN: 
0xc010094d:  
OBJD-T: 83c410908b5dfcc9c3

----------------
IN: 
0xc010012d:  
OBJD-T: 83c41083ec086a128d83a4dfffff50e89b050000

----------------
IN: 
0xc01006dc:  
OBJD-T: 5589e55383ec14e8421a0000

----------------
IN: 
0xc01006e8:  
OBJD-T: 81c374490000c745f400000000e99a000000

----------------
IN: 
0xc0100794:  
OBJD-T: 8b45f43b450c0f825affffff

----------------
IN: 
0xc01006fa:  
OBJD-T: 8b55088b45f401d00fb6008845f3807df30a752d

----------------
IN: 
0xc010073b:  
OBJD-T: 0fbe55f30fb783a40f00000fb7c06a006a0f5250e8a1fdffff

----------------
IN: 
0xc0100754:  
OBJD-T: 83c4100fb783a40f000083c001668983a40f00000fb783a40f0000663dcf0776
OBJD-T: 05

----------------
IN: 
0xc010077a:  
OBJD-T: 0fb783a40f00000fb7c083ec0c50e8ccfdffff

----------------
IN: 
0xc010078d:  
OBJD-T: 83c4108345f4018b45f43b450c0f825affffff

----------------
IN: 
0xc010070e:  
OBJD-T: 0fb783a40f00000fb7c069c0cdcc0000c1e81066c1e8068d500189d0c1e00201
OBJD-T: d0c1e004668983a40f0000eb2d

----------------
IN: 
0xc0100768:  
OBJD-T: 0fb783a40f0000663dcf077605

----------------
IN: 
0xc01007a0:  
OBJD-T: 8b450c8b5dfcc9c3

----------------
IN: 
0xc0100141:  
OBJD-T: 83c41083ec086a258d83b8dfffff50e887050000

----------------
IN: 
0xc0100155:  
OBJD-T: 83c41083ec0c6880969800e8dbfeffff

----------------
IN: 
0xc0100040:  
OBJD-T: 5589e583ec10e8db200000

----------------
IN: 
0xc010004b:  
OBJD-T: 0511500000c745fc00000000eb09

----------------
IN: 
0xc0100062:  
OBJD-T: 8b45fc3b450872ef

----------------
IN: 
0xc0100059:  
OBJD-T: 8b45fc83c0018945fc8b45fc3b450872ef

----------------
IN: 
0xc010006a:  
OBJD-T: 9090c9c3

----------------
IN: 
0xc0100165:  
OBJD-T: 83c41083ec086a1e8d83e0dfffff50e863050000

----------------
IN: 
0xc0100179:  
OBJD-T: 83c41083ec0c6880969800e8b7feffff

----------------
IN: 
0xc0100189:  
OBJD-T: 83c41083ec046a188d83ffdfffff5068f8030000e8ef070000

----------------
IN: 
0xc0100991:  
OBJD-T: 5589e55383ec24e88d170000

----------------
IN: 
0xc010099d:  
OBJD-T: 81c3bf4600008b4508668945e4c745f400000000eb38

----------------
IN: 
0xc01009eb:  
OBJD-T: 8b45f43b451072c0

----------------
IN: 
0xc01009b3:  
OBJD-T: 900fb745e483ec0c50e895ffffff

----------------
IN: 
0xc0100956:  
OBJD-T: 5589e55383ec14e8c4170000

----------------
IN: 
0xc0100962:  
OBJD-T: 05fa4600008b5508668955f40fb755f483c2050fb7d283ec0c5289c3e8880000
OBJD-T: 00

----------------
IN: 
0xc0100a0b:  
OBJD-T: 668b542404ec

----------------
IN: 
0xc0100a11:  
OBJD-T: c3

----------------
IN: 
0xc0100983:  
OBJD-T: 83c4100fb6c083e0208b5dfcc9c3

----------------
IN: 
0xc01009c1:  
OBJD-T: 83c41085c074ec

----------------
IN: 
0xc01009c8:  
OBJD-T: 8b550c8b45f401d00fb6000fb6d00fb745e483ec085250e81c000000

----------------
IN: 
0xc01009e4:  
OBJD-T: 83c4108345f4018b45f43b451072c0

----------------
IN: 
0xc01009f3:  
OBJD-T: 8b45108b5dfcc9c3

----------------
IN: 
0xc01001a2:  
OBJD-T: 83c41083ec046a228d8318e0ffff5068f8030000e8d6070000

----------------
IN: 
0xc01001bb:  
OBJD-T: 83c41083ec086a158d833ae0ffff50e80d050000

----------------
IN: 
0xc01001cf:  
OBJD-T: 83c410e8f1090000

----------------
IN: 
0xc0100bc8:  
OBJD-T: 5589e55383ec14e856150000

----------------
IN: 
0xc0100bd4:  
OBJD-T: 81c38844000066c783e4170000ff078d83e40f00008983e6170000c745f40000
OBJD-T: 0000eb23

----------------
IN: 
0xc0100c1b:  
OBJD-T: 817df4ff0000007ed4

----------------
IN: 
0xc0100bf8:  
OBJD-T: c7c0651910c08b55f48b0490688e0000006a0850ff75f4e849ffffff

----------------
IN: 
0xc0100b5d:  
OBJD-T: 5589e583ec08e8be150000

----------------
IN: 
0xc0100b68:  
OBJD-T: 05f44400008b4d108b551466894dfc8855f88b550c89d18b550866898cd0e40f
OBJD-T: 00008b550cc1ea1089d18b550866898cd0ea0f00008b55080fb74dfc66898cd0
OBJD-T: e60f00008b5508c684d0e80f0000008b55080fb64df8888cd0e90f000090c9c3

----------------
IN: 
0xc0100c14:  
OBJD-T: 83c4108345f401817df4ff0000007ed4

----------------
IN: 
0xc0100c24:  
OBJD-T: 8d83e417000083ec0c50e82a0d0000

----------------
IN: 
0xc010195d:  
OBJD-T: 8b4424040f0118c3

----------------
IN: 
0xc0100c33:  
OBJD-T: 83c410908b5dfcc9c3

----------------
IN: 
0xc01001d7:  
OBJD-T: 83ec086a148d8350e0ffff50e8f4040000

----------------
IN: 
0xc01001e8:  
OBJD-T: 83c410e8eb0b0000

----------------
IN: 
0xc0100ddb:  
OBJD-T: 5589e55383ec04e843130000

----------------
IN: 
0xc0100de7:  
OBJD-T: 81c37542000083ec086a116a20e807fcffff

----------------
IN: 
0xc0100df9:  
OBJD-T: 83c41083ec086a1168a0000000e8f5fbffff

----------------
IN: 
0xc0100e0b:  
OBJD-T: 83c41083ec086a206a21e8e6fbffff

----------------
IN: 
0xc0100e1a:  
OBJD-T: 83c41083ec086a2868a1000000e8d4fbffff

----------------
IN: 
0xc0100e2c:  
OBJD-T: 83c41083ec086a046a21e8c5fbffff

----------------
IN: 
0xc0100e3b:  
OBJD-T: 83c41083ec086a0268a1000000e8b3fbffff

----------------
IN: 
0xc0100e4d:  
OBJD-T: 83c41083ec086a016a21e8a4fbffff

----------------
IN: 
0xc0100e5c:  
OBJD-T: 83c41083ec086a0168a1000000e892fbffff

----------------
IN: 
0xc0100e6e:  
OBJD-T: 83c41083ec0868fc0000006a21e880fbffff

----------------
IN: 
0xc0100e80:  
OBJD-T: 83c41083ec0868ff00000068a1000000e86bfbffff

----------------
IN: 
0xc0100e95:  
OBJD-T: 83c410908b5dfcc9c3

----------------
IN: 
0xc01001f0:  
OBJD-T: 83ec086a1c8d8365e0ffff50e8db040000

----------------
IN: 
0xc0100201:  
OBJD-T: 83c410fb

----------------
IN: 
0xc0100205:  
OBJD-T: 83ec08

----------------
IN: 
0xc0100208:  
OBJD-T: 6a348d8384e0ffff50e8c6040000

----------------
IN: 
0xc0100216:  
OBJD-T: 83c41083ec086a298d83bce0ffff50e8b2040000

----------------
IN: 
0xc010022a:  
OBJD-T: 83c4108b45088945f48b45f48b0083e00885c00f84e9000000

----------------
IN: 
0xc0100243:  
OBJD-T: 83ec086a1e8d83e8e0ffff50e888040000

----------------
IN: 
0xc0100254:  
OBJD-T: 83c4108b45f48b401485c00f84b1000000

----------------
IN: 
0xc0100265:  
OBJD-T: 83ec086a138d8308e1ffff50e866040000

----------------
IN: 
0xc0100276:  
OBJD-T: 83c4108b45f48b401483c0308845dac645db0a83ec086a028d45da50e8450400
OBJD-T: 00

----------------
IN: 
0xc0100297:  
OBJD-T: 83c4108b45f48b40188945f08b45f08b008945ec83ec086a148d831de1ffff50
OBJD-T: e820040000

----------------
IN: 
0xc01002bc:  
OBJD-T: 83c41083ec0cff75ece8a4fdffff

----------------
IN: 
0xc010006e:  
OBJD-T: 5589e55383ec34e8ac200000

----------------
IN: 
0xc010007a:  
OBJD-T: 05e24f0000c745e230313233c745e634353637c745ea38394142c745ee434445
OBJD-T: 46c645f200c645d730c645d878c645e100c745f400000000eb31

----------------
IN: 
0xc01000e5:  
OBJD-T: 837df4077ec9

----------------
IN: 
0xc01000b4:  
OBJD-T: ba070000002b55f4c1e2028b5d0889d1d3eb89da83e20f8855f30fb655f38b4d
OBJD-T: f483c1020fb65415e288540dd78345f401837df4077ec9

----------------
IN: 
0xc01000eb:  
OBJD-T: 83ec086a0a8d55d75289c3e8e1050000

----------------
IN: 
0xc01000fb:  
OBJD-T: 83c410908b5dfcc9c3

----------------
IN: 
0xc01002ca:  
OBJD-T: 83c41083ec086a018d8332e1ffff50e8fe030000

----------------
IN: 
0xc01002de:  
OBJD-T: 83c41083ec086a158d8334e1ffff50e8ea030000

----------------
IN: 
0xc01002f2:  
OBJD-T: 83c4108b45ec8945e88b45e8ffd0

----------------
IN: 
0x0012a000:  
OBJD-T: b8efbeaddec3

----------------
IN: 
0xc0100300:  
OBJD-T: 83ec086a168d834ae1ffff50e8cb030000

----------------
IN: 
0xc0100311:  
OBJD-T: 83c410eb3e

----------------
IN: 
0xc0100354:  
OBJD-T: 83ec086a258d83c4e1ffff50e877030000

----------------
IN: 
0xc0100365:  
OBJD-T: 83c41083ec086a138d83eee1ffff50e863030000

----------------
IN: 
0xc0100379:  
OBJD-T: 83c4108d83a8b0ffff83ec0c50e8e3fcffff

----------------
IN: 
0xc010038b:  
OBJD-T: 83c41083ec086a018d8332e1ffff50e83d030000

----------------
IN: 
0xc010039f:  
OBJD-T: 83c4100f20d8

----------------
IN: 
0xc01003a5:  
OBJD-T: 8945e483ec086a1d8d8303e2ffff50e823030000

----------------
IN: 
0xc01003b9:  
OBJD-T: 83c41083ec0cff75e4e8a7fcffff

----------------
IN: 
0xc01003c7:  
OBJD-T: 83c41083ec086a018d8332e1ffff50e801030000

----------------
IN: 
0xc01003db:  
OBJD-T: 83c41083ec086a238d8324e2ffff50e8ed020000

----------------
IN: 
0xc01003ef:  
OBJD-T: 83c41083ec046a228d8348e2ffff5068f8030000e889050000

----------------
IN: 
0xc0100408:  
OBJD-T: 83c4108b45f48945e0c7c06868120089c2c7c00000100083ec045250ff75e0e8
OBJD-T: b91a0000

----------------
IN: 
0xc0101ee5:  
OBJD-T: 5589e55383ec24e839020000

----------------
IN: 
0xc0101ef1:  
OBJD-T: 81c36b310000c745f400000000eb12

----------------
IN: 
0xc0101f12:  
OBJD-T: 817df4ffff010076e5

----------------
IN: 
0xc0101f00:  
OBJD-T: 8d93041800008b45f401d0c600ff8345f401817df4ffff010076e5

----------------
IN: 
0xc0101f1b:  
OBJD-T: c7830418020000000000c78308180200000000008b45088b0083e04085c07519

----------------
IN: 
0xc0101f54:  
OBJD-T: 8b45088b40302d000000408945f08b45088b50308b45088b402c01d02d000000
OBJD-T: 408945eceb66

----------------
IN: 
0xc0101fe0:  
OBJD-T: 8b45f03b45ec7292

----------------
IN: 
0xc0101f7a:  
OBJD-T: 8b45f08b401483f801754b

----------------
IN: 
0xc0101f85:  
OBJD-T: 8b45f08b50088b40048945e88b45f08b50108b400c8945e483ec08ff75e4ff75
OBJD-T: e8e86bfeffff

----------------
IN: 
0xc0101e16:  
OBJD-T: 5589e55383ec10e808030000

----------------
IN: 
0xc0101e22:  
OBJD-T: 81c33a3200008b4508c1e80c8945f48b450cc1e80c8945f0c745f800000000eb
OBJD-T: 24

----------------
IN: 
0xc0101e67:  
OBJD-T: 8b45f83b45f072d4

----------------
IN: 
0xc0101e43:  
OBJD-T: 8b55f48b45f801d050e850ffffff

----------------
IN: 
0xc0101da1:  
OBJD-T: 5589e55653e87b030000

----------------
IN: 
0xc0101dab:  
OBJD-T: 05b13200008b5508c1ea030fb68c100418000089ce8b4d0883e107bb01000000
OBJD-T: d3e389d9f7d121f1888c1004180000905b5e5dc3

----------------
IN: 
0xc0101e51:  
OBJD-T: 83c4048b830418020083c0018983041802008345f8018b45f83b45f072d4

----------------
IN: 
0xc0101e6f:  
OBJD-T: 90908b5dfcc9c3

----------------
IN: 
0xc0101fab:  
OBJD-T: 83c4108b55e88b45e401d0c1e80c8945e08b83081802003b45e07309

----------------
IN: 
0xc0101fc7:  
OBJD-T: 8b45e08983081802008b45f08b108b45f001d083c0048945f08b45f03b45ec72
OBJD-T: 92

----------------
IN: 
0xc0101fd0:  
OBJD-T: 8b45f08b108b45f001d083c0048945f08b45f03b45ec7292

----------------
IN: 
0xc0101fe8:  
OBJD-T: 83ec0868000010006a00e87ffeffff

----------------
IN: 
0xc0101e76:  
OBJD-T: 5589e55383ec10e8a8020000

----------------
IN: 
0xc0101e82:  
OBJD-T: 81c3da3100008b4508c1e80c8945f48b450c05ff0f0000c1e80c8945f0c745f8
OBJD-T: 00000000eb2e

----------------
IN: 
0xc0101ed6:  
OBJD-T: 8b45f83b45f072ca

----------------
IN: 
0xc0101ea8:  
OBJD-T: 8b55f48b45f801d050e8affeffff

----------------
IN: 
0xc0101d65:  
OBJD-T: 5589e55653e8b7030000

----------------
IN: 
0xc0101d6f:  
OBJD-T: 05ed3200008b5508c1ea030fb68c100418000089ce8b4d0883e107bb01000000
OBJD-T: d3e389d909f1888c1004180000905b5e5dc3

----------------
IN: 
0xc0101eb6:  
OBJD-T: 83c4048b830418020085c0740f

----------------
IN: 
0xc0101ec3:  
OBJD-T: 8b830418020083e8018983041802008345f8018b45f83b45f072ca

----------------
IN: 
0xc0101ede:  
OBJD-T: 90908b5dfcc9c3

----------------
IN: 
0xc0101ff7:  
OBJD-T: 83c4108b45102b450c

----------------
IN: 
0xc0102000:  
OBJD-T: 83ec0850ff750ce86afeffff

----------------
IN: 
0xc010200c:  
OBJD-T: 83c4108b5dfcc9c3

----------------
IN: 
0xc010042c:  
OBJD-T: 83c41083ec086a1e8d836ce2ffff50e89c020000

----------------
IN: 
0xc0100440:  
OBJD-T: 83c410e8cc1b0000

----------------
IN: 
0xc0102014:  
OBJD-T: 5589e55383ec10e80a010000

----------------
IN: 
0xc0102020:  
OBJD-T: 81c33c300000c745f800000000eb35

----------------
IN: 
0xc0102064:  
OBJD-T: 8b83081802003945f872c0

----------------
IN: 
0xc010202f:  
OBJD-T: ff75f8e8a8fdffff

----------------
IN: 
0xc0101ddf:  
OBJD-T: 5589e553e83e030000

----------------
IN: 
0xc0101de8:  
OBJD-T: 05743200008b5508c1ea030fb68410041800000fb6c08b550883e207bb010000
OBJD-T: 0089d1d3e389da21d08b5dfcc9c3

----------------
IN: 
0xc0102037:  
OBJD-T: 83c40485c07522

----------------
IN: 
0xc0102060:  
OBJD-T: 8345f8018b83081802003945f872c0

----------------
IN: 
0xc010203e:  
OBJD-T: ff75f8e81ffdffff

----------------
IN: 
0xc0102046:  
OBJD-T: 83c4048b830418020083e8018983041802008b45f8c1e00ceb14

----------------
IN: 
0xc0102074:  
OBJD-T: 8b5dfcc9c3

----------------
IN: 
0xc0100448:  
OBJD-T: 8945dc837ddc007474

----------------
IN: 
0xc0100451:  
OBJD-T: 83ec086a198d838be2ffff50e87a020000

----------------
IN: 
0xc0100462:  
OBJD-T: 83c4108b45dc83ec0c50e8fdfbffff

----------------
IN: 
0xc0100471:  
OBJD-T: 83c41083ec086a018d8332e1ffff50e857020000

----------------
IN: 
0xc0100485:  
OBJD-T: 83c41083ec046a1c8d83a5e2ffff5068f8030000e8f3040000

----------------
IN: 
0xc010049e:  
OBJD-T: 83c41083ec0cff75dce84d1c0000

----------------
IN: 
0xc01020f9:  
OBJD-T: 5589e55383ec04e821000000

----------------
IN: 
0xc0102105:  
OBJD-T: 05572f0000837d08007410

----------------
IN: 
0xc0102110:  
OBJD-T: 83ec0cff750889c3e85cffffff

----------------
IN: 
0xc0102079:  
OBJD-T: 5589e55383ec10e8a5000000

----------------
IN: 
0xc0102085:  
OBJD-T: 81c3d72f00008b45088945f88b45f8c1e80c8945f4ff75f4e83dfdffff

----------------
IN: 
0xc01020a2:  
OBJD-T: 83c40485c0741a

----------------
IN: 
0xc01020a9:  
OBJD-T: ff75f4e8f0fcffff

----------------
IN: 
0xc01020b1:  
OBJD-T: 83c4048b830418020083c001898304180200908b5dfcc9c3

----------------
IN: 
0xc010211d:  
OBJD-T: 83c410908b5dfcc9c3

----------------
IN: 
0xc01004ac:  
OBJD-T: 83c41083ec086a1d8d83c2e2ffff50e81c020000

----------------
IN: 
0xc01004c0:  
OBJD-T: 83c410eb2d

----------------
IN: 
0xc01004f2:  
OBJD-T: f4

----------------
IN: 
0xc0101012:  
OBJD-T: 6a006a20e92a090000

----------------
IN: 
0xc0101945:  
OBJD-T: 60ff7424208d4424245054e828f3ffff

----------------
IN: 
0xc0100c7d:  
OBJD-T: 5589e55383ec14e8a1140000

----------------
IN: 
0xc0100c89:  
OBJD-T: 81c3d3430000837d101f7765

----------------
IN: 
0xc0100cfa:  
OBJD-T: 837d101f0f86d1000000

----------------
IN: 
0xc0100d04:  
OBJD-T: 837d102f0f87c7000000

----------------
IN: 
0xc0100d0e:  
OBJD-T: 837d10210f8599000000

----------------
IN: 
0xc0100db1:  
OBJD-T: 837d10207510

----------------
IN: 
0xc0100db7:  
OBJD-T: 83ec0cff7510e8dc000000

----------------
IN: 
0xc0100e9e:  
OBJD-T: 5589e55383ec04e880120000

----------------
IN: 
0xc0100eaa:  
OBJD-T: 81c3b2410000837d081f7640

----------------
IN: 
0xc0100eb6:  
OBJD-T: 837d082f773a

----------------
IN: 
0xc0100ebc:  
OBJD-T: 837d08277711

----------------
IN: 
0xc0100ec2:  
OBJD-T: 83ec086a206a20e832fbffff

----------------
IN: 
0xc0100ece:  
OBJD-T: 83c410eb24

----------------
IN: 
0xc0100ef7:  
OBJD-T: 8b5dfcc9c3

----------------
IN: 
0xc0100dc2:  
OBJD-T: 83c410eb0e

----------------
IN: 
0xc0100dd5:  
OBJD-T: 908b5dfcc9c3

----------------
IN: 
0xc0101955:  
OBJD-T: 83c40c6183c408cf

----------------
IN: 
0xc01004f3:  
OBJD-T: ebfd

